C1448,test_category_labeling_highlight_upitt,123,3701,0,Other,"{""Other Type"": {""endIndexInSegment"": 30, ""startIndexInSegment"": 9, ""selectedText"": ""Web Privacy Statement"", ""value"": ""Introductory/Generic""}}",Not specified,http://www.austincc.edu/web-privacy-statement
4569,test_category_labeling_highlight_upitt,95,3701,1,Other,"{""Other Type"": {""endIndexInSegment"": 92, ""startIndexInSegment"": 0, ""selectedText"": ""Austin Community College (ACC) is committed to ensuring the privacy of personal information."", ""value"": ""Introductory/Generic""}}",Not specified,http://www.austincc.edu/web-privacy-statement
4570,test_category_labeling_highlight_upitt,95,3701,1,Third Party Sharing/Collection,"{""Third Party Entity"": {""endIndexInSegment"": -1, ""startIndexInSegment"": -1, ""value"": ""Unspecified""}, ""Choice Scope"": {""endIndexInSegment"": -1, ""startIndexInSegment"": -1, ""value"": ""Unspecified""}, ""Purpose"": {""endIndexInSegment"": -1, ""startIndexInSegment"": -1, ""value"": ""Unspecified""}, ""Personal Information Type"": {""endIndexInSegment"": 138, ""startIndexInSegment"": 118, ""selectedText"": ""personal information"", ""value"": ""Unspecified""}, ""Choice Type"": {""endIndexInSegment"": -1, ""startIndexInSegment"": -1, ""value"": ""Unspecified""}, ""Identifiability"": {""endIndexInSegment"": 138, ""startIndexInSegment"": 118, ""selectedText"": ""personal information"", ""value"": ""Unspecified""}, ""Does/Does Not"": {""endIndexInSegment"": 102, ""startIndexInSegment"": 93, ""selectedText"": ""We do not"", ""value"": ""Does Not""}, ""User Type"": {""endIndexInSegment"": -1, ""startIndexInSegment"": -1, ""value"": ""Unspecified""}, ""Action Third Party"": {""endIndexInSegment"": 117, ""startIndexInSegment"": 103, ""selectedText"": ""actively share"", ""value"": ""Receive/Shared with""}}",Not specified,http://www.austincc.edu/web-privacy-statement
4571,test_category_labeling_highlight_upitt,95,3701,1,Third Party Sharing/Collection,"{""Third Party Entity"": {""endIndexInSegment"": 535, ""startIndexInSegment"": 496, ""selectedText"": ""Open Records law to release information"", ""value"": ""Public""}, ""Choice Scope"": {""endIndexInSegment"": -1, ""startIndexInSegment"": -1, ""value"": ""Unspecified""}, ""Purpose"": {""endIndexInSegment"": 512, ""startIndexInSegment"": 496, ""selectedText"": ""Open Records law"", ""value"": ""Legal requirement""}, ""Personal Information Type"": {""endIndexInSegment"": 306, ""startIndexInSegment"": 276, ""selectedText"": ""summary server log information"", ""value"": ""Computer information""}, ""Choice Type"": {""endIndexInSegment"": -1, ""startIndexInSegment"": -1, ""value"": ""Unspecified""}, ""Identifiability"": {""endIndexInSegment"": 362, ""startIndexInSegment"": 266, ""selectedText"": ""including summary server log information, emails, and information collected from Web-based forms"", ""value"": ""Unspecified""}, ""Does/Does Not"": {""endIndexInSegment"": 523, ""startIndexInSegment"": 473, ""selectedText"": ""we may be compelled by Open Records law to release"", ""value"": ""Does""}, ""User Type"": {""endIndexInSegment"": -1, ""startIndexInSegment"": -1, ""value"": ""Unspecified""}, ""Action Third Party"": {""endIndexInSegment"": 523, ""startIndexInSegment"": 516, ""selectedText"": ""release"", ""value"": ""Receive/Shared with""}}",Not specified,http://www.austincc.edu/web-privacy-statement
4572,test_category_labeling_highlight_upitt,95,3701,1,Third Party Sharing/Collection,"{""Third Party Entity"": {""endIndexInSegment"": 535, ""startIndexInSegment"": 496, ""selectedText"": ""Open Records law to release information"", ""value"": ""Public""}, ""Choice Scope"": {""endIndexInSegment"": -1, ""startIndexInSegment"": -1, ""value"": ""Unspecified""}, ""Purpose"": {""endIndexInSegment"": 512, ""startIndexInSegment"": 496, ""selectedText"": ""Open Records law"", ""value"": ""Legal requirement""}, ""Personal Information Type"": {""endIndexInSegment"": 314, ""startIndexInSegment"": 308, ""selectedText"": ""emails"", ""value"": ""Contact""}, ""Choice Type"": {""endIndexInSegment"": -1, ""startIndexInSegment"": -1, ""value"": ""Unspecified""}, ""Identifiability"": {""endIndexInSegment"": 362, ""startIndexInSegment"": 266, ""selectedText"": ""including summary server log information, emails, and information collected from Web-based forms"", ""value"": ""Unspecified""}, ""Does/Does Not"": {""endIndexInSegment"": 523, ""startIndexInSegment"": 473, ""selectedText"": ""we may be compelled by Open Records law to release"", ""value"": ""Does""}, ""User Type"": {""endIndexInSegment"": -1, ""startIndexInSegment"": -1, ""value"": ""Unspecified""}, ""Action Third Party"": {""endIndexInSegment"": 523, ""startIndexInSegment"": 516, ""selectedText"": ""release"", ""value"": ""Receive/Shared with""}}",Not specified,http://www.austincc.edu/web-privacy-statement
4573,test_category_labeling_highlight_upitt,95,3701,1,Third Party Sharing/Collection,"{""Third Party Entity"": {""endIndexInSegment"": 535, ""startIndexInSegment"": 496, ""selectedText"": ""Open Records law to release information"", ""value"": ""Public""}, ""Choice Scope"": {""endIndexInSegment"": -1, ""startIndexInSegment"": -1, ""value"": ""Unspecified""}, ""Purpose"": {""endIndexInSegment"": 512, ""startIndexInSegment"": 496, ""selectedText"": ""Open Records law"", ""value"": ""Legal requirement""}, ""Personal Information Type"": {""endIndexInSegment"": 362, ""startIndexInSegment"": 320, ""selectedText"": ""information collected from Web-based forms"", ""value"": ""Generic personal information""}, ""Choice Type"": {""endIndexInSegment"": -1, ""startIndexInSegment"": -1, ""value"": ""Unspecified""}, ""Identifiability"": {""endIndexInSegment"": 362, ""startIndexInSegment"": 266, ""selectedText"": ""including summary server log information, emails, and information collected from Web-based forms"", ""value"": ""Unspecified""}, ""Does/Does Not"": {""endIndexInSegment"": 523, ""startIndexInSegment"": 473, ""selectedText"": ""we may be compelled by Open Records law to release"", ""value"": ""Does""}, ""User Type"": {""endIndexInSegment"": -1, ""startIndexInSegment"": -1, ""value"": ""Unspecified""}, ""Action Third Party"": {""endIndexInSegment"": 523, ""startIndexInSegment"": 516, ""selectedText"": ""release"", ""value"": ""Receive/Shared with""}}",Not specified,http://www.austincc.edu/web-privacy-statement
7564,test_category_labeling_highlight_upitt,103,3701,1,First Party Collection/Use,"{""Collection Mode"": {""endIndexInSegment"": -1, ""startIndexInSegment"": -1, ""value"": ""not-selected""}, ""Choice Scope"": {""endIndexInSegment"": -1, ""startIndexInSegment"": -1, ""value"": ""not-selected""}, ""Action First-Party"": {""endIndexInSegment"": 169, ""startIndexInSegment"": 139, ""selectedText"": ""gathered from our Web servers."", ""value"": ""Other""}, ""Personal Information Type"": {""endIndexInSegment"": 138, ""startIndexInSegment"": 118, ""selectedText"": ""personal information"", ""value"": ""Generic personal information""}, ""Choice Type"": {""endIndexInSegment"": -1, ""startIndexInSegment"": -1, ""value"": ""not-selected""}, ""Identifiability"": {""endIndexInSegment"": -1, ""startIndexInSegment"": -1, ""value"": ""not-selected""}, ""Does/Does Not"": {""endIndexInSegment"": 102, ""startIndexInSegment"": 93, ""selectedText"": ""We do not"", ""value"": ""Does Not""}, ""User Type"": {""endIndexInSegment"": -1, ""startIndexInSegment"": -1, ""value"": ""not-selected""}, ""Purpose"": {""endIndexInSegment"": 169, ""startIndexInSegment"": 103, ""selectedText"": ""actively share personal information gathered from our Web servers."", ""value"": ""Other""}}",Not specified,http://www.austincc.edu/web-privacy-statement
7565,test_category_labeling_highlight_upitt,103,3701,1,First Party Collection/Use,"{""Collection Mode"": {""endIndexInSegment"": -1, ""startIndexInSegment"": -1, ""value"": ""not-selected""}, ""Choice Scope"": {""endIndexInSegment"": -1, ""startIndexInSegment"": -1, ""value"": ""not-selected""}, ""Action First-Party"": {""endIndexInSegment"": 265, ""startIndexInSegment"": 216, ""selectedText"": ""some information collected from the ACC web site,"", ""value"": ""Collect on website""}, ""Personal Information Type"": {""endIndexInSegment"": 362, ""startIndexInSegment"": 276, ""selectedText"": ""summary server log information, emails, and information collected from Web-based forms"", ""value"": ""User online activities""}, ""Choice Type"": {""endIndexInSegment"": -1, ""startIndexInSegment"": -1, ""value"": ""not-selected""}, ""Identifiability"": {""endIndexInSegment"": -1, ""startIndexInSegment"": -1, ""value"": ""not-selected""}, ""Does/Does Not"": {""endIndexInSegment"": -1, ""startIndexInSegment"": -1, ""value"": ""Does""}, ""User Type"": {""endIndexInSegment"": -1, ""startIndexInSegment"": -1, ""value"": ""not-selected""}, ""Purpose"": {""endIndexInSegment"": 536, ""startIndexInSegment"": 459, ""selectedText"": ""in some cases we may be compelled by Open Records law to release information."", ""value"": ""Legal requirement""}}",Not specified,http://www.austincc.edu/web-privacy-statement
15853,test_category_labeling_highlight_upitt,123,3701,1,Data Security,"{""Security Measure"": {""endIndexInSegment"": 92, ""startIndexInSegment"": 34, ""selectedText"": ""committed to ensuring the privacy of personal information."", ""value"": ""Generic""}}",Not specified,http://www.austincc.edu/web-privacy-statement
15854,test_category_labeling_highlight_upitt,123,3701,1,Third Party Sharing/Collection,"{""Third Party Entity"": {""endIndexInSegment"": 117, ""startIndexInSegment"": 112, ""selectedText"": ""share"", ""value"": ""Unnamed third party""}, ""Choice Scope"": {""endIndexInSegment"": -1, ""startIndexInSegment"": -1, ""value"": ""Unspecified""}, ""Purpose"": {""endIndexInSegment"": -1, ""startIndexInSegment"": -1, ""value"": ""Unspecified""}, ""Personal Information Type"": {""endIndexInSegment"": 138, ""startIndexInSegment"": 118, ""selectedText"": ""personal information"", ""value"": ""Generic personal information""}, ""Choice Type"": {""endIndexInSegment"": -1, ""startIndexInSegment"": -1, ""value"": ""Unspecified""}, ""Identifiability"": {""endIndexInSegment"": -1, ""startIndexInSegment"": -1, ""value"": ""Unspecified""}, ""Does/Does Not"": {""endIndexInSegment"": 102, ""startIndexInSegment"": 96, ""selectedText"": ""do not"", ""value"": ""Does Not""}, ""User Type"": {""endIndexInSegment"": -1, ""startIndexInSegment"": -1, ""value"": ""Unspecified""}, ""Action Third Party"": {""endIndexInSegment"": 117, ""startIndexInSegment"": 112, ""selectedText"": ""share"", ""value"": ""Receive/Shared with""}}",Not specified,http://www.austincc.edu/web-privacy-statement
15855,test_category_labeling_highlight_upitt,123,3701,1,Third Party Sharing/Collection,"{""Third Party Entity"": {""endIndexInSegment"": 457, ""startIndexInSegment"": 448, ""selectedText"": ""solicited"", ""value"": ""Unnamed third party""}, ""Choice Scope"": {""endIndexInSegment"": -1, ""startIndexInSegment"": -1, ""value"": ""Unspecified""}, ""Purpose"": {""endIndexInSegment"": 457, ""startIndexInSegment"": 405, ""selectedText"": ""we do not share or sell information unless solicited"", ""value"": ""Other""}, ""Personal Information Type"": {""endIndexInSegment"": 314, ""startIndexInSegment"": 308, ""selectedText"": ""emails"", ""value"": ""Contact""}, ""Choice Type"": {""endIndexInSegment"": -1, ""startIndexInSegment"": -1, ""value"": ""Unspecified""}, ""Identifiability"": {""endIndexInSegment"": -1, ""startIndexInSegment"": -1, ""value"": ""Unspecified""}, ""Does/Does Not"": {""endIndexInSegment"": 381, ""startIndexInSegment"": 364, ""selectedText"": ""may be subject to"", ""value"": ""Does""}, ""User Type"": {""endIndexInSegment"": -1, ""startIndexInSegment"": -1, ""value"": ""Unspecified""}, ""Action Third Party"": {""endIndexInSegment"": 264, ""startIndexInSegment"": 233, ""selectedText"": ""collected from the ACC web site"", ""value"": ""Collect on first party website/app""}}",Not specified,http://www.austincc.edu/web-privacy-statement
15856,test_category_labeling_highlight_upitt,123,3701,1,Third Party Sharing/Collection,"{""Third Party Entity"": {""endIndexInSegment"": 457, ""startIndexInSegment"": 448, ""selectedText"": ""solicited"", ""value"": ""Unnamed third party""}, ""Choice Scope"": {""endIndexInSegment"": -1, ""startIndexInSegment"": -1, ""value"": ""Unspecified""}, ""Purpose"": {""endIndexInSegment"": 536, ""startIndexInSegment"": 483, ""selectedText"": ""compelled by Open Records law to release information."", ""value"": ""Legal requirement""}, ""Personal Information Type"": {""endIndexInSegment"": 314, ""startIndexInSegment"": 308, ""selectedText"": ""emails"", ""value"": ""Contact""}, ""Choice Type"": {""endIndexInSegment"": -1, ""startIndexInSegment"": -1, ""value"": ""Unspecified""}, ""Identifiability"": {""endIndexInSegment"": -1, ""startIndexInSegment"": -1, ""value"": ""Unspecified""}, ""Does/Does Not"": {""endIndexInSegment"": 381, ""startIndexInSegment"": 364, ""selectedText"": ""may be subject to"", ""value"": ""Does""}, ""User Type"": {""endIndexInSegment"": -1, ""startIndexInSegment"": -1, ""value"": ""Unspecified""}, ""Action Third Party"": {""endIndexInSegment"": 264, ""startIndexInSegment"": 233, ""selectedText"": ""collected from the ACC web site"", ""value"": ""Collect on first party website/app""}}",Not specified,http://www.austincc.edu/web-privacy-statement
15857,test_category_labeling_highlight_upitt,123,3701,1,Third Party Sharing/Collection,"{""Third Party Entity"": {""endIndexInSegment"": 457, ""startIndexInSegment"": 448, ""selectedText"": ""solicited"", ""value"": ""Unnamed third party""}, ""Choice Scope"": {""endIndexInSegment"": -1, ""startIndexInSegment"": -1, ""value"": ""Unspecified""}, ""Purpose"": {""endIndexInSegment"": 457, ""startIndexInSegment"": 405, ""selectedText"": ""we do not share or sell information unless solicited"", ""value"": ""Other""}, ""Personal Information Type"": {""endIndexInSegment"": 306, ""startIndexInSegment"": 276, ""selectedText"": ""summary server log information"", ""value"": ""User online activities""}, ""Choice Type"": {""endIndexInSegment"": -1, ""startIndexInSegment"": -1, ""value"": ""Unspecified""}, ""Identifiability"": {""endIndexInSegment"": -1, ""startIndexInSegment"": -1, ""value"": ""Unspecified""}, ""Does/Does Not"": {""endIndexInSegment"": 381, ""startIndexInSegment"": 364, ""selectedText"": ""may be subject to"", ""value"": ""Does""}, ""User Type"": {""endIndexInSegment"": -1, ""startIndexInSegment"": -1, ""value"": ""Unspecified""}, ""Action Third Party"": {""endIndexInSegment"": 264, ""startIndexInSegment"": 233, ""selectedText"": ""collected from the ACC web site"", ""value"": ""Collect on first party website/app""}}",Not specified,http://www.austincc.edu/web-privacy-statement
15858,test_category_labeling_highlight_upitt,123,3701,1,Third Party Sharing/Collection,"{""Third Party Entity"": {""endIndexInSegment"": 457, ""startIndexInSegment"": 448, ""selectedText"": ""solicited"", ""value"": ""Unnamed third party""}, ""Choice Scope"": {""endIndexInSegment"": -1, ""startIndexInSegment"": -1, ""value"": ""Unspecified""}, ""Purpose"": {""endIndexInSegment"": 536, ""startIndexInSegment"": 483, ""selectedText"": ""compelled by Open Records law to release information."", ""value"": ""Legal requirement""}, ""Personal Information Type"": {""endIndexInSegment"": 306, ""startIndexInSegment"": 276, ""selectedText"": ""summary server log information"", ""value"": ""User online activities""}, ""Choice Type"": {""endIndexInSegment"": -1, ""startIndexInSegment"": -1, ""value"": ""Unspecified""}, ""Identifiability"": {""endIndexInSegment"": -1, ""startIndexInSegment"": -1, ""value"": ""Unspecified""}, ""Does/Does Not"": {""endIndexInSegment"": 381, ""startIndexInSegment"": 364, ""selectedText"": ""may be subject to"", ""value"": ""Does""}, ""User Type"": {""endIndexInSegment"": -1, ""startIndexInSegment"": -1, ""value"": ""Unspecified""}, ""Action Third Party"": {""endIndexInSegment"": 264, ""startIndexInSegment"": 233, ""selectedText"": ""collected from the ACC web site"", ""value"": ""Collect on first party website/app""}}",Not specified,http://www.austincc.edu/web-privacy-statement
15859,test_category_labeling_highlight_upitt,123,3701,1,First Party Collection/Use,"{""Collection Mode"": {""endIndexInSegment"": -1, ""startIndexInSegment"": -1, ""value"": ""Unspecified""}, ""Choice Scope"": {""endIndexInSegment"": -1, ""startIndexInSegment"": -1, ""value"": ""Unspecified""}, ""Action First-Party"": {""endIndexInSegment"": 264, ""startIndexInSegment"": 243, ""selectedText"": ""from the ACC web site"", ""value"": ""Collect on website""}, ""Personal Information Type"": {""endIndexInSegment"": 306, ""startIndexInSegment"": 276, ""selectedText"": ""summary server log information"", ""value"": ""User online activities""}, ""Choice Type"": {""endIndexInSegment"": -1, ""startIndexInSegment"": -1, ""value"": ""Unspecified""}, ""Identifiability"": {""endIndexInSegment"": -1, ""startIndexInSegment"": -1, ""value"": ""Unspecified""}, ""Does/Does Not"": {""endIndexInSegment"": 242, ""startIndexInSegment"": 221, ""selectedText"": ""information collected"", ""value"": ""Does""}, ""User Type"": {""endIndexInSegment"": -1, ""startIndexInSegment"": -1, ""value"": ""Unspecified""}, ""Purpose"": {""endIndexInSegment"": 457, ""startIndexInSegment"": 405, ""selectedText"": ""we do not share or sell information unless solicited"", ""value"": ""Other""}}",Not specified,http://www.austincc.edu/web-privacy-statement
15860,test_category_labeling_highlight_upitt,123,3701,1,First Party Collection/Use,"{""Collection Mode"": {""endIndexInSegment"": -1, ""startIndexInSegment"": -1, ""value"": ""Unspecified""}, ""Choice Scope"": {""endIndexInSegment"": -1, ""startIndexInSegment"": -1, ""value"": ""Unspecified""}, ""Action First-Party"": {""endIndexInSegment"": 264, ""startIndexInSegment"": 243, ""selectedText"": ""from the ACC web site"", ""value"": ""Collect on website""}, ""Personal Information Type"": {""endIndexInSegment"": 306, ""startIndexInSegment"": 276, ""selectedText"": ""summary server log information"", ""value"": ""User online activities""}, ""Choice Type"": {""endIndexInSegment"": -1, ""startIndexInSegment"": -1, ""value"": ""Unspecified""}, ""Identifiability"": {""endIndexInSegment"": -1, ""startIndexInSegment"": -1, ""value"": ""Unspecified""}, ""Does/Does Not"": {""endIndexInSegment"": 242, ""startIndexInSegment"": 221, ""selectedText"": ""information collected"", ""value"": ""Does""}, ""User Type"": {""endIndexInSegment"": -1, ""startIndexInSegment"": -1, ""value"": ""Unspecified""}, ""Purpose"": {""endIndexInSegment"": 536, ""startIndexInSegment"": 473, ""selectedText"": ""we may be compelled by Open Records law to release information."", ""value"": ""Legal requirement""}}",Not specified,http://www.austincc.edu/web-privacy-statement
15861,test_category_labeling_highlight_upitt,123,3701,1,First Party Collection/Use,"{""Collection Mode"": {""endIndexInSegment"": -1, ""startIndexInSegment"": -1, ""value"": ""Unspecified""}, ""Choice Scope"": {""endIndexInSegment"": -1, ""startIndexInSegment"": -1, ""value"": ""Unspecified""}, ""Action First-Party"": {""endIndexInSegment"": 264, ""startIndexInSegment"": 243, ""selectedText"": ""from the ACC web site"", ""value"": ""Collect on website""}, ""Personal Information Type"": {""endIndexInSegment"": 314, ""startIndexInSegment"": 308, ""selectedText"": ""emails"", ""value"": ""Contact""}, ""Choice Type"": {""endIndexInSegment"": -1, ""startIndexInSegment"": -1, ""value"": ""Unspecified""}, ""Identifiability"": {""endIndexInSegment"": -1, ""startIndexInSegment"": -1, ""value"": ""Unspecified""}, ""Does/Does Not"": {""endIndexInSegment"": 242, ""startIndexInSegment"": 221, ""selectedText"": ""information collected"", ""value"": ""Does""}, ""User Type"": {""endIndexInSegment"": -1, ""startIndexInSegment"": -1, ""value"": ""Unspecified""}, ""Purpose"": {""endIndexInSegment"": 457, ""startIndexInSegment"": 405, ""selectedText"": ""we do not share or sell information unless solicited"", ""value"": ""Other""}}",Not specified,http://www.austincc.edu/web-privacy-statement
15862,test_category_labeling_highlight_upitt,123,3701,1,First Party Collection/Use,"{""Collection Mode"": {""endIndexInSegment"": -1, ""startIndexInSegment"": -1, ""value"": ""Unspecified""}, ""Choice Scope"": {""endIndexInSegment"": -1, ""startIndexInSegment"": -1, ""value"": ""Unspecified""}, ""Action First-Party"": {""endIndexInSegment"": 264, ""startIndexInSegment"": 243, ""selectedText"": ""from the ACC web site"", ""value"": ""Collect on website""}, ""Personal Information Type"": {""endIndexInSegment"": 314, ""startIndexInSegment"": 308, ""selectedText"": ""emails"", ""value"": ""Contact""}, ""Choice Type"": {""endIndexInSegment"": -1, ""startIndexInSegment"": -1, ""value"": ""Unspecified""}, ""Identifiability"": {""endIndexInSegment"": -1, ""startIndexInSegment"": -1, ""value"": ""Unspecified""}, ""Does/Does Not"": {""endIndexInSegment"": 242, ""startIndexInSegment"": 221, ""selectedText"": ""information collected"", ""value"": ""Does""}, ""User Type"": {""endIndexInSegment"": -1, ""startIndexInSegment"": -1, ""value"": ""Unspecified""}, ""Purpose"": {""endIndexInSegment"": 535, ""startIndexInSegment"": 473, ""selectedText"": ""we may be compelled by Open Records law to release information"", ""value"": ""Legal requirement""}}",Not specified,http://www.austincc.edu/web-privacy-statement
15863,test_category_labeling_highlight_upitt,123,3701,1,First Party Collection/Use,"{""Collection Mode"": {""endIndexInSegment"": -1, ""startIndexInSegment"": -1, ""value"": ""Unspecified""}, ""Choice Scope"": {""endIndexInSegment"": -1, ""startIndexInSegment"": -1, ""value"": ""Unspecified""}, ""Action First-Party"": {""endIndexInSegment"": 264, ""startIndexInSegment"": 243, ""selectedText"": ""from the ACC web site"", ""value"": ""Collect on website""}, ""Personal Information Type"": {""endIndexInSegment"": 362, ""startIndexInSegment"": 320, ""selectedText"": ""information collected from Web-based forms"", ""value"": ""Unspecified""}, ""Choice Type"": {""endIndexInSegment"": -1, ""startIndexInSegment"": -1, ""value"": ""Unspecified""}, ""Identifiability"": {""endIndexInSegment"": -1, ""startIndexInSegment"": -1, ""value"": ""Unspecified""}, ""Does/Does Not"": {""endIndexInSegment"": 242, ""startIndexInSegment"": 221, ""selectedText"": ""information collected"", ""value"": ""Does""}, ""User Type"": {""endIndexInSegment"": -1, ""startIndexInSegment"": -1, ""value"": ""Unspecified""}, ""Purpose"": {""endIndexInSegment"": 457, ""startIndexInSegment"": 405, ""selectedText"": ""we do not share or sell information unless solicited"", ""value"": ""Other""}}",Not specified,http://www.austincc.edu/web-privacy-statement
15864,test_category_labeling_highlight_upitt,123,3701,1,First Party Collection/Use,"{""Collection Mode"": {""endIndexInSegment"": -1, ""startIndexInSegment"": -1, ""value"": ""Unspecified""}, ""Choice Scope"": {""endIndexInSegment"": -1, ""startIndexInSegment"": -1, ""value"": ""Unspecified""}, ""Action First-Party"": {""endIndexInSegment"": 264, ""startIndexInSegment"": 243, ""selectedText"": ""from the ACC web site"", ""value"": ""Collect on website""}, ""Personal Information Type"": {""endIndexInSegment"": 362, ""startIndexInSegment"": 320, ""selectedText"": ""information collected from Web-based forms"", ""value"": ""Unspecified""}, ""Choice Type"": {""endIndexInSegment"": -1, ""startIndexInSegment"": -1, ""value"": ""Unspecified""}, ""Identifiability"": {""endIndexInSegment"": -1, ""startIndexInSegment"": -1, ""value"": ""Unspecified""}, ""Does/Does Not"": {""endIndexInSegment"": 242, ""startIndexInSegment"": 221, ""selectedText"": ""information collected"", ""value"": ""Does""}, ""User Type"": {""endIndexInSegment"": -1, ""startIndexInSegment"": -1, ""value"": ""Unspecified""}, ""Purpose"": {""endIndexInSegment"": 536, ""startIndexInSegment"": 473, ""selectedText"": ""we may be compelled by Open Records law to release information."", ""value"": ""Legal requirement""}}",Not specified,http://www.austincc.edu/web-privacy-statement
C1449,test_category_labeling_highlight_upitt,123,3701,2,Third Party Sharing/Collection,"{""Third Party Entity"": {""endIndexInSegment"": 63, ""startIndexInSegment"": 56, ""selectedText"": ""vendors"", ""value"": ""Unnamed third party""}, ""Choice Scope"": {""endIndexInSegment"": 189, ""startIndexInSegment"": 134, ""selectedText"": ""excluding their personal information from the directory"", ""value"": ""Collection""}, ""Purpose"": {""endIndexInSegment"": 105, ""startIndexInSegment"": 64, ""selectedText"": ""through the Texas Public Information Act."", ""value"": ""Legal requirement""}, ""Personal Information Type"": {""endIndexInSegment"": 29, ""startIndexInSegment"": 0, ""selectedText"": ""Student directory information"", ""value"": ""Unspecified""}, ""Choice Type"": {""endIndexInSegment"": -1, ""startIndexInSegment"": -1, ""value"": ""Unspecified""}, ""Identifiability"": {""endIndexInSegment"": -1, ""startIndexInSegment"": -1, ""value"": ""Unspecified""}, ""Does/Does Not"": {""endIndexInSegment"": 52, ""startIndexInSegment"": 33, ""selectedText"": ""routinely requested"", ""value"": ""Does""}, ""User Type"": {""endIndexInSegment"": -1, ""startIndexInSegment"": -1, ""value"": ""Unspecified""}, ""Action Third Party"": {""endIndexInSegment"": 63, ""startIndexInSegment"": 33, ""selectedText"": ""routinely requested by vendors"", ""value"": ""Receive/Shared with""}}",Not specified,http://www.austincc.edu/web-privacy-statement
7566,test_category_labeling_highlight_upitt,103,3701,2,User Choice/Control,"{""Choice Type"": {""endIndexInSegment"": 143, ""startIndexInSegment"": 120, ""selectedText"": ""the option of excluding"", ""value"": ""Other""}, ""Choice Scope"": {""endIndexInSegment"": 210, ""startIndexInSegment"": 43, ""selectedText"": ""requested by vendors through the Texas Public Information Act. Students have the option of excluding their personal information from the directory during registration."", ""value"": ""Third party sharing/collection""}, ""User Type"": {""endIndexInSegment"": -1, ""startIndexInSegment"": -1, ""value"": ""not-selected""}, ""Purpose"": {""endIndexInSegment"": 105, ""startIndexInSegment"": 43, ""selectedText"": ""requested by vendors through the Texas Public Information Act."", ""value"": ""Legal requirement""}, ""Personal Information Type"": {""endIndexInSegment"": 170, ""startIndexInSegment"": 144, ""selectedText"": ""their personal information"", ""value"": ""Generic personal information""}}",Not specified,http://www.austincc.edu/web-privacy-statement
15867,test_category_labeling_highlight_upitt,123,3701,2,First Party Collection/Use,"{""Collection Mode"": {""endIndexInSegment"": 209, ""startIndexInSegment"": 190, ""selectedText"": ""during registration"", ""value"": ""Explicit""}, ""Choice Scope"": {""endIndexInSegment"": 189, ""startIndexInSegment"": 134, ""selectedText"": ""excluding their personal information from the directory"", ""value"": ""Collection""}, ""Action First-Party"": {""endIndexInSegment"": -1, ""startIndexInSegment"": -1, ""value"": ""Unspecified""}, ""Personal Information Type"": {""endIndexInSegment"": 170, ""startIndexInSegment"": 150, ""selectedText"": ""personal information"", ""value"": ""Generic personal information""}, ""Choice Type"": {""endIndexInSegment"": 209, ""startIndexInSegment"": 106, ""selectedText"": ""Students have the option of excluding their personal information from the directory during registration"", ""value"": ""Opt-in""}, ""Identifiability"": {""endIndexInSegment"": -1, ""startIndexInSegment"": -1, ""value"": ""Unspecified""}, ""Does/Does Not"": {""endIndexInSegment"": -1, ""startIndexInSegment"": -1, ""value"": ""Does""}, ""User Type"": {""endIndexInSegment"": 114, ""startIndexInSegment"": 106, ""selectedText"": ""Students"", ""value"": ""User with account""}, ""Purpose"": {""endIndexInSegment"": 105, ""startIndexInSegment"": 76, ""selectedText"": ""Texas Public Information Act."", ""value"": ""Legal requirement""}}",Not specified,http://www.austincc.edu/web-privacy-statement
4575,test_category_labeling_highlight_upitt,95,3701,3,Other,"{""Other Type"": {""endIndexInSegment"": 149, ""startIndexInSegment"": 0, ""selectedText"": ""ACC complies with the Family Educational Rights and Privacy Act (FERPA), which prohibits the release of education records without student permission."", ""value"": ""Introductory/Generic""}}",Not specified,http://www.austincc.edu/web-privacy-statement
7567,test_category_labeling_highlight_upitt,103,3701,3,User Choice/Control,"{""Choice Type"": {""endIndexInSegment"": 148, ""startIndexInSegment"": 122, ""selectedText"": ""without student permission"", ""value"": ""Opt-in""}, ""Choice Scope"": {""endIndexInSegment"": 121, ""startIndexInSegment"": 79, ""selectedText"": ""prohibits the release of education records"", ""value"": ""Third party sharing/collection""}, ""User Type"": {""endIndexInSegment"": -1, ""startIndexInSegment"": -1, ""value"": ""not-selected""}, ""Purpose"": {""endIndexInSegment"": 71, ""startIndexInSegment"": 22, ""selectedText"": ""Family Educational Rights and Privacy Act (FERPA)"", ""value"": ""Legal requirement""}, ""Personal Information Type"": {""endIndexInSegment"": 121, ""startIndexInSegment"": 104, ""selectedText"": ""education records"", ""value"": ""Other""}}",Not specified,http://www.austincc.edu/web-privacy-statement
15868,test_category_labeling_highlight_upitt,123,3701,3,User Choice/Control,"{""Choice Type"": {""endIndexInSegment"": 149, ""startIndexInSegment"": 79, ""selectedText"": ""prohibits the release of education records without student permission."", ""value"": ""Opt-in""}, ""Choice Scope"": {""endIndexInSegment"": 121, ""startIndexInSegment"": 89, ""selectedText"": ""the release of education records"", ""value"": ""Third party sharing/collection""}, ""User Type"": {""endIndexInSegment"": 137, ""startIndexInSegment"": 130, ""selectedText"": ""student"", ""value"": ""User with account""}, ""Purpose"": {""endIndexInSegment"": 70, ""startIndexInSegment"": 4, ""selectedText"": ""complies with the Family Educational Rights and Privacy Act (FERPA"", ""value"": ""Legal requirement""}, ""Personal Information Type"": {""endIndexInSegment"": 121, ""startIndexInSegment"": 104, ""selectedText"": ""education records"", ""value"": ""Other""}}",Not specified,http://www.austincc.edu/web-privacy-statement
C1450,test_category_labeling_highlight_upitt,103,3701,4,Other,"{""Other Type"": {""endIndexInSegment"": 278, ""startIndexInSegment"": 0, ""selectedText"": ""The ACC website consists of several web servers. Some servers hosted by ACC may adopt different privacy statements as their specific needs require. If another ACC web server has a privacy statement that is different from this statement, that policy will be posted on their site."", ""value"": ""Introductory/Generic""}}",Not specified,http://www.austincc.edu/web-privacy-statement
15869,test_category_labeling_highlight_upitt,123,3701,4,Policy Change,"{""Change Type"": {""endIndexInSegment"": 235, ""startIndexInSegment"": 0, ""selectedText"": ""The ACC website consists of several web servers. Some servers hosted by ACC may adopt different privacy statements as their specific needs require. If another ACC web server has a privacy statement that is different from this statement"", ""value"": ""Other""}, ""User Choice"": {""endIndexInSegment"": -1, ""startIndexInSegment"": -1, ""value"": ""Unspecified""}, ""Notification Type"": {""endIndexInSegment"": 278, ""startIndexInSegment"": 237, ""selectedText"": ""that policy will be posted on their site."", ""value"": ""General notice on website""}}",Not specified,http://www.austincc.edu/web-privacy-statement
C1451,test_category_labeling_highlight_upitt,123,3701,5,Other,"{""Other Type"": {""endIndexInSegment"": 143, ""startIndexInSegment"": 0, ""selectedText"": ""The ACC website contains links to external websites. The college is not responsible for the privacy practices or content of external web links."", ""value"": ""Other""}}",Not specified,http://www.austincc.edu/web-privacy-statement
C1452,test_category_labeling_highlight_upitt,123,3701,6,First Party Collection/Use,"{""Collection Mode"": {""endIndexInSegment"": -1, ""startIndexInSegment"": -1, ""value"": ""Implicit""}, ""Choice Scope"": {""endIndexInSegment"": -1, ""startIndexInSegment"": -1, ""value"": ""Unspecified""}, ""Action First-Party"": {""endIndexInSegment"": -1, ""startIndexInSegment"": -1, ""value"": ""Collect on website""}, ""Personal Information Type"": {""endIndexInSegment"": 369, ""startIndexInSegment"": 273, ""selectedText"": ""Web pages requested Referring web page Date and time"", ""value"": ""User online activities""}, ""Choice Type"": {""endIndexInSegment"": -1, ""startIndexInSegment"": -1, ""value"": ""Unspecified""}, ""Identifiability"": {""endIndexInSegment"": -1, ""startIndexInSegment"": -1, ""value"": ""Unspecified""}, ""Does/Does Not"": {""endIndexInSegment"": -1, ""startIndexInSegment"": -1, ""value"": ""Does""}, ""User Type"": {""endIndexInSegment"": -1, ""startIndexInSegment"": -1, ""value"": ""Unspecified""}, ""Purpose"": {""endIndexInSegment"": -1, ""startIndexInSegment"": -1, ""value"": ""Unspecified""}}",Not specified,http://www.austincc.edu/web-privacy-statement
C1453,test_category_labeling_highlight_upitt,123,3701,6,First Party Collection/Use,"{""Collection Mode"": {""endIndexInSegment"": -1, ""startIndexInSegment"": -1, ""value"": ""Implicit""}, ""Choice Scope"": {""endIndexInSegment"": -1, ""startIndexInSegment"": -1, ""value"": ""Unspecified""}, ""Action First-Party"": {""endIndexInSegment"": -1, ""startIndexInSegment"": -1, ""value"": ""Collect on website""}, ""Personal Information Type"": {""endIndexInSegment"": 422, ""startIndexInSegment"": 392, ""selectedText"": ""Type of web browser being used"", ""value"": ""Computer information""}, ""Choice Type"": {""endIndexInSegment"": -1, ""startIndexInSegment"": -1, ""value"": ""Unspecified""}, ""Identifiability"": {""endIndexInSegment"": -1, ""startIndexInSegment"": -1, ""value"": ""Unspecified""}, ""Does/Does Not"": {""endIndexInSegment"": -1, ""startIndexInSegment"": -1, ""value"": ""Does""}, ""User Type"": {""endIndexInSegment"": -1, ""startIndexInSegment"": -1, ""value"": ""Unspecified""}, ""Purpose"": {""endIndexInSegment"": -1, ""startIndexInSegment"": -1, ""value"": ""Unspecified""}}",Not specified,http://www.austincc.edu/web-privacy-statement
4578,test_category_labeling_highlight_upitt,95,3701,6,First Party Collection/Use,"{""Collection Mode"": {""endIndexInSegment"": 155, ""startIndexInSegment"": 80, ""selectedText"": ""collected and stored automatically from all users accessing the ACC website"", ""value"": ""Implicit""}, ""Choice Scope"": {""endIndexInSegment"": -1, ""startIndexInSegment"": -1, ""value"": ""Unspecified""}, ""Action First-Party"": {""endIndexInSegment"": 155, ""startIndexInSegment"": 80, ""selectedText"": ""collected and stored automatically from all users accessing the ACC website"", ""value"": ""Collect on website""}, ""Personal Information Type"": {""endIndexInSegment"": 422, ""startIndexInSegment"": 211, ""selectedText"": ""Internet address of computer being used Web pages requested Referring web page Date and time Type of web browser being used"", ""value"": ""Computer information""}, ""Choice Type"": {""endIndexInSegment"": -1, ""startIndexInSegment"": -1, ""value"": ""Unspecified""}, ""Identifiability"": {""endIndexInSegment"": -1, ""startIndexInSegment"": -1, ""value"": ""Unspecified""}, ""Does/Does Not"": {""endIndexInSegment"": 30, ""startIndexInSegment"": 9, ""selectedText"": ""Information we gather"", ""value"": ""Does""}, ""User Type"": {""endIndexInSegment"": -1, ""startIndexInSegment"": -1, ""value"": ""Unspecified""}, ""Purpose"": {""endIndexInSegment"": -1, ""startIndexInSegment"": -1, ""value"": ""Unspecified""}}",Not specified,http://www.austincc.edu/web-privacy-statement
7570,test_category_labeling_highlight_upitt,103,3701,6,First Party Collection/Use,"{""Collection Mode"": {""endIndexInSegment"": -1, ""startIndexInSegment"": -1, ""value"": ""not-selected""}, ""Choice Scope"": {""endIndexInSegment"": -1, ""startIndexInSegment"": -1, ""value"": ""not-selected""}, ""Action First-Party"": {""endIndexInSegment"": 155, ""startIndexInSegment"": 51, ""selectedText"": ""The following information is collected and stored automatically from all users accessing the ACC website"", ""value"": ""Collect on website""}, ""Personal Information Type"": {""endIndexInSegment"": 250, ""startIndexInSegment"": 211, ""selectedText"": ""Internet address of computer being used"", ""value"": ""IP address and device IDs""}, ""Choice Type"": {""endIndexInSegment"": -1, ""startIndexInSegment"": -1, ""value"": ""not-selected""}, ""Identifiability"": {""endIndexInSegment"": -1, ""startIndexInSegment"": -1, ""value"": ""not-selected""}, ""Does/Does Not"": {""endIndexInSegment"": -1, ""startIndexInSegment"": -1, ""value"": ""Does""}, ""User Type"": {""endIndexInSegment"": -1, ""startIndexInSegment"": -1, ""value"": ""not-selected""}, ""Purpose"": {""endIndexInSegment"": -1, ""startIndexInSegment"": -1, ""value"": ""Unspecified""}}",Not specified,http://www.austincc.edu/web-privacy-statement
15871,test_category_labeling_highlight_upitt,123,3701,6,First Party Collection/Use,"{""Collection Mode"": {""endIndexInSegment"": 114, ""startIndexInSegment"": 101, ""selectedText"": ""automatically"", ""value"": ""Implicit""}, ""Choice Scope"": {""endIndexInSegment"": -1, ""startIndexInSegment"": -1, ""value"": ""Unspecified""}, ""Action First-Party"": {""endIndexInSegment"": 155, ""startIndexInSegment"": 130, ""selectedText"": ""accessing the ACC website"", ""value"": ""Collect on website""}, ""Personal Information Type"": {""endIndexInSegment"": 250, ""startIndexInSegment"": 211, ""selectedText"": ""Internet address of computer being used"", ""value"": ""IP address and device IDs""}, ""Choice Type"": {""endIndexInSegment"": -1, ""startIndexInSegment"": -1, ""value"": ""Unspecified""}, ""Identifiability"": {""endIndexInSegment"": -1, ""startIndexInSegment"": -1, ""value"": ""Unspecified""}, ""Does/Does Not"": {""endIndexInSegment"": 89, ""startIndexInSegment"": 65, ""selectedText"": ""information is collected"", ""value"": ""Does""}, ""User Type"": {""endIndexInSegment"": -1, ""startIndexInSegment"": -1, ""value"": ""Unspecified""}, ""Purpose"": {""endIndexInSegment"": -1, ""startIndexInSegment"": -1, ""value"": ""Unspecified""}}",Not specified,http://www.austincc.edu/web-privacy-statement
C1454,test_category_labeling_highlight_upitt,95,3701,7,First Party Collection/Use,"{""Collection Mode"": {""endIndexInSegment"": -1, ""startIndexInSegment"": -1, ""value"": ""Unspecified""}, ""Choice Scope"": {""endIndexInSegment"": -1, ""startIndexInSegment"": -1, ""value"": ""Unspecified""}, ""Action First-Party"": {""endIndexInSegment"": -1, ""startIndexInSegment"": -1, ""value"": ""Unspecified""}, ""Personal Information Type"": {""endIndexInSegment"": 16, ""startIndexInSegment"": 0, ""selectedText"": ""This information"", ""value"": ""Unspecified""}, ""Choice Type"": {""endIndexInSegment"": -1, ""startIndexInSegment"": -1, ""value"": ""Unspecified""}, ""Identifiability"": {""endIndexInSegment"": -1, ""startIndexInSegment"": -1, ""value"": ""Unspecified""}, ""Does/Does Not"": {""endIndexInSegment"": 24, ""startIndexInSegment"": 17, ""selectedText"": ""is used"", ""value"": ""Does""}, ""User Type"": {""endIndexInSegment"": -1, ""startIndexInSegment"": -1, ""value"": ""Unspecified""}, ""Purpose"": {""endIndexInSegment"": 243, ""startIndexInSegment"": 28, ""selectedText"": ""create summary statistics which are used for purposes such as assessing what information is of most interest to users, determining technical design specifications, and identifying system performance or problem areas"", ""value"": ""Analytics/Research""}}",Not specified,http://www.austincc.edu/web-privacy-statement
C1455,test_category_labeling_highlight_upitt,123,3701,7,First Party Collection/Use,"{""Collection Mode"": {""endIndexInSegment"": 16, ""startIndexInSegment"": 0, ""selectedText"": ""This information"", ""value"": ""Implicit""}, ""Choice Scope"": {""endIndexInSegment"": -1, ""startIndexInSegment"": -1, ""value"": ""Unspecified""}, ""Action First-Party"": {""endIndexInSegment"": -1, ""startIndexInSegment"": -1, ""value"": ""Unspecified""}, ""Personal Information Type"": {""endIndexInSegment"": 16, ""startIndexInSegment"": 0, ""selectedText"": ""This information"", ""value"": ""IP address and device IDs""}, ""Choice Type"": {""endIndexInSegment"": -1, ""startIndexInSegment"": -1, ""value"": ""Unspecified""}, ""Identifiability"": {""endIndexInSegment"": -1, ""startIndexInSegment"": -1, ""value"": ""Unspecified""}, ""Does/Does Not"": {""endIndexInSegment"": 24, ""startIndexInSegment"": 17, ""selectedText"": ""is used"", ""value"": ""Does""}, ""User Type"": {""endIndexInSegment"": -1, ""startIndexInSegment"": -1, ""value"": ""Unspecified""}, ""Purpose"": {""endIndexInSegment"": 244, ""startIndexInSegment"": 25, ""selectedText"": ""to create summary statistics which are used for purposes such as assessing what information is of most interest to users, determining technical design specifications, and identifying system performance or problem areas."", ""value"": ""Analytics/Research""}}",Not specified,http://www.austincc.edu/web-privacy-statement
7574,test_category_labeling_highlight_upitt,103,3701,7,First Party Collection/Use,"{""Collection Mode"": {""endIndexInSegment"": -1, ""startIndexInSegment"": -1, ""value"": ""not-selected""}, ""Choice Scope"": {""endIndexInSegment"": -1, ""startIndexInSegment"": -1, ""value"": ""not-selected""}, ""Action First-Party"": {""endIndexInSegment"": -1, ""startIndexInSegment"": -1, ""value"": ""Unspecified""}, ""Personal Information Type"": {""endIndexInSegment"": 16, ""startIndexInSegment"": 0, ""selectedText"": ""This information"", ""value"": ""Unspecified""}, ""Choice Type"": {""endIndexInSegment"": -1, ""startIndexInSegment"": -1, ""value"": ""not-selected""}, ""Identifiability"": {""endIndexInSegment"": -1, ""startIndexInSegment"": -1, ""value"": ""not-selected""}, ""Does/Does Not"": {""endIndexInSegment"": -1, ""startIndexInSegment"": -1, ""value"": ""Does""}, ""User Type"": {""endIndexInSegment"": -1, ""startIndexInSegment"": -1, ""value"": ""not-selected""}, ""Purpose"": {""endIndexInSegment"": 244, ""startIndexInSegment"": 192, ""selectedText"": ""and identifying system performance or problem areas."", ""value"": ""Service Operation and Security""}}",Not specified,http://www.austincc.edu/web-privacy-statement
15876,test_category_labeling_highlight_upitt,123,3701,7,First Party Collection/Use,"{""Collection Mode"": {""endIndexInSegment"": 16, ""startIndexInSegment"": 0, ""selectedText"": ""This information"", ""value"": ""Implicit""}, ""Choice Scope"": {""endIndexInSegment"": -1, ""startIndexInSegment"": -1, ""value"": ""Unspecified""}, ""Action First-Party"": {""endIndexInSegment"": -1, ""startIndexInSegment"": -1, ""value"": ""Unspecified""}, ""Personal Information Type"": {""endIndexInSegment"": 16, ""startIndexInSegment"": 0, ""selectedText"": ""This information"", ""value"": ""Computer information""}, ""Choice Type"": {""endIndexInSegment"": -1, ""startIndexInSegment"": -1, ""value"": ""Unspecified""}, ""Identifiability"": {""endIndexInSegment"": -1, ""startIndexInSegment"": -1, ""value"": ""Unspecified""}, ""Does/Does Not"": {""endIndexInSegment"": 24, ""startIndexInSegment"": 17, ""selectedText"": ""is used"", ""value"": ""Does""}, ""User Type"": {""endIndexInSegment"": -1, ""startIndexInSegment"": -1, ""value"": ""Unspecified""}, ""Purpose"": {""endIndexInSegment"": 244, ""startIndexInSegment"": 25, ""selectedText"": ""to create summary statistics which are used for purposes such as assessing what information is of most interest to users, determining technical design specifications, and identifying system performance or problem areas."", ""value"": ""Analytics/Research""}}",Not specified,http://www.austincc.edu/web-privacy-statement
4580,test_category_labeling_highlight_upitt,95,3701,8,Third Party Sharing/Collection,"{""Third Party Entity"": {""endIndexInSegment"": 161, ""startIndexInSegment"": 138, ""selectedText"": ""outside (third) parties"", ""value"": ""Unnamed third party""}, ""Choice Scope"": {""endIndexInSegment"": -1, ""startIndexInSegment"": -1, ""value"": ""Unspecified""}, ""Purpose"": {""endIndexInSegment"": -1, ""startIndexInSegment"": -1, ""value"": ""Unspecified""}, ""Personal Information Type"": {""endIndexInSegment"": 16, ""startIndexInSegment"": 0, ""selectedText"": ""This information"", ""value"": ""Unspecified""}, ""Choice Type"": {""endIndexInSegment"": -1, ""startIndexInSegment"": -1, ""value"": ""Unspecified""}, ""Identifiability"": {""endIndexInSegment"": 108, ""startIndexInSegment"": 20, ""selectedText"": ""not reported or used in any manner that would reveal personally identifiable information"", ""value"": ""Other""}, ""Does/Does Not"": {""endIndexInSegment"": 40, ""startIndexInSegment"": 20, ""selectedText"": ""not reported or used"", ""value"": ""Does Not""}, ""User Type"": {""endIndexInSegment"": -1, ""startIndexInSegment"": -1, ""value"": ""Unspecified""}, ""Action Third Party"": {""endIndexInSegment"": 40, ""startIndexInSegment"": 20, ""selectedText"": ""not reported or used"", ""value"": ""Receive/Shared with""}}",Not specified,http://www.austincc.edu/web-privacy-statement
4581,test_category_labeling_highlight_upitt,95,3701,8,Third Party Sharing/Collection,"{""Third Party Entity"": {""endIndexInSegment"": 161, ""startIndexInSegment"": 138, ""selectedText"": ""outside (third) parties"", ""value"": ""Unnamed third party""}, ""Choice Scope"": {""endIndexInSegment"": -1, ""startIndexInSegment"": -1, ""value"": ""Unspecified""}, ""Purpose"": {""endIndexInSegment"": 185, ""startIndexInSegment"": 169, ""selectedText"": ""legally required"", ""value"": ""Legal requirement""}, ""Personal Information Type"": {""endIndexInSegment"": 16, ""startIndexInSegment"": 0, ""selectedText"": ""This information"", ""value"": ""Unspecified""}, ""Choice Type"": {""endIndexInSegment"": -1, ""startIndexInSegment"": -1, ""value"": ""Unspecified""}, ""Identifiability"": {""endIndexInSegment"": 108, ""startIndexInSegment"": 20, ""selectedText"": ""not reported or used in any manner that would reveal personally identifiable information"", ""value"": ""Other""}, ""Does/Does Not"": {""endIndexInSegment"": 185, ""startIndexInSegment"": 162, ""selectedText"": ""unless legally required"", ""value"": ""Does""}, ""User Type"": {""endIndexInSegment"": -1, ""startIndexInSegment"": -1, ""value"": ""Unspecified""}, ""Action Third Party"": {""endIndexInSegment"": 40, ""startIndexInSegment"": 20, ""selectedText"": ""not reported or used"", ""value"": ""Receive/Shared with""}}",Not specified,http://www.austincc.edu/web-privacy-statement
7575,test_category_labeling_highlight_upitt,103,3701,8,First Party Collection/Use,"{""Collection Mode"": {""endIndexInSegment"": -1, ""startIndexInSegment"": -1, ""value"": ""not-selected""}, ""Choice Scope"": {""endIndexInSegment"": -1, ""startIndexInSegment"": -1, ""value"": ""not-selected""}, ""Action First-Party"": {""endIndexInSegment"": 161, ""startIndexInSegment"": 17, ""selectedText"": ""is not reported or used in any manner that would reveal personally identifiable information, and will not be released to outside (third) parties"", ""value"": ""Unspecified""}, ""Personal Information Type"": {""endIndexInSegment"": 16, ""startIndexInSegment"": 0, ""selectedText"": ""This information"", ""value"": ""Unspecified""}, ""Choice Type"": {""endIndexInSegment"": -1, ""startIndexInSegment"": -1, ""value"": ""not-selected""}, ""Identifiability"": {""endIndexInSegment"": -1, ""startIndexInSegment"": -1, ""value"": ""not-selected""}, ""Does/Does Not"": {""endIndexInSegment"": -1, ""startIndexInSegment"": -1, ""value"": ""Does""}, ""User Type"": {""endIndexInSegment"": -1, ""startIndexInSegment"": -1, ""value"": ""not-selected""}, ""Purpose"": {""endIndexInSegment"": 186, ""startIndexInSegment"": 162, ""selectedText"": ""unless legally required."", ""value"": ""Legal requirement""}}",Not specified,http://www.austincc.edu/web-privacy-statement
15877,test_category_labeling_highlight_upitt,123,3701,8,Third Party Sharing/Collection,"{""Third Party Entity"": {""endIndexInSegment"": 161, ""startIndexInSegment"": 138, ""selectedText"": ""outside (third) parties"", ""value"": ""Unnamed third party""}, ""Choice Scope"": {""endIndexInSegment"": -1, ""startIndexInSegment"": -1, ""value"": ""Unspecified""}, ""Purpose"": {""endIndexInSegment"": 54, ""startIndexInSegment"": 24, ""selectedText"": ""reported or used in any manner"", ""value"": ""Unspecified""}, ""Personal Information Type"": {""endIndexInSegment"": 108, ""startIndexInSegment"": 73, ""selectedText"": ""personally identifiable information"", ""value"": ""Generic personal information""}, ""Choice Type"": {""endIndexInSegment"": -1, ""startIndexInSegment"": -1, ""value"": ""Unspecified""}, ""Identifiability"": {""endIndexInSegment"": 108, ""startIndexInSegment"": 41, ""selectedText"": ""in any manner that would reveal personally identifiable information"", ""value"": ""Unspecified""}, ""Does/Does Not"": {""endIndexInSegment"": 134, ""startIndexInSegment"": 114, ""selectedText"": ""will not be released"", ""value"": ""Does Not""}, ""User Type"": {""endIndexInSegment"": -1, ""startIndexInSegment"": -1, ""value"": ""Unspecified""}, ""Action Third Party"": {""endIndexInSegment"": 161, ""startIndexInSegment"": 126, ""selectedText"": ""released to outside (third) parties"", ""value"": ""Receive/Shared with""}}",Not specified,http://www.austincc.edu/web-privacy-statement
15878,test_category_labeling_highlight_upitt,123,3701,8,Third Party Sharing/Collection,"{""Third Party Entity"": {""endIndexInSegment"": -1, ""startIndexInSegment"": -1, ""value"": ""Unnamed third party""}, ""Choice Scope"": {""endIndexInSegment"": -1, ""startIndexInSegment"": -1, ""value"": ""Unspecified""}, ""Purpose"": {""endIndexInSegment"": 186, ""startIndexInSegment"": 169, ""selectedText"": ""legally required."", ""value"": ""Legal requirement""}, ""Personal Information Type"": {""endIndexInSegment"": -1, ""startIndexInSegment"": -1, ""value"": ""Generic personal information""}, ""Choice Type"": {""endIndexInSegment"": -1, ""startIndexInSegment"": -1, ""value"": ""Unspecified""}, ""Identifiability"": {""endIndexInSegment"": -1, ""startIndexInSegment"": -1, ""value"": ""Unspecified""}, ""Does/Does Not"": {""endIndexInSegment"": 168, ""startIndexInSegment"": 162, ""selectedText"": ""unless"", ""value"": ""Does""}, ""User Type"": {""endIndexInSegment"": -1, ""startIndexInSegment"": -1, ""value"": ""Unspecified""}, ""Action Third Party"": {""endIndexInSegment"": -1, ""startIndexInSegment"": -1, ""value"": ""Receive/Shared with""}}",Not specified,http://www.austincc.edu/web-privacy-statement
4582,test_category_labeling_highlight_upitt,95,3701,9,First Party Collection/Use,"{""Collection Mode"": {""endIndexInSegment"": 138, ""startIndexInSegment"": 78, ""selectedText"": ""website visit through pixel tags, sometimes known as cookies"", ""value"": ""Implicit""}, ""Choice Scope"": {""endIndexInSegment"": -1, ""startIndexInSegment"": -1, ""value"": ""Unspecified""}, ""Action First-Party"": {""endIndexInSegment"": 193, ""startIndexInSegment"": 159, ""selectedText"": ""track information about your visit"", ""value"": ""Collect on website""}, ""Personal Information Type"": {""endIndexInSegment"": 66, ""startIndexInSegment"": 27, ""selectedText"": ""non-personally identifiable information"", ""value"": ""Unspecified""}, ""Choice Type"": {""endIndexInSegment"": -1, ""startIndexInSegment"": -1, ""value"": ""Unspecified""}, ""Identifiability"": {""endIndexInSegment"": 66, ""startIndexInSegment"": 27, ""selectedText"": ""non-personally identifiable information"", ""value"": ""Other""}, ""Does/Does Not"": {""endIndexInSegment"": 16, ""startIndexInSegment"": 0, ""selectedText"": ""ACC will collect"", ""value"": ""Does""}, ""User Type"": {""endIndexInSegment"": -1, ""startIndexInSegment"": -1, ""value"": ""Unspecified""}, ""Purpose"": {""endIndexInSegment"": 263, ""startIndexInSegment"": 210, ""selectedText"": ""deliver banner advertisements to you on the Internet."", ""value"": ""Advertising""}}",Not specified,http://www.austincc.edu/web-privacy-statement
7576,test_category_labeling_highlight_upitt,103,3701,9,First Party Collection/Use,"{""Collection Mode"": {""endIndexInSegment"": -1, ""startIndexInSegment"": -1, ""value"": ""not-selected""}, ""Choice Scope"": {""endIndexInSegment"": -1, ""startIndexInSegment"": -1, ""value"": ""not-selected""}, ""Action First-Party"": {""endIndexInSegment"": 91, ""startIndexInSegment"": 67, ""selectedText"": ""about your website visit"", ""value"": ""Collect on website""}, ""Personal Information Type"": {""endIndexInSegment"": 139, ""startIndexInSegment"": 92, ""selectedText"": ""through pixel tags, sometimes known as cookies."", ""value"": ""Cookies and tracking elements""}, ""Choice Type"": {""endIndexInSegment"": -1, ""startIndexInSegment"": -1, ""value"": ""not-selected""}, ""Identifiability"": {""endIndexInSegment"": 66, ""startIndexInSegment"": 17, ""selectedText"": ""anonymous non-personally identifiable information"", ""value"": ""Aggregated or anonymized""}, ""Does/Does Not"": {""endIndexInSegment"": -1, ""startIndexInSegment"": -1, ""value"": ""Does""}, ""User Type"": {""endIndexInSegment"": -1, ""startIndexInSegment"": -1, ""value"": ""not-selected""}, ""Purpose"": {""endIndexInSegment"": 263, ""startIndexInSegment"": 140, ""selectedText"": ""These tags help us track information about your visit and are used to deliver banner advertisements to you on the Internet."", ""value"": ""Advertising""}}",Not specified,http://www.austincc.edu/web-privacy-statement
15879,test_category_labeling_highlight_upitt,123,3701,9,First Party Collection/Use,"{""Collection Mode"": {""endIndexInSegment"": -1, ""startIndexInSegment"": -1, ""value"": ""Unspecified""}, ""Choice Scope"": {""endIndexInSegment"": -1, ""startIndexInSegment"": -1, ""value"": ""Unspecified""}, ""Action First-Party"": {""endIndexInSegment"": 91, ""startIndexInSegment"": 78, ""selectedText"": ""website visit"", ""value"": ""Collect on website""}, ""Personal Information Type"": {""endIndexInSegment"": 139, ""startIndexInSegment"": 100, ""selectedText"": ""pixel tags, sometimes known as cookies."", ""value"": ""Cookies and tracking elements""}, ""Choice Type"": {""endIndexInSegment"": -1, ""startIndexInSegment"": -1, ""value"": ""Unspecified""}, ""Identifiability"": {""endIndexInSegment"": 66, ""startIndexInSegment"": 17, ""selectedText"": ""anonymous non-personally identifiable information"", ""value"": ""Aggregated or anonymized""}, ""Does/Does Not"": {""endIndexInSegment"": 16, ""startIndexInSegment"": 4, ""selectedText"": ""will collect"", ""value"": ""Does""}, ""User Type"": {""endIndexInSegment"": -1, ""startIndexInSegment"": -1, ""value"": ""Unspecified""}, ""Purpose"": {""endIndexInSegment"": 263, ""startIndexInSegment"": 202, ""selectedText"": ""used to deliver banner advertisements to you on the Internet."", ""value"": ""Advertising""}}",Not specified,http://www.austincc.edu/web-privacy-statement
4583,test_category_labeling_highlight_upitt,95,3701,10,Data Retention,"{""Personal Information Type"": {""endIndexInSegment"": 123, ""startIndexInSegment"": 88, ""selectedText"": ""personally identifiable information"", ""value"": ""Generic personal information""}, ""Retention Period"": {""endIndexInSegment"": 87, ""startIndexInSegment"": 72, ""selectedText"": ""does not retain"", ""value"": ""Other""}, ""Retention Purpose"": {""endIndexInSegment"": 326, ""startIndexInSegment"": 221, ""selectedText"": ""sending an email, participating in a survey, responding to a request for information or \""contact us\"" form"", ""value"": ""Perform service""}}",Not specified,http://www.austincc.edu/web-privacy-statement
7577,test_category_labeling_highlight_upitt,103,3701,10,First Party Collection/Use,"{""Collection Mode"": {""endIndexInSegment"": 214, ""startIndexInSegment"": 163, ""selectedText"": ""unless you choose to provide such information to us"", ""value"": ""Implicit""}, ""Choice Scope"": {""endIndexInSegment"": -1, ""startIndexInSegment"": -1, ""value"": ""not-selected""}, ""Action First-Party"": {""endIndexInSegment"": 162, ""startIndexInSegment"": 134, ""selectedText"": ""when you visit our web sites"", ""value"": ""Collect on website""}, ""Personal Information Type"": {""endIndexInSegment"": 123, ""startIndexInSegment"": 88, ""selectedText"": ""personally identifiable information"", ""value"": ""Generic personal information""}, ""Choice Type"": {""endIndexInSegment"": -1, ""startIndexInSegment"": -1, ""value"": ""not-selected""}, ""Identifiability"": {""endIndexInSegment"": -1, ""startIndexInSegment"": -1, ""value"": ""not-selected""}, ""Does/Does Not"": {""endIndexInSegment"": 87, ""startIndexInSegment"": 72, ""selectedText"": ""does not retain"", ""value"": ""Does Not""}, ""User Type"": {""endIndexInSegment"": -1, ""startIndexInSegment"": -1, ""value"": ""not-selected""}, ""Purpose"": {""endIndexInSegment"": -1, ""startIndexInSegment"": -1, ""value"": ""Unspecified""}}",Not specified,http://www.austincc.edu/web-privacy-statement
7578,test_category_labeling_highlight_upitt,103,3701,10,First Party Collection/Use,"{""Collection Mode"": {""endIndexInSegment"": 333, ""startIndexInSegment"": 170, ""selectedText"": ""you choose to provide such information to us (i.e. sending an email, participating in a survey, responding to a request for information or \""contact us\"" form, etc.)"", ""value"": ""Explicit""}, ""Choice Scope"": {""endIndexInSegment"": -1, ""startIndexInSegment"": -1, ""value"": ""not-selected""}, ""Action First-Party"": {""endIndexInSegment"": 162, ""startIndexInSegment"": 124, ""selectedText"": ""about you when you visit our web sites"", ""value"": ""Collect on website""}, ""Personal Information Type"": {""endIndexInSegment"": 123, ""startIndexInSegment"": 88, ""selectedText"": ""personally identifiable information"", ""value"": ""Generic personal information""}, ""Choice Type"": {""endIndexInSegment"": -1, ""startIndexInSegment"": -1, ""value"": ""not-selected""}, ""Identifiability"": {""endIndexInSegment"": 123, ""startIndexInSegment"": 88, ""selectedText"": ""personally identifiable information"", ""value"": ""Identifiable""}, ""Does/Does Not"": {""endIndexInSegment"": 169, ""startIndexInSegment"": 163, ""selectedText"": ""unless"", ""value"": ""Does""}, ""User Type"": {""endIndexInSegment"": -1, ""startIndexInSegment"": -1, ""value"": ""not-selected""}, ""Purpose"": {""endIndexInSegment"": -1, ""startIndexInSegment"": -1, ""value"": ""Unspecified""}}",Not specified,http://www.austincc.edu/web-privacy-statement
15880,test_category_labeling_highlight_upitt,123,3701,10,First Party Collection/Use,"{""Collection Mode"": {""endIndexInSegment"": 214, ""startIndexInSegment"": 72, ""selectedText"": ""does not retain personally identifiable information about you when you visit our web sites unless you choose to provide such information to us"", ""value"": ""Implicit""}, ""Choice Scope"": {""endIndexInSegment"": -1, ""startIndexInSegment"": -1, ""value"": ""Unspecified""}, ""Action First-Party"": {""endIndexInSegment"": 162, ""startIndexInSegment"": 134, ""selectedText"": ""when you visit our web sites"", ""value"": ""Collect on website""}, ""Personal Information Type"": {""endIndexInSegment"": 123, ""startIndexInSegment"": 88, ""selectedText"": ""personally identifiable information"", ""value"": ""Generic personal information""}, ""Choice Type"": {""endIndexInSegment"": -1, ""startIndexInSegment"": -1, ""value"": ""Unspecified""}, ""Identifiability"": {""endIndexInSegment"": 133, ""startIndexInSegment"": 88, ""selectedText"": ""personally identifiable information about you"", ""value"": ""Identifiable""}, ""Does/Does Not"": {""endIndexInSegment"": 80, ""startIndexInSegment"": 72, ""selectedText"": ""does not"", ""value"": ""Does Not""}, ""User Type"": {""endIndexInSegment"": -1, ""startIndexInSegment"": -1, ""value"": ""Unspecified""}, ""Purpose"": {""endIndexInSegment"": -1, ""startIndexInSegment"": -1, ""value"": ""Unspecified""}}",Not specified,http://www.austincc.edu/web-privacy-statement
15881,test_category_labeling_highlight_upitt,123,3701,10,First Party Collection/Use,"{""Collection Mode"": {""endIndexInSegment"": 214, ""startIndexInSegment"": 163, ""selectedText"": ""unless you choose to provide such information to us"", ""value"": ""Explicit""}, ""Choice Scope"": {""endIndexInSegment"": -1, ""startIndexInSegment"": -1, ""value"": ""Unspecified""}, ""Action First-Party"": {""endIndexInSegment"": -1, ""startIndexInSegment"": -1, ""value"": ""Collect on website""}, ""Personal Information Type"": {""endIndexInSegment"": -1, ""startIndexInSegment"": -1, ""value"": ""Generic personal information""}, ""Choice Type"": {""endIndexInSegment"": -1, ""startIndexInSegment"": -1, ""value"": ""Unspecified""}, ""Identifiability"": {""endIndexInSegment"": -1, ""startIndexInSegment"": -1, ""value"": ""Identifiable""}, ""Does/Does Not"": {""endIndexInSegment"": 169, ""startIndexInSegment"": 163, ""selectedText"": ""unless"", ""value"": ""Does""}, ""User Type"": {""endIndexInSegment"": -1, ""startIndexInSegment"": -1, ""value"": ""Unspecified""}, ""Purpose"": {""endIndexInSegment"": -1, ""startIndexInSegment"": -1, ""value"": ""Unspecified""}}",Not specified,http://www.austincc.edu/web-privacy-statement
C1456,test_category_labeling_highlight_upitt,123,3701,11,Other,"{""Other Type"": {""endIndexInSegment"": 424, ""startIndexInSegment"": 0, ""selectedText"": ""We consider any information that could reasonably be used to identify you as \""personally identifying information.\"" This includes, but is not limited to: Name Address Email address Social Security Number Any combination of data that could be used to identify you such as your birth date, your zip code and your gender"", ""value"": ""Introductory/Generic""}}",Not specified,http://www.austincc.edu/web-privacy-statement
7579,test_category_labeling_highlight_upitt,103,3701,11,First Party Collection/Use,"{""Collection Mode"": {""endIndexInSegment"": -1, ""startIndexInSegment"": -1, ""value"": ""not-selected""}, ""Choice Scope"": {""endIndexInSegment"": -1, ""startIndexInSegment"": -1, ""value"": ""not-selected""}, ""Action First-Party"": {""endIndexInSegment"": 152, ""startIndexInSegment"": 0, ""selectedText"": ""We consider any information that could reasonably be used to identify you as \""personally identifying information.\"" This includes, but is not limited to:"", ""value"": ""Unspecified""}, ""Personal Information Type"": {""endIndexInSegment"": 243, ""startIndexInSegment"": 173, ""selectedText"": ""Name Address Email address"", ""value"": ""Contact""}, ""Choice Type"": {""endIndexInSegment"": -1, ""startIndexInSegment"": -1, ""value"": ""not-selected""}, ""Identifiability"": {""endIndexInSegment"": 114, ""startIndexInSegment"": 12, ""selectedText"": ""any information that could reasonably be used to identify you as \""personally identifying information.\"""", ""value"": ""Identifiable""}, ""Does/Does Not"": {""endIndexInSegment"": -1, ""startIndexInSegment"": -1, ""value"": ""Does""}, ""User Type"": {""endIndexInSegment"": -1, ""startIndexInSegment"": -1, ""value"": ""not-selected""}, ""Purpose"": {""endIndexInSegment"": -1, ""startIndexInSegment"": -1, ""value"": ""Unspecified""}}",Not specified,http://www.austincc.edu/web-privacy-statement
7580,test_category_labeling_highlight_upitt,103,3701,11,First Party Collection/Use,"{""Collection Mode"": {""endIndexInSegment"": -1, ""startIndexInSegment"": -1, ""value"": ""not-selected""}, ""Choice Scope"": {""endIndexInSegment"": -1, ""startIndexInSegment"": -1, ""value"": ""not-selected""}, ""Action First-Party"": {""endIndexInSegment"": 152, ""startIndexInSegment"": 0, ""selectedText"": ""We consider any information that could reasonably be used to identify you as \""personally identifying information.\"" This includes, but is not limited to:"", ""value"": ""Unspecified""}, ""Personal Information Type"": {""endIndexInSegment"": 424, ""startIndexInSegment"": 266, ""selectedText"": ""Social Security Number Any combination of data that could be used to identify you such as your birth date, your zip code and your gender"", ""value"": ""Personal identifier""}, ""Choice Type"": {""endIndexInSegment"": -1, ""startIndexInSegment"": -1, ""value"": ""not-selected""}, ""Identifiability"": {""endIndexInSegment"": 114, ""startIndexInSegment"": 12, ""selectedText"": ""any information that could reasonably be used to identify you as \""personally identifying information.\"""", ""value"": ""Identifiable""}, ""Does/Does Not"": {""endIndexInSegment"": -1, ""startIndexInSegment"": -1, ""value"": ""Does""}, ""User Type"": {""endIndexInSegment"": -1, ""startIndexInSegment"": -1, ""value"": ""not-selected""}, ""Purpose"": {""endIndexInSegment"": -1, ""startIndexInSegment"": -1, ""value"": ""Unspecified""}}",Not specified,http://www.austincc.edu/web-privacy-statement
C1457,test_category_labeling_highlight_upitt,123,3701,12,First Party Collection/Use,"{""Collection Mode"": {""endIndexInSegment"": 89, ""startIndexInSegment"": 0, ""selectedText"": ""If you provide personal information in an email or by completing a form and submitting it"", ""value"": ""Explicit""}, ""Choice Scope"": {""endIndexInSegment"": -1, ""startIndexInSegment"": -1, ""value"": ""Unspecified""}, ""Action First-Party"": {""endIndexInSegment"": 110, ""startIndexInSegment"": 90, ""selectedText"": ""through our Web site"", ""value"": ""Collect on website""}, ""Personal Information Type"": {""endIndexInSegment"": 35, ""startIndexInSegment"": 15, ""selectedText"": ""personal information"", ""value"": ""Generic personal information""}, ""Choice Type"": {""endIndexInSegment"": -1, ""startIndexInSegment"": -1, ""value"": ""Unspecified""}, ""Identifiability"": {""endIndexInSegment"": -1, ""startIndexInSegment"": -1, ""value"": ""Unspecified""}, ""Does/Does Not"": {""endIndexInSegment"": 139, ""startIndexInSegment"": 112, ""selectedText"": ""we may use that information"", ""value"": ""Does""}, ""User Type"": {""endIndexInSegment"": -1, ""startIndexInSegment"": -1, ""value"": ""Unspecified""}, ""Purpose"": {""endIndexInSegment"": 225, ""startIndexInSegment"": 140, ""selectedText"": ""to respond to your message and to help us get you the information you have requested."", ""value"": ""Basic service/feature""}}",Not specified,http://www.austincc.edu/web-privacy-statement
4585,test_category_labeling_highlight_upitt,95,3701,12,First Party Collection/Use,"{""Collection Mode"": {""endIndexInSegment"": 110, ""startIndexInSegment"": 0, ""selectedText"": ""If you provide personal information in an email or by completing a form and submitting it through our Web site"", ""value"": ""Explicit""}, ""Choice Scope"": {""endIndexInSegment"": -1, ""startIndexInSegment"": -1, ""value"": ""Unspecified""}, ""Action First-Party"": {""endIndexInSegment"": 110, ""startIndexInSegment"": 90, ""selectedText"": ""through our Web site"", ""value"": ""Collect on website""}, ""Personal Information Type"": {""endIndexInSegment"": 35, ""startIndexInSegment"": 15, ""selectedText"": ""personal information"", ""value"": ""Generic personal information""}, ""Choice Type"": {""endIndexInSegment"": -1, ""startIndexInSegment"": -1, ""value"": ""Unspecified""}, ""Identifiability"": {""endIndexInSegment"": 35, ""startIndexInSegment"": 15, ""selectedText"": ""personal information"", ""value"": ""Unspecified""}, ""Does/Does Not"": {""endIndexInSegment"": 139, ""startIndexInSegment"": 112, ""selectedText"": ""we may use that information"", ""value"": ""Does""}, ""User Type"": {""endIndexInSegment"": -1, ""startIndexInSegment"": -1, ""value"": ""Unspecified""}, ""Purpose"": {""endIndexInSegment"": 224, ""startIndexInSegment"": 143, ""selectedText"": ""respond to your message and to help us get you the information you have requested"", ""value"": ""Basic service/feature""}}",Not specified,http://www.austincc.edu/web-privacy-statement
15884,test_category_labeling_highlight_upitt,123,3701,12,First Party Collection/Use,"{""Collection Mode"": {""endIndexInSegment"": -1, ""startIndexInSegment"": -1, ""value"": ""Explicit""}, ""Choice Scope"": {""endIndexInSegment"": -1, ""startIndexInSegment"": -1, ""value"": ""Unspecified""}, ""Action First-Party"": {""endIndexInSegment"": -1, ""startIndexInSegment"": -1, ""value"": ""Collect on website""}, ""Personal Information Type"": {""endIndexInSegment"": 264, ""startIndexInSegment"": 244, ""selectedText"": ""personal information"", ""value"": ""Generic personal information""}, ""Choice Type"": {""endIndexInSegment"": -1, ""startIndexInSegment"": -1, ""value"": ""Unspecified""}, ""Identifiability"": {""endIndexInSegment"": -1, ""startIndexInSegment"": -1, ""value"": ""Unspecified""}, ""Does/Does Not"": {""endIndexInSegment"": 235, ""startIndexInSegment"": 226, ""selectedText"": ""We do not"", ""value"": ""Does Not""}, ""User Type"": {""endIndexInSegment"": -1, ""startIndexInSegment"": -1, ""value"": ""Unspecified""}, ""Purpose"": {""endIndexInSegment"": 335, ""startIndexInSegment"": 290, ""selectedText"": ""for any purpose other than to respond to you."", ""value"": ""Unspecified""}}",Not specified,http://www.austincc.edu/web-privacy-statement
4587,test_category_labeling_highlight_upitt,95,3701,13,Other,"{""Other Type"": {""endIndexInSegment"": 142, ""startIndexInSegment"": 37, ""selectedText"": ""ACC uses cookies, which are small pieces of information sent to your browser by a website that you visit."", ""value"": ""Introductory/Generic""}}",Not specified,http://www.austincc.edu/web-privacy-statement
4592,test_category_labeling_highlight_upitt,95,3701,13,First Party Collection/Use,"{""Collection Mode"": {""endIndexInSegment"": 53, ""startIndexInSegment"": 41, ""selectedText"": ""uses cookies"", ""value"": ""Implicit""}, ""Choice Scope"": {""endIndexInSegment"": -1, ""startIndexInSegment"": -1, ""value"": ""Unspecified""}, ""Action First-Party"": {""endIndexInSegment"": 141, ""startIndexInSegment"": 65, ""selectedText"": ""small pieces of information sent to your browser by a website that you visit"", ""value"": ""Collect on website""}, ""Personal Information Type"": {""endIndexInSegment"": 207, ""startIndexInSegment"": 172, ""selectedText"": ""personally identifiable information"", ""value"": ""Generic personal information""}, ""Choice Type"": {""endIndexInSegment"": -1, ""startIndexInSegment"": -1, ""value"": ""Unspecified""}, ""Identifiability"": {""endIndexInSegment"": 207, ""startIndexInSegment"": 172, ""selectedText"": ""personally identifiable information"", ""value"": ""Identifiable""}, ""Does/Does Not"": {""endIndexInSegment"": 163, ""startIndexInSegment"": 157, ""selectedText"": ""do not"", ""value"": ""Does Not""}, ""User Type"": {""endIndexInSegment"": -1, ""startIndexInSegment"": -1, ""value"": ""Unspecified""}, ""Purpose"": {""endIndexInSegment"": 452, ""startIndexInSegment"": 351, ""selectedText"": ""content adjustments and customer service improvements are made based on the data derived from cookies"", ""value"": ""Analytics/Research""}}",Not specified,http://www.austincc.edu/web-privacy-statement
4593,test_category_labeling_highlight_upitt,95,3701,13,First Party Collection/Use,"{""Collection Mode"": {""endIndexInSegment"": 53, ""startIndexInSegment"": 41, ""selectedText"": ""uses cookies"", ""value"": ""Implicit""}, ""Choice Scope"": {""endIndexInSegment"": -1, ""startIndexInSegment"": -1, ""value"": ""Unspecified""}, ""Action First-Party"": {""endIndexInSegment"": 141, ""startIndexInSegment"": 65, ""selectedText"": ""small pieces of information sent to your browser by a website that you visit"", ""value"": ""Collect on website""}, ""Personal Information Type"": {""endIndexInSegment"": 287, ""startIndexInSegment"": 235, ""selectedText"": ""usage patterns, traffic trends and customer behavior"", ""value"": ""User online activities""}, ""Choice Type"": {""endIndexInSegment"": -1, ""startIndexInSegment"": -1, ""value"": ""Unspecified""}, ""Identifiability"": {""endIndexInSegment"": 581, ""startIndexInSegment"": 567, ""selectedText"": ""aggregate form"", ""value"": ""Aggregated or anonymized""}, ""Does/Does Not"": {""endIndexInSegment"": 225, ""startIndexInSegment"": 209, ""selectedText"": ""Cookies are used"", ""value"": ""Does""}, ""User Type"": {""endIndexInSegment"": -1, ""startIndexInSegment"": -1, ""value"": ""Unspecified""}, ""Purpose"": {""endIndexInSegment"": 452, ""startIndexInSegment"": 351, ""selectedText"": ""content adjustments and customer service improvements are made based on the data derived from cookies"", ""value"": ""Analytics/Research""}}",Not specified,http://www.austincc.edu/web-privacy-statement
4594,test_category_labeling_highlight_upitt,95,3701,13,First Party Collection/Use,"{""Collection Mode"": {""endIndexInSegment"": 53, ""startIndexInSegment"": 41, ""selectedText"": ""uses cookies"", ""value"": ""Implicit""}, ""Choice Scope"": {""endIndexInSegment"": -1, ""startIndexInSegment"": -1, ""value"": ""Unspecified""}, ""Action First-Party"": {""endIndexInSegment"": 141, ""startIndexInSegment"": 65, ""selectedText"": ""small pieces of information sent to your browser by a website that you visit"", ""value"": ""Collect on website""}, ""Personal Information Type"": {""endIndexInSegment"": 344, ""startIndexInSegment"": 303, ""selectedText"": ""record other information from the website"", ""value"": ""Unspecified""}, ""Choice Type"": {""endIndexInSegment"": -1, ""startIndexInSegment"": -1, ""value"": ""Unspecified""}, ""Identifiability"": {""endIndexInSegment"": 581, ""startIndexInSegment"": 567, ""selectedText"": ""aggregate form"", ""value"": ""Aggregated or anonymized""}, ""Does/Does Not"": {""endIndexInSegment"": 225, ""startIndexInSegment"": 209, ""selectedText"": ""Cookies are used"", ""value"": ""Does""}, ""User Type"": {""endIndexInSegment"": -1, ""startIndexInSegment"": -1, ""value"": ""Unspecified""}, ""Purpose"": {""endIndexInSegment"": 452, ""startIndexInSegment"": 351, ""selectedText"": ""content adjustments and customer service improvements are made based on the data derived from cookies"", ""value"": ""Analytics/Research""}}",Not specified,http://www.austincc.edu/web-privacy-statement
4595,test_category_labeling_highlight_upitt,95,3701,13,First Party Collection/Use,"{""Collection Mode"": {""endIndexInSegment"": 53, ""startIndexInSegment"": 41, ""selectedText"": ""uses cookies"", ""value"": ""Implicit""}, ""Choice Scope"": {""endIndexInSegment"": -1, ""startIndexInSegment"": -1, ""value"": ""Unspecified""}, ""Action First-Party"": {""endIndexInSegment"": 141, ""startIndexInSegment"": 65, ""selectedText"": ""small pieces of information sent to your browser by a website that you visit"", ""value"": ""Collect on website""}, ""Personal Information Type"": {""endIndexInSegment"": 344, ""startIndexInSegment"": 303, ""selectedText"": ""record other information from the website"", ""value"": ""Unspecified""}, ""Choice Type"": {""endIndexInSegment"": -1, ""startIndexInSegment"": -1, ""value"": ""Unspecified""}, ""Identifiability"": {""endIndexInSegment"": 581, ""startIndexInSegment"": 567, ""selectedText"": ""aggregate form"", ""value"": ""Aggregated or anonymized""}, ""Does/Does Not"": {""endIndexInSegment"": 513, ""startIndexInSegment"": 497, ""selectedText"": ""will not be used"", ""value"": ""Does Not""}, ""User Type"": {""endIndexInSegment"": -1, ""startIndexInSegment"": -1, ""value"": ""Unspecified""}, ""Purpose"": {""endIndexInSegment"": 541, ""startIndexInSegment"": 517, ""selectedText"": ""create profiles of users"", ""value"": ""Personalization/Customization""}}",Not specified,http://www.austincc.edu/web-privacy-statement
4596,test_category_labeling_highlight_upitt,95,3701,13,First Party Collection/Use,"{""Collection Mode"": {""endIndexInSegment"": 53, ""startIndexInSegment"": 41, ""selectedText"": ""uses cookies"", ""value"": ""Implicit""}, ""Choice Scope"": {""endIndexInSegment"": -1, ""startIndexInSegment"": -1, ""value"": ""Unspecified""}, ""Action First-Party"": {""endIndexInSegment"": 141, ""startIndexInSegment"": 65, ""selectedText"": ""small pieces of information sent to your browser by a website that you visit"", ""value"": ""Collect on website""}, ""Personal Information Type"": {""endIndexInSegment"": 287, ""startIndexInSegment"": 235, ""selectedText"": ""usage patterns, traffic trends and customer behavior"", ""value"": ""User online activities""}, ""Choice Type"": {""endIndexInSegment"": -1, ""startIndexInSegment"": -1, ""value"": ""Unspecified""}, ""Identifiability"": {""endIndexInSegment"": 581, ""startIndexInSegment"": 567, ""selectedText"": ""aggregate form"", ""value"": ""Aggregated or anonymized""}, ""Does/Does Not"": {""endIndexInSegment"": 513, ""startIndexInSegment"": 497, ""selectedText"": ""will not be used"", ""value"": ""Does Not""}, ""User Type"": {""endIndexInSegment"": -1, ""startIndexInSegment"": -1, ""value"": ""Unspecified""}, ""Purpose"": {""endIndexInSegment"": 541, ""startIndexInSegment"": 517, ""selectedText"": ""create profiles of users"", ""value"": ""Personalization/Customization""}}",Not specified,http://www.austincc.edu/web-privacy-statement
7722,test_category_labeling_highlight_upitt,103,3701,13,First Party Collection/Use,"{""Collection Mode"": {""endIndexInSegment"": -1, ""startIndexInSegment"": -1, ""value"": ""not-selected""}, ""Choice Scope"": {""endIndexInSegment"": -1, ""startIndexInSegment"": -1, ""value"": ""not-selected""}, ""Action First-Party"": {""endIndexInSegment"": 54, ""startIndexInSegment"": 37, ""selectedText"": ""ACC uses cookies,"", ""value"": ""Collect on website""}, ""Personal Information Type"": {""endIndexInSegment"": 142, ""startIndexInSegment"": 9, ""selectedText"": ""Cookies ACC uses cookies, which are small pieces of information sent to your browser by a website that you visit."", ""value"": ""Cookies and tracking elements""}, ""Choice Type"": {""endIndexInSegment"": -1, ""startIndexInSegment"": -1, ""value"": ""not-selected""}, ""Identifiability"": {""endIndexInSegment"": 582, ""startIndexInSegment"": 454, ""selectedText"": ""Information that ACC collects from cookies will not be used to create profiles of users and will only be used in aggregate form."", ""value"": ""Aggregated or anonymized""}, ""Does/Does Not"": {""endIndexInSegment"": -1, ""startIndexInSegment"": -1, ""value"": ""Does""}, ""User Type"": {""endIndexInSegment"": -1, ""startIndexInSegment"": -1, ""value"": ""not-selected""}, ""Purpose"": {""endIndexInSegment"": 453, ""startIndexInSegment"": 209, ""selectedText"": ""Cookies are used to track usage patterns, traffic trends and customer behavior, as well as to record other information from the website. Many content adjustments and customer service improvements are made based on the data derived from cookies."", ""value"": ""Unspecified""}}",Not specified,http://www.austincc.edu/web-privacy-statement
15885,test_category_labeling_highlight_upitt,123,3701,13,First Party Collection/Use,"{""Collection Mode"": {""endIndexInSegment"": 142, ""startIndexInSegment"": 65, ""selectedText"": ""small pieces of information sent to your browser by a website that you visit."", ""value"": ""Implicit""}, ""Choice Scope"": {""endIndexInSegment"": -1, ""startIndexInSegment"": -1, ""value"": ""Unspecified""}, ""Action First-Party"": {""endIndexInSegment"": 126, ""startIndexInSegment"": 119, ""selectedText"": ""website"", ""value"": ""Collect on website""}, ""Personal Information Type"": {""endIndexInSegment"": 496, ""startIndexInSegment"": 489, ""selectedText"": ""cookies"", ""value"": ""Cookies and tracking elements""}, ""Choice Type"": {""endIndexInSegment"": -1, ""startIndexInSegment"": -1, ""value"": ""Unspecified""}, ""Identifiability"": {""endIndexInSegment"": 582, ""startIndexInSegment"": 546, ""selectedText"": ""will only be used in aggregate form."", ""value"": ""Aggregated or anonymized""}, ""Does/Does Not"": {""endIndexInSegment"": 54, ""startIndexInSegment"": 37, ""selectedText"": ""ACC uses cookies,"", ""value"": ""Does""}, ""User Type"": {""endIndexInSegment"": -1, ""startIndexInSegment"": -1, ""value"": ""Unspecified""}, ""Purpose"": {""endIndexInSegment"": 287, ""startIndexInSegment"": 209, ""selectedText"": ""Cookies are used to track usage patterns, traffic trends and customer behavior"", ""value"": ""Analytics/Research""}}",Not specified,http://www.austincc.edu/web-privacy-statement
15886,test_category_labeling_highlight_upitt,123,3701,13,First Party Collection/Use,"{""Collection Mode"": {""endIndexInSegment"": -1, ""startIndexInSegment"": -1, ""value"": ""Implicit""}, ""Choice Scope"": {""endIndexInSegment"": -1, ""startIndexInSegment"": -1, ""value"": ""Unspecified""}, ""Action First-Party"": {""endIndexInSegment"": -1, ""startIndexInSegment"": -1, ""value"": ""Collect on website""}, ""Personal Information Type"": {""endIndexInSegment"": -1, ""startIndexInSegment"": -1, ""value"": ""Cookies and tracking elements""}, ""Choice Type"": {""endIndexInSegment"": -1, ""startIndexInSegment"": -1, ""value"": ""Unspecified""}, ""Identifiability"": {""endIndexInSegment"": 541, ""startIndexInSegment"": 514, ""selectedText"": ""to create profiles of users"", ""value"": ""Identifiable""}, ""Does/Does Not"": {""endIndexInSegment"": 513, ""startIndexInSegment"": 497, ""selectedText"": ""will not be used"", ""value"": ""Does Not""}, ""User Type"": {""endIndexInSegment"": -1, ""startIndexInSegment"": -1, ""value"": ""Unspecified""}, ""Purpose"": {""endIndexInSegment"": -1, ""startIndexInSegment"": -1, ""value"": ""Unspecified""}}",Not specified,http://www.austincc.edu/web-privacy-statement
4597,test_category_labeling_highlight_upitt,95,3701,14,Other,"{""Other Type"": {""endIndexInSegment"": 416, ""startIndexInSegment"": 9, ""selectedText"": ""Web Beacons </strong> <br> <br> A \""tracking pixel\"" (sometimes called \""web beacons\"", \""transparent GIFs\"", \""clear GIFs\"", \""pixel gifs\"", or \""pixel tags\"") is a tiny, invisible image that allows us to track activities based on pages you visit. Tracking pixels redeliver advertising and notifications through 3rd party vendors. No personally identifiable information is collected through these retargeting services,"", ""value"": ""Introductory/Generic""}}",Not specified,http://www.austincc.edu/web-privacy-statement
4598,test_category_labeling_highlight_upitt,95,3701,14,Third Party Sharing/Collection,"{""Third Party Entity"": {""endIndexInSegment"": 327, ""startIndexInSegment"": 310, ""selectedText"": ""3rd party vendors"", ""value"": ""Unnamed third party""}, ""Choice Scope"": {""endIndexInSegment"": -1, ""startIndexInSegment"": -1, ""value"": ""Unspecified""}, ""Purpose"": {""endIndexInSegment"": -1, ""startIndexInSegment"": -1, ""value"": ""Unspecified""}, ""Personal Information Type"": {""endIndexInSegment"": 244, ""startIndexInSegment"": 203, ""selectedText"": ""track activities based on pages you visit"", ""value"": ""User online activities""}, ""Choice Type"": {""endIndexInSegment"": -1, ""startIndexInSegment"": -1, ""value"": ""Unspecified""}, ""Identifiability"": {""endIndexInSegment"": 597, ""startIndexInSegment"": 582, ""selectedText"": ""aggregated form"", ""value"": ""Aggregated or anonymized""}, ""Does/Does Not"": {""endIndexInSegment"": 219, ""startIndexInSegment"": 190, ""selectedText"": ""allows us to track activities"", ""value"": ""Does""}, ""User Type"": {""endIndexInSegment"": -1, ""startIndexInSegment"": -1, ""value"": ""Unspecified""}, ""Action Third Party"": {""endIndexInSegment"": 327, ""startIndexInSegment"": 246, ""selectedText"": ""Tracking pixels redeliver advertising and notifications through 3rd party vendors"", ""value"": ""Track on first party website/app""}}",Not specified,http://www.austincc.edu/web-privacy-statement
4599,test_category_labeling_highlight_upitt,95,3701,14,Third Party Sharing/Collection,"{""Third Party Entity"": {""endIndexInSegment"": 327, ""startIndexInSegment"": 310, ""selectedText"": ""3rd party vendors"", ""value"": ""Unnamed third party""}, ""Choice Scope"": {""endIndexInSegment"": -1, ""startIndexInSegment"": -1, ""value"": ""Unspecified""}, ""Purpose"": {""endIndexInSegment"": -1, ""startIndexInSegment"": -1, ""value"": ""Unspecified""}, ""Personal Information Type"": {""endIndexInSegment"": 244, ""startIndexInSegment"": 203, ""selectedText"": ""track activities based on pages you visit"", ""value"": ""User online activities""}, ""Choice Type"": {""endIndexInSegment"": -1, ""startIndexInSegment"": -1, ""value"": ""Unspecified""}, ""Identifiability"": {""endIndexInSegment"": 367, ""startIndexInSegment"": 332, ""selectedText"": ""personally identifiable information"", ""value"": ""Identifiable""}, ""Does/Does Not"": {""endIndexInSegment"": 380, ""startIndexInSegment"": 329, ""selectedText"": ""No personally identifiable information is collected"", ""value"": ""Does Not""}, ""User Type"": {""endIndexInSegment"": -1, ""startIndexInSegment"": -1, ""value"": ""Unspecified""}, ""Action Third Party"": {""endIndexInSegment"": 380, ""startIndexInSegment"": 329, ""selectedText"": ""No personally identifiable information is collected"", ""value"": ""Collect on first party website/app""}}",Not specified,http://www.austincc.edu/web-privacy-statement
4600,test_category_labeling_highlight_upitt,95,3701,14,Third Party Sharing/Collection,"{""Third Party Entity"": {""endIndexInSegment"": 327, ""startIndexInSegment"": 310, ""selectedText"": ""3rd party vendors"", ""value"": ""Unnamed third party""}, ""Choice Scope"": {""endIndexInSegment"": -1, ""startIndexInSegment"": -1, ""value"": ""Unspecified""}, ""Purpose"": {""endIndexInSegment"": -1, ""startIndexInSegment"": -1, ""value"": ""Unspecified""}, ""Personal Information Type"": {""endIndexInSegment"": 244, ""startIndexInSegment"": 203, ""selectedText"": ""track activities based on pages you visit"", ""value"": ""User online activities""}, ""Choice Type"": {""endIndexInSegment"": -1, ""startIndexInSegment"": -1, ""value"": ""Unspecified""}, ""Identifiability"": {""endIndexInSegment"": 597, ""startIndexInSegment"": 582, ""selectedText"": ""aggregated form"", ""value"": ""Aggregated or anonymized""}, ""Does/Does Not"": {""endIndexInSegment"": 443, ""startIndexInSegment"": 421, ""selectedText"": ""we do not sell or rent"", ""value"": ""Does Not""}, ""User Type"": {""endIndexInSegment"": -1, ""startIndexInSegment"": -1, ""value"": ""Unspecified""}, ""Action Third Party"": {""endIndexInSegment"": 493, ""startIndexInSegment"": 431, ""selectedText"": ""sell or rent the information collected through tracking pixels"", ""value"": ""Receive/Shared with""}}",Not specified,http://www.austincc.edu/web-privacy-statement
7724,test_category_labeling_highlight_upitt,103,3701,14,First Party Collection/Use,"{""Collection Mode"": {""endIndexInSegment"": -1, ""startIndexInSegment"": -1, ""value"": ""not-selected""}, ""Choice Scope"": {""endIndexInSegment"": -1, ""startIndexInSegment"": -1, ""value"": ""not-selected""}, ""Action First-Party"": {""endIndexInSegment"": 245, ""startIndexInSegment"": 169, ""selectedText"": ""invisible image that allows us to track activities based on pages you visit."", ""value"": ""Track user on other websites""}, ""Personal Information Type"": {""endIndexInSegment"": 245, ""startIndexInSegment"": 41, ""selectedText"": ""A \""tracking pixel\"" (sometimes called \""web beacons\"", \""transparent GIFs\"", \""clear GIFs\"", \""pixel gifs\"", or \""pixel tags\"") is a tiny, invisible image that allows us to track activities based on pages you visit."", ""value"": ""Cookies and tracking elements""}, ""Choice Type"": {""endIndexInSegment"": -1, ""startIndexInSegment"": -1, ""value"": ""not-selected""}, ""Identifiability"": {""endIndexInSegment"": 649, ""startIndexInSegment"": 495, ""selectedText"": ""Information collected through tracking pixels can only be shared with third parties in aggregated form and in accordance with the college's privacy policy"", ""value"": ""Aggregated or anonymized""}, ""Does/Does Not"": {""endIndexInSegment"": -1, ""startIndexInSegment"": -1, ""value"": ""Does""}, ""User Type"": {""endIndexInSegment"": -1, ""startIndexInSegment"": -1, ""value"": ""not-selected""}, ""Purpose"": {""endIndexInSegment"": 328, ""startIndexInSegment"": 246, ""selectedText"": ""Tracking pixels redeliver advertising and notifications through 3rd party vendors."", ""value"": ""Advertising""}}",Not specified,http://www.austincc.edu/web-privacy-statement
15887,test_category_labeling_highlight_upitt,123,3701,14,Other,"{""Other Type"": {""endIndexInSegment"": 328, ""startIndexInSegment"": 41, ""selectedText"": ""A \""tracking pixel\"" (sometimes called \""web beacons\"", \""transparent GIFs\"", \""clear GIFs\"", \""pixel gifs\"", or \""pixel tags\"") is a tiny, invisible image that allows us to track activities based on pages you visit. Tracking pixels redeliver advertising and notifications through 3rd party vendors."", ""value"": ""Introductory/Generic""}}",Not specified,http://www.austincc.edu/web-privacy-statement
15888,test_category_labeling_highlight_upitt,123,3701,14,Third Party Sharing/Collection,"{""Third Party Entity"": {""endIndexInSegment"": 578, ""startIndexInSegment"": 565, ""selectedText"": ""third parties"", ""value"": ""Unnamed third party""}, ""Choice Scope"": {""endIndexInSegment"": -1, ""startIndexInSegment"": -1, ""value"": ""Unspecified""}, ""Purpose"": {""endIndexInSegment"": -1, ""startIndexInSegment"": -1, ""value"": ""Unspecified""}, ""Personal Information Type"": {""endIndexInSegment"": 540, ""startIndexInSegment"": 495, ""selectedText"": ""Information collected through tracking pixels"", ""value"": ""Cookies and tracking elements""}, ""Choice Type"": {""endIndexInSegment"": -1, ""startIndexInSegment"": -1, ""value"": ""Unspecified""}, ""Identifiability"": {""endIndexInSegment"": 597, ""startIndexInSegment"": 579, ""selectedText"": ""in aggregated form"", ""value"": ""Aggregated or anonymized""}, ""Does/Does Not"": {""endIndexInSegment"": -1, ""startIndexInSegment"": -1, ""value"": ""Does""}, ""User Type"": {""endIndexInSegment"": -1, ""startIndexInSegment"": -1, ""value"": ""Unspecified""}, ""Action Third Party"": {""endIndexInSegment"": 578, ""startIndexInSegment"": 553, ""selectedText"": ""shared with third parties"", ""value"": ""Receive/Shared with""}}",Not specified,http://www.austincc.edu/web-privacy-statement
15889,test_category_labeling_highlight_upitt,123,3701,14,First Party Collection/Use,"{""Collection Mode"": {""endIndexInSegment"": -1, ""startIndexInSegment"": -1, ""value"": ""Unspecified""}, ""Choice Scope"": {""endIndexInSegment"": -1, ""startIndexInSegment"": -1, ""value"": ""Unspecified""}, ""Action First-Party"": {""endIndexInSegment"": -1, ""startIndexInSegment"": -1, ""value"": ""Unspecified""}, ""Personal Information Type"": {""endIndexInSegment"": 493, ""startIndexInSegment"": 448, ""selectedText"": ""information collected through tracking pixels"", ""value"": ""Cookies and tracking elements""}, ""Choice Type"": {""endIndexInSegment"": -1, ""startIndexInSegment"": -1, ""value"": ""Unspecified""}, ""Identifiability"": {""endIndexInSegment"": 367, ""startIndexInSegment"": 332, ""selectedText"": ""personally identifiable information"", ""value"": ""Identifiable""}, ""Does/Does Not"": {""endIndexInSegment"": 380, ""startIndexInSegment"": 329, ""selectedText"": ""No personally identifiable information is collected"", ""value"": ""Does Not""}, ""User Type"": {""endIndexInSegment"": -1, ""startIndexInSegment"": -1, ""value"": ""Unspecified""}, ""Purpose"": {""endIndexInSegment"": -1, ""startIndexInSegment"": -1, ""value"": ""Unspecified""}}",Not specified,http://www.austincc.edu/web-privacy-statement
15890,test_category_labeling_highlight_upitt,123,3701,14,First Party Collection/Use,"{""Collection Mode"": {""endIndexInSegment"": -1, ""startIndexInSegment"": -1, ""value"": ""Unspecified""}, ""Choice Scope"": {""endIndexInSegment"": -1, ""startIndexInSegment"": -1, ""value"": ""Unspecified""}, ""Action First-Party"": {""endIndexInSegment"": -1, ""startIndexInSegment"": -1, ""value"": ""Unspecified""}, ""Personal Information Type"": {""endIndexInSegment"": -1, ""startIndexInSegment"": -1, ""value"": ""Cookies and tracking elements""}, ""Choice Type"": {""endIndexInSegment"": -1, ""startIndexInSegment"": -1, ""value"": ""Unspecified""}, ""Identifiability"": {""endIndexInSegment"": 597, ""startIndexInSegment"": 582, ""selectedText"": ""aggregated form"", ""value"": ""Aggregated or anonymized""}, ""Does/Does Not"": {""endIndexInSegment"": 516, ""startIndexInSegment"": 495, ""selectedText"": ""Information collected"", ""value"": ""Does""}, ""User Type"": {""endIndexInSegment"": -1, ""startIndexInSegment"": -1, ""value"": ""Unspecified""}, ""Purpose"": {""endIndexInSegment"": -1, ""startIndexInSegment"": -1, ""value"": ""Unspecified""}}",Not specified,http://www.austincc.edu/web-privacy-statement
C1458,test_category_labeling_highlight_upitt,103,3701,15,Data Security,"{""Security Measure"": {""endIndexInSegment"": 293, ""startIndexInSegment"": 9, ""selectedText"": ""Security accuracy of personal and confidential information Although no computer system is 100 percent secure, Austin Community College has deployed extensive security measures to protect against the loss, misuse, or alteration of the information under our control."", ""value"": ""Generic""}}",Not specified,http://www.austincc.edu/web-privacy-statement
15891,test_category_labeling_highlight_upitt,123,3701,15,Data Security,"{""Security Measure"": {""endIndexInSegment"": 293, ""startIndexInSegment"": 168, ""selectedText"": ""deployed extensive security measures to protect against the loss, misuse, or alteration of the information under our control."", ""value"": ""Generic""}}",Not specified,http://www.austincc.edu/web-privacy-statement
C1459,test_category_labeling_highlight_upitt,123,3701,16,Other,"{""Other Type"": {""endIndexInSegment"": 343, ""startIndexInSegment"": 0, ""selectedText"": ""If you are concerned about the accuracy of information contained in your personal records, you should contact the custodian of the record, which is typically the department that collects and maintains the information. For example, contact the Admissions and Records Office about information collected through the Web application for admission."", ""value"": ""Privacy contact information""}}",Not specified,http://www.austincc.edu/web-privacy-statement
4602,test_category_labeling_highlight_upitt,95,3701,16,"User Access, Edit and Deletion","{""Access Type"": {""endIndexInSegment"": 137, ""startIndexInSegment"": 91, ""selectedText"": ""you should contact the custodian of the record"", ""value"": ""Unspecified""}, ""User Type"": {""endIndexInSegment"": -1, ""startIndexInSegment"": -1, ""value"": ""Unspecified""}, ""Access Scope"": {""endIndexInSegment"": 89, ""startIndexInSegment"": 31, ""selectedText"": ""accuracy of information contained in your personal records"", ""value"": ""Other""}}",Not specified,http://www.austincc.edu/web-privacy-statement
C1460,test_category_labeling_highlight_upitt,123,3701,17,Other,"{""Other Type"": {""endIndexInSegment"": 304, ""startIndexInSegment"": 43, ""selectedText"": ""Links to non-ACC organizations are provided solely as a service to our users. These links do not constitute an endorsement of these organizations or their programs by ACC, and none should be inferred. ACC is not responsible for the content found at these links."", ""value"": ""Introductory/Generic""}}",Not specified,http://www.austincc.edu/web-privacy-statement
C1461,test_category_labeling_highlight_upitt,123,3701,18,Other,"{""Other Type"": {""endIndexInSegment"": 197, ""startIndexInSegment"": 39, ""selectedText"": ""If you have questions about this privacy statement or you believe that your personal information has been released without your consent email the Help Center."", ""value"": ""Privacy contact information""}}",Not specified,http://www.austincc.edu/web-privacy-statement
