C895,test_category_labeling_highlight,88,3636,0,Other,"{""Other Type"": {""endIndexInSegment"": 312, ""startIndexInSegment"": 99, ""selectedText"": ""Your privacy is important to us. To better protect your privacy we provide this notice explaining our online information practices and the choices you can make about the way your information is collected and used."", ""value"": ""Introductory/Generic""}}",5/12/14,http://www.dailyillini.com/page/privacy
C896,test_category_labeling_highlight,82,3636,1,Other,"{""Other Type"": {""endIndexInSegment"": 323, ""startIndexInSegment"": 56, ""selectedText"": ""This notice applies to all information collected or submitted on any of Illini Media's websites including dailyillini.com. On some of our pages, you may have the option to create an account, make requests, register for contests, and/or submit content to our websites."", ""value"": ""Introductory/Generic""}}",5/12/14,http://www.dailyillini.com/page/privacy
C897,test_category_labeling_highlight,82,3636,2,Third Party Sharing/Collection,"{""Third Party Entity"": {""endIndexInSegment"": 381, ""startIndexInSegment"": 366, ""selectedText"": ""outside parties"", ""value"": ""Unnamed third party""}, ""Choice Scope"": {""endIndexInSegment"": -1, ""startIndexInSegment"": -1, ""value"": ""Unspecified""}, ""Purpose"": {""endIndexInSegment"": -1, ""startIndexInSegment"": -1, ""value"": ""Unspecified""}, ""Personal Information Type"": {""endIndexInSegment"": 24, ""startIndexInSegment"": 4, ""selectedText"": ""personal information"", ""value"": ""Generic personal information""}, ""Choice Type"": {""endIndexInSegment"": 430, ""startIndexInSegment"": 389, ""selectedText"": ""otherwise noted at the time of data entry"", ""value"": ""Opt-in""}, ""Identifiability"": {""endIndexInSegment"": -1, ""startIndexInSegment"": -1, ""value"": ""Unspecified""}, ""Does/Does Not"": {""endIndexInSegment"": 343, ""startIndexInSegment"": 331, ""selectedText"": ""do not share"", ""value"": ""Does Not""}, ""User Type"": {""endIndexInSegment"": -1, ""startIndexInSegment"": -1, ""value"": ""Unspecified""}, ""Action Third Party"": {""endIndexInSegment"": 343, ""startIndexInSegment"": 338, ""selectedText"": ""share"", ""value"": ""Receive/Shared with""}}",5/12/14,http://www.dailyillini.com/page/privacy
2925,test_category_labeling_highlight,84,3636,2,First Party Collection/Use,"{""Collection Mode"": {""endIndexInSegment"": -1, ""startIndexInSegment"": -1, ""value"": ""Unspecified""}, ""Choice Scope"": {""endIndexInSegment"": -1, ""startIndexInSegment"": -1, ""value"": ""Unspecified""}, ""Action First-Party"": {""endIndexInSegment"": 48, ""startIndexInSegment"": 38, ""selectedText"": ""these page"", ""value"": ""Collect on website""}, ""Personal Information Type"": {""endIndexInSegment"": -1, ""startIndexInSegment"": -1, ""value"": ""Unspecified""}, ""Choice Type"": {""endIndexInSegment"": -1, ""startIndexInSegment"": -1, ""value"": ""Unspecified""}, ""Identifiability"": {""endIndexInSegment"": 70, ""startIndexInSegment"": 62, ""selectedText"": ""identify"", ""value"": ""Identifiable""}, ""Does/Does Not"": {""endIndexInSegment"": 34, ""startIndexInSegment"": 25, ""selectedText"": ""collected"", ""value"": ""Does""}, ""User Type"": {""endIndexInSegment"": -1, ""startIndexInSegment"": -1, ""value"": ""Unspecified""}, ""Purpose"": {""endIndexInSegment"": 70, ""startIndexInSegment"": 62, ""selectedText"": ""identify"", ""value"": ""Personalization/Customization""}}",5/12/14,http://www.dailyillini.com/page/privacy
2926,test_category_labeling_highlight,84,3636,2,First Party Collection/Use,"{""Collection Mode"": {""endIndexInSegment"": -1, ""startIndexInSegment"": -1, ""value"": ""Unspecified""}, ""Choice Scope"": {""endIndexInSegment"": -1, ""startIndexInSegment"": -1, ""value"": ""Unspecified""}, ""Action First-Party"": {""endIndexInSegment"": 48, ""startIndexInSegment"": 38, ""selectedText"": ""these page"", ""value"": ""Collect on website""}, ""Personal Information Type"": {""endIndexInSegment"": -1, ""startIndexInSegment"": -1, ""value"": ""Unspecified""}, ""Choice Type"": {""endIndexInSegment"": -1, ""startIndexInSegment"": -1, ""value"": ""Unspecified""}, ""Identifiability"": {""endIndexInSegment"": 70, ""startIndexInSegment"": 62, ""selectedText"": ""identify"", ""value"": ""Identifiable""}, ""Does/Does Not"": {""endIndexInSegment"": 34, ""startIndexInSegment"": 25, ""selectedText"": ""collected"", ""value"": ""Does""}, ""User Type"": {""endIndexInSegment"": -1, ""startIndexInSegment"": -1, ""value"": ""Unspecified""}, ""Purpose"": {""endIndexInSegment"": 142, ""startIndexInSegment"": 101, ""selectedText"": ""track your usage of interactive features,"", ""value"": ""Analytics/Research""}}",5/12/14,http://www.dailyillini.com/page/privacy
2927,test_category_labeling_highlight,84,3636,2,First Party Collection/Use,"{""Collection Mode"": {""endIndexInSegment"": -1, ""startIndexInSegment"": -1, ""value"": ""Unspecified""}, ""Choice Scope"": {""endIndexInSegment"": -1, ""startIndexInSegment"": -1, ""value"": ""Unspecified""}, ""Action First-Party"": {""endIndexInSegment"": 48, ""startIndexInSegment"": 38, ""selectedText"": ""these page"", ""value"": ""Collect on website""}, ""Personal Information Type"": {""endIndexInSegment"": -1, ""startIndexInSegment"": -1, ""value"": ""Unspecified""}, ""Choice Type"": {""endIndexInSegment"": -1, ""startIndexInSegment"": -1, ""value"": ""Unspecified""}, ""Identifiability"": {""endIndexInSegment"": 70, ""startIndexInSegment"": 62, ""selectedText"": ""identify"", ""value"": ""Identifiable""}, ""Does/Does Not"": {""endIndexInSegment"": 34, ""startIndexInSegment"": 25, ""selectedText"": ""collected"", ""value"": ""Does""}, ""User Type"": {""endIndexInSegment"": -1, ""startIndexInSegment"": -1, ""value"": ""Unspecified""}, ""Purpose"": {""endIndexInSegment"": 203, ""startIndexInSegment"": 147, ""selectedText"": ""to communicate with you regarding site news and updates."", ""value"": ""Marketing""}}",5/12/14,http://www.dailyillini.com/page/privacy
3707,test_category_labeling_highlight,82,3636,2,First Party Collection/Use,"{""Collection Mode"": {""endIndexInSegment"": -1, ""startIndexInSegment"": -1, ""value"": ""Unspecified""}, ""Choice Scope"": {""endIndexInSegment"": -1, ""startIndexInSegment"": -1, ""value"": ""Unspecified""}, ""Action First-Party"": {""endIndexInSegment"": 49, ""startIndexInSegment"": 25, ""selectedText"": ""collected at these pages"", ""value"": ""Collect on website""}, ""Personal Information Type"": {""endIndexInSegment"": 24, ""startIndexInSegment"": 4, ""selectedText"": ""personal information"", ""value"": ""Generic personal information""}, ""Choice Type"": {""endIndexInSegment"": -1, ""startIndexInSegment"": -1, ""value"": ""Unspecified""}, ""Identifiability"": {""endIndexInSegment"": -1, ""startIndexInSegment"": -1, ""value"": ""Unspecified""}, ""Does/Does Not"": {""endIndexInSegment"": 49, ""startIndexInSegment"": 25, ""selectedText"": ""collected at these pages"", ""value"": ""Does""}, ""User Type"": {""endIndexInSegment"": -1, ""startIndexInSegment"": -1, ""value"": ""Unspecified""}, ""Purpose"": {""endIndexInSegment"": 97, ""startIndexInSegment"": 55, ""selectedText"": ""sed to identify you as a user of the site,"", ""value"": ""Basic service/feature""}}",5/12/14,http://www.dailyillini.com/page/privacy
3708,test_category_labeling_highlight,82,3636,2,First Party Collection/Use,"{""Collection Mode"": {""endIndexInSegment"": -1, ""startIndexInSegment"": -1, ""value"": ""Unspecified""}, ""Choice Scope"": {""endIndexInSegment"": -1, ""startIndexInSegment"": -1, ""value"": ""Unspecified""}, ""Action First-Party"": {""endIndexInSegment"": 49, ""startIndexInSegment"": 25, ""selectedText"": ""collected at these pages"", ""value"": ""Collect on website""}, ""Personal Information Type"": {""endIndexInSegment"": 24, ""startIndexInSegment"": 4, ""selectedText"": ""personal information"", ""value"": ""Generic personal information""}, ""Choice Type"": {""endIndexInSegment"": -1, ""startIndexInSegment"": -1, ""value"": ""Unspecified""}, ""Identifiability"": {""endIndexInSegment"": -1, ""startIndexInSegment"": -1, ""value"": ""Unspecified""}, ""Does/Does Not"": {""endIndexInSegment"": 49, ""startIndexInSegment"": 25, ""selectedText"": ""collected at these pages"", ""value"": ""Does""}, ""User Type"": {""endIndexInSegment"": -1, ""startIndexInSegment"": -1, ""value"": ""Unspecified""}, ""Purpose"": {""endIndexInSegment"": 141, ""startIndexInSegment"": 102, ""selectedText"": ""rack your usage of interactive features"", ""value"": ""Analytics/Research""}}",5/12/14,http://www.dailyillini.com/page/privacy
4135,test_category_labeling_highlight,88,3636,2,First Party Collection/Use,"{""Collection Mode"": {""endIndexInSegment"": 49, ""startIndexInSegment"": 0, ""selectedText"": ""The personal information collected at these pages"", ""value"": ""Unspecified""}, ""Choice Scope"": {""endIndexInSegment"": -1, ""startIndexInSegment"": -1, ""value"": ""Unspecified""}, ""Action First-Party"": {""endIndexInSegment"": 49, ""startIndexInSegment"": 0, ""selectedText"": ""The personal information collected at these pages"", ""value"": ""Collect on website""}, ""Personal Information Type"": {""endIndexInSegment"": 24, ""startIndexInSegment"": 4, ""selectedText"": ""personal information"", ""value"": ""Generic personal information""}, ""Choice Type"": {""endIndexInSegment"": -1, ""startIndexInSegment"": -1, ""value"": ""Unspecified""}, ""Identifiability"": {""endIndexInSegment"": -1, ""startIndexInSegment"": -1, ""value"": ""not-selected""}, ""Does/Does Not"": {""endIndexInSegment"": 203, ""startIndexInSegment"": 0, ""selectedText"": ""The personal information collected at these pages are used to identify you as a user of the site, to track your usage of interactive features, and to communicate with you regarding site news and updates."", ""value"": ""Does""}, ""User Type"": {""endIndexInSegment"": -1, ""startIndexInSegment"": -1, ""value"": ""Unspecified""}, ""Purpose"": {""endIndexInSegment"": 203, ""startIndexInSegment"": 59, ""selectedText"": ""to identify you as a user of the site, to track your usage of interactive features, and to communicate with you regarding site news and updates."", ""value"": ""Basic service/feature""}}",5/12/14,http://www.dailyillini.com/page/privacy
4136,test_category_labeling_highlight,88,3636,2,Third Party Sharing/Collection,"{""Third Party Entity"": {""endIndexInSegment"": 431, ""startIndexInSegment"": 328, ""selectedText"": ""We do not share this information with outside parties unless otherwise noted at the time of data entry."", ""value"": ""Unnamed third party""}, ""Choice Scope"": {""endIndexInSegment"": -1, ""startIndexInSegment"": -1, ""value"": ""Unspecified""}, ""Purpose"": {""endIndexInSegment"": -1, ""startIndexInSegment"": -1, ""value"": ""Unspecified""}, ""Personal Information Type"": {""endIndexInSegment"": 24, ""startIndexInSegment"": 4, ""selectedText"": ""personal information"", ""value"": ""Generic personal information""}, ""Choice Type"": {""endIndexInSegment"": 431, ""startIndexInSegment"": 382, ""selectedText"": ""unless otherwise noted at the time of data entry."", ""value"": ""Opt-in""}, ""Identifiability"": {""endIndexInSegment"": 24, ""startIndexInSegment"": 4, ""selectedText"": ""personal information"", ""value"": ""Identifiable""}, ""Does/Does Not"": {""endIndexInSegment"": 431, ""startIndexInSegment"": 328, ""selectedText"": ""We do not share this information with outside parties unless otherwise noted at the time of data entry."", ""value"": ""Does Not""}, ""User Type"": {""endIndexInSegment"": -1, ""startIndexInSegment"": -1, ""value"": ""Unspecified""}, ""Action Third Party"": {""endIndexInSegment"": 343, ""startIndexInSegment"": 328, ""selectedText"": ""We do not share"", ""value"": ""Receive/Shared with""}}",5/12/14,http://www.dailyillini.com/page/privacy
2929,test_category_labeling_highlight,84,3636,3,First Party Collection/Use,"{""Collection Mode"": {""endIndexInSegment"": -1, ""startIndexInSegment"": -1, ""value"": ""Unspecified""}, ""Choice Scope"": {""endIndexInSegment"": -1, ""startIndexInSegment"": -1, ""value"": ""Unspecified""}, ""Action First-Party"": {""endIndexInSegment"": 165, ""startIndexInSegment"": 157, ""selectedText"": ""websites"", ""value"": ""Collect on website""}, ""Personal Information Type"": {""endIndexInSegment"": -1, ""startIndexInSegment"": -1, ""value"": ""Unspecified""}, ""Choice Type"": {""endIndexInSegment"": -1, ""startIndexInSegment"": -1, ""value"": ""Unspecified""}, ""Identifiability"": {""endIndexInSegment"": 59, ""startIndexInSegment"": 18, ""selectedText"": ""non-identifying and aggregate information"", ""value"": ""Aggregated or anonymized""}, ""Does/Does Not"": {""endIndexInSegment"": 17, ""startIndexInSegment"": 13, ""selectedText"": ""uses"", ""value"": ""Does""}, ""User Type"": {""endIndexInSegment"": -1, ""startIndexInSegment"": -1, ""value"": ""Unspecified""}, ""Purpose"": {""endIndexInSegment"": 79, ""startIndexInSegment"": 70, ""selectedText"": ""customize"", ""value"": ""Personalization/Customization""}}",5/12/14,http://www.dailyillini.com/page/privacy
2930,test_category_labeling_highlight,84,3636,3,Third Party Sharing/Collection,"{""Third Party Entity"": {""endIndexInSegment"": 186, ""startIndexInSegment"": 175, ""selectedText"": ""advertisers"", ""value"": ""Named third party""}, ""Choice Scope"": {""endIndexInSegment"": -1, ""startIndexInSegment"": -1, ""value"": ""Unspecified""}, ""Purpose"": {""endIndexInSegment"": 186, ""startIndexInSegment"": 175, ""selectedText"": ""advertisers"", ""value"": ""Advertising""}, ""Personal Information Type"": {""endIndexInSegment"": -1, ""startIndexInSegment"": -1, ""value"": ""Unspecified""}, ""Choice Type"": {""endIndexInSegment"": -1, ""startIndexInSegment"": -1, ""value"": ""Unspecified""}, ""Identifiability"": {""endIndexInSegment"": 47, ""startIndexInSegment"": 18, ""selectedText"": ""non-identifying and aggregate"", ""value"": ""Aggregated or anonymized""}, ""Does/Does Not"": {""endIndexInSegment"": 118, ""startIndexInSegment"": 113, ""selectedText"": ""share"", ""value"": ""Does""}, ""User Type"": {""endIndexInSegment"": 92, ""startIndexInSegment"": 63, ""selectedText"": ""better customize our websites"", ""value"": ""Unspecified""}, ""Action Third Party"": {""endIndexInSegment"": 118, ""startIndexInSegment"": 113, ""selectedText"": ""share"", ""value"": ""Receive/Shared with""}}",5/12/14,http://www.dailyillini.com/page/privacy
2931,test_category_labeling_highlight,84,3636,3,Third Party Sharing/Collection,"{""Third Party Entity"": {""endIndexInSegment"": -1, ""startIndexInSegment"": -1, ""value"": ""Unspecified""}, ""Choice Scope"": {""endIndexInSegment"": -1, ""startIndexInSegment"": -1, ""value"": ""Unspecified""}, ""Purpose"": {""endIndexInSegment"": -1, ""startIndexInSegment"": -1, ""value"": ""Unspecified""}, ""Personal Information Type"": {""endIndexInSegment"": -1, ""startIndexInSegment"": -1, ""value"": ""Unspecified""}, ""Choice Type"": {""endIndexInSegment"": -1, ""startIndexInSegment"": -1, ""value"": ""Unspecified""}, ""Identifiability"": {""endIndexInSegment"": 246, ""startIndexInSegment"": 238, ""selectedText"": ""identify"", ""value"": ""Identifiable""}, ""Does/Does Not"": {""endIndexInSegment"": 197, ""startIndexInSegment"": 194, ""selectedText"": ""not"", ""value"": ""Does Not""}, ""User Type"": {""endIndexInSegment"": 92, ""startIndexInSegment"": 63, ""selectedText"": ""better customize our websites"", ""value"": ""Unspecified""}, ""Action Third Party"": {""endIndexInSegment"": 118, ""startIndexInSegment"": 113, ""selectedText"": ""share"", ""value"": ""Receive/Shared with""}}",5/12/14,http://www.dailyillini.com/page/privacy
3710,test_category_labeling_highlight,82,3636,3,First Party Collection/Use,"{""Collection Mode"": {""endIndexInSegment"": -1, ""startIndexInSegment"": -1, ""value"": ""Unspecified""}, ""Choice Scope"": {""endIndexInSegment"": -1, ""startIndexInSegment"": -1, ""value"": ""Unspecified""}, ""Action First-Party"": {""endIndexInSegment"": -1, ""startIndexInSegment"": -1, ""value"": ""Unspecified""}, ""Personal Information Type"": {""endIndexInSegment"": 59, ""startIndexInSegment"": 48, ""selectedText"": ""information"", ""value"": ""Generic personal information""}, ""Choice Type"": {""endIndexInSegment"": -1, ""startIndexInSegment"": -1, ""value"": ""Unspecified""}, ""Identifiability"": {""endIndexInSegment"": 47, ""startIndexInSegment"": 18, ""selectedText"": ""non-identifying and aggregate"", ""value"": ""Aggregated or anonymized""}, ""Does/Does Not"": {""endIndexInSegment"": 17, ""startIndexInSegment"": 13, ""selectedText"": ""uses"", ""value"": ""Does""}, ""User Type"": {""endIndexInSegment"": -1, ""startIndexInSegment"": -1, ""value"": ""Unspecified""}, ""Purpose"": {""endIndexInSegment"": 105, ""startIndexInSegment"": 63, ""selectedText"": ""better customize our websites for your use"", ""value"": ""Personalization/Customization""}}",5/12/14,http://www.dailyillini.com/page/privacy
3711,test_category_labeling_highlight,82,3636,3,First Party Collection/Use,"{""Collection Mode"": {""endIndexInSegment"": -1, ""startIndexInSegment"": -1, ""value"": ""Unspecified""}, ""Choice Scope"": {""endIndexInSegment"": -1, ""startIndexInSegment"": -1, ""value"": ""Unspecified""}, ""Action First-Party"": {""endIndexInSegment"": -1, ""startIndexInSegment"": -1, ""value"": ""Unspecified""}, ""Personal Information Type"": {""endIndexInSegment"": 59, ""startIndexInSegment"": 48, ""selectedText"": ""information"", ""value"": ""Generic personal information""}, ""Choice Type"": {""endIndexInSegment"": -1, ""startIndexInSegment"": -1, ""value"": ""Unspecified""}, ""Identifiability"": {""endIndexInSegment"": 47, ""startIndexInSegment"": 18, ""selectedText"": ""non-identifying and aggregate"", ""value"": ""Aggregated or anonymized""}, ""Does/Does Not"": {""endIndexInSegment"": 17, ""startIndexInSegment"": 13, ""selectedText"": ""uses"", ""value"": ""Does""}, ""User Type"": {""endIndexInSegment"": -1, ""startIndexInSegment"": -1, ""value"": ""Unspecified""}, ""Purpose"": {""endIndexInSegment"": 186, ""startIndexInSegment"": 106, ""selectedText"": ""and to share general data about those who view our websites with our advertisers"", ""value"": ""Advertising""}}",5/12/14,http://www.dailyillini.com/page/privacy
3713,test_category_labeling_highlight,82,3636,3,Third Party Sharing/Collection,"{""Third Party Entity"": {""endIndexInSegment"": 186, ""startIndexInSegment"": 175, ""selectedText"": ""advertisers"", ""value"": ""Named third party""}, ""Choice Scope"": {""endIndexInSegment"": -1, ""startIndexInSegment"": -1, ""value"": ""Unspecified""}, ""Purpose"": {""endIndexInSegment"": 186, ""startIndexInSegment"": 175, ""selectedText"": ""advertisers"", ""value"": ""Advertising""}, ""Personal Information Type"": {""endIndexInSegment"": 131, ""startIndexInSegment"": 119, ""selectedText"": ""general data"", ""value"": ""Unspecified""}, ""Choice Type"": {""endIndexInSegment"": -1, ""startIndexInSegment"": -1, ""value"": ""Unspecified""}, ""Identifiability"": {""endIndexInSegment"": 259, ""startIndexInSegment"": 239, ""selectedText"": ""dentify individuals."", ""value"": ""Identifiable""}, ""Does/Does Not"": {""endIndexInSegment"": 197, ""startIndexInSegment"": 191, ""selectedText"": ""do not"", ""value"": ""Does Not""}, ""User Type"": {""endIndexInSegment"": -1, ""startIndexInSegment"": -1, ""value"": ""Unspecified""}, ""Action Third Party"": {""endIndexInSegment"": 118, ""startIndexInSegment"": 113, ""selectedText"": ""share"", ""value"": ""Receive/Shared with""}}",5/12/14,http://www.dailyillini.com/page/privacy
4137,test_category_labeling_highlight,88,3636,3,First Party Collection/Use,"{""Collection Mode"": {""endIndexInSegment"": -1, ""startIndexInSegment"": -1, ""value"": ""Unspecified""}, ""Choice Scope"": {""endIndexInSegment"": -1, ""startIndexInSegment"": -1, ""value"": ""Unspecified""}, ""Action First-Party"": {""endIndexInSegment"": 105, ""startIndexInSegment"": 0, ""selectedText"": ""Illini Media uses non-identifying and aggregate information to better customize our websites for your use"", ""value"": ""Collect on website""}, ""Personal Information Type"": {""endIndexInSegment"": -1, ""startIndexInSegment"": -1, ""value"": ""Unspecified""}, ""Choice Type"": {""endIndexInSegment"": -1, ""startIndexInSegment"": -1, ""value"": ""Unspecified""}, ""Identifiability"": {""endIndexInSegment"": 59, ""startIndexInSegment"": 18, ""selectedText"": ""non-identifying and aggregate information"", ""value"": ""Aggregated or anonymized""}, ""Does/Does Not"": {""endIndexInSegment"": 105, ""startIndexInSegment"": 0, ""selectedText"": ""Illini Media uses non-identifying and aggregate information to better customize our websites for your use"", ""value"": ""Does""}, ""User Type"": {""endIndexInSegment"": -1, ""startIndexInSegment"": -1, ""value"": ""Unspecified""}, ""Purpose"": {""endIndexInSegment"": 105, ""startIndexInSegment"": 60, ""selectedText"": ""to better customize our websites for your use"", ""value"": ""Personalization/Customization""}}",5/12/14,http://www.dailyillini.com/page/privacy
4138,test_category_labeling_highlight,88,3636,3,Third Party Sharing/Collection,"{""Third Party Entity"": {""endIndexInSegment"": 186, ""startIndexInSegment"": 110, ""selectedText"": ""to share general data about those who view our websites with our advertisers"", ""value"": ""Unnamed third party""}, ""Choice Scope"": {""endIndexInSegment"": -1, ""startIndexInSegment"": -1, ""value"": ""Unspecified""}, ""Purpose"": {""endIndexInSegment"": 186, ""startIndexInSegment"": 175, ""selectedText"": ""advertisers"", ""value"": ""Advertising""}, ""Personal Information Type"": {""endIndexInSegment"": -1, ""startIndexInSegment"": -1, ""value"": ""Unspecified""}, ""Choice Type"": {""endIndexInSegment"": -1, ""startIndexInSegment"": -1, ""value"": ""Unspecified""}, ""Identifiability"": {""endIndexInSegment"": 59, ""startIndexInSegment"": 18, ""selectedText"": ""non-identifying and aggregate information"", ""value"": ""Aggregated or anonymized""}, ""Does/Does Not"": {""endIndexInSegment"": 186, ""startIndexInSegment"": 110, ""selectedText"": ""to share general data about those who view our websites with our advertisers"", ""value"": ""Does""}, ""User Type"": {""endIndexInSegment"": -1, ""startIndexInSegment"": -1, ""value"": ""Unspecified""}, ""Action Third Party"": {""endIndexInSegment"": 187, ""startIndexInSegment"": 110, ""selectedText"": ""to share general data about those who view our websites with our advertisers."", ""value"": ""Receive/Shared with""}}",5/12/14,http://www.dailyillini.com/page/privacy
C898,test_category_labeling_highlight,82,3636,4,Other,"{""Other Type"": {""endIndexInSegment"": 120, ""startIndexInSegment"": 0, ""selectedText"": ""Illini Media partners with Google and OnCampus Advertising to serve some of the ads you see when you visit our websites."", ""value"": ""Introductory/Generic""}}",5/12/14,http://www.dailyillini.com/page/privacy
4139,test_category_labeling_highlight,88,3636,4,Third Party Sharing/Collection,"{""Third Party Entity"": {""endIndexInSegment"": 120, ""startIndexInSegment"": 0, ""selectedText"": ""Illini Media partners with Google and OnCampus Advertising to serve some of the ads you see when you visit our websites."", ""value"": ""Named third party""}, ""Choice Scope"": {""endIndexInSegment"": -1, ""startIndexInSegment"": -1, ""value"": ""Unspecified""}, ""Purpose"": {""endIndexInSegment"": 120, ""startIndexInSegment"": 59, ""selectedText"": ""to serve some of the ads you see when you visit our websites."", ""value"": ""Advertising""}, ""Personal Information Type"": {""endIndexInSegment"": -1, ""startIndexInSegment"": -1, ""value"": ""Unspecified""}, ""Choice Type"": {""endIndexInSegment"": -1, ""startIndexInSegment"": -1, ""value"": ""Unspecified""}, ""Identifiability"": {""endIndexInSegment"": -1, ""startIndexInSegment"": -1, ""value"": ""Unspecified""}, ""Does/Does Not"": {""endIndexInSegment"": 120, ""startIndexInSegment"": 0, ""selectedText"": ""Illini Media partners with Google and OnCampus Advertising to serve some of the ads you see when you visit our websites."", ""value"": ""Does""}, ""User Type"": {""endIndexInSegment"": -1, ""startIndexInSegment"": -1, ""value"": ""Unspecified""}, ""Action Third Party"": {""endIndexInSegment"": 120, ""startIndexInSegment"": 0, ""selectedText"": ""Illini Media partners with Google and OnCampus Advertising to serve some of the ads you see when you visit our websites."", ""value"": ""Unspecified""}}",5/12/14,http://www.dailyillini.com/page/privacy
2933,test_category_labeling_highlight,84,3636,5,First Party Collection/Use,"{""Collection Mode"": {""endIndexInSegment"": -1, ""startIndexInSegment"": -1, ""value"": ""Unspecified""}, ""Choice Scope"": {""endIndexInSegment"": -1, ""startIndexInSegment"": -1, ""value"": ""not-selected""}, ""Action First-Party"": {""endIndexInSegment"": 39, ""startIndexInSegment"": 23, ""selectedText"": ""Google Analytics"", ""value"": ""Receive from other service/third-party (named)""}, ""Personal Information Type"": {""endIndexInSegment"": 97, ""startIndexInSegment"": 85, ""selectedText"": ""demographics"", ""value"": ""Demographic""}, ""Choice Type"": {""endIndexInSegment"": -1, ""startIndexInSegment"": -1, ""value"": ""not-selected""}, ""Identifiability"": {""endIndexInSegment"": -1, ""startIndexInSegment"": -1, ""value"": ""Unspecified""}, ""Does/Does Not"": {""endIndexInSegment"": 22, ""startIndexInSegment"": 18, ""selectedText"": ""uses"", ""value"": ""Does""}, ""User Type"": {""endIndexInSegment"": -1, ""startIndexInSegment"": -1, ""value"": ""not-selected""}, ""Purpose"": {""endIndexInSegment"": 65, ""startIndexInSegment"": 45, ""selectedText"": ""allows us to analyze"", ""value"": ""Analytics/Research""}}",5/12/14,http://www.dailyillini.com/page/privacy
3715,test_category_labeling_highlight,82,3636,5,First Party Collection/Use,"{""Collection Mode"": {""endIndexInSegment"": -1, ""startIndexInSegment"": -1, ""value"": ""Unspecified""}, ""Choice Scope"": {""endIndexInSegment"": -1, ""startIndexInSegment"": -1, ""value"": ""Unspecified""}, ""Action First-Party"": {""endIndexInSegment"": 54, ""startIndexInSegment"": 0, ""selectedText"": ""Illini Media also uses Google Analytics that allows us"", ""value"": ""Receive from other service/third-party (named)""}, ""Personal Information Type"": {""endIndexInSegment"": 111, ""startIndexInSegment"": 85, ""selectedText"": ""demographics (age, gender)"", ""value"": ""Demographic""}, ""Choice Type"": {""endIndexInSegment"": -1, ""startIndexInSegment"": -1, ""value"": ""Unspecified""}, ""Identifiability"": {""endIndexInSegment"": -1, ""startIndexInSegment"": -1, ""value"": ""Unspecified""}, ""Does/Does Not"": {""endIndexInSegment"": 22, ""startIndexInSegment"": 0, ""selectedText"": ""Illini Media also uses"", ""value"": ""Does""}, ""User Type"": {""endIndexInSegment"": -1, ""startIndexInSegment"": -1, ""value"": ""Unspecified""}, ""Purpose"": {""endIndexInSegment"": 84, ""startIndexInSegment"": 58, ""selectedText"": ""analyze data on our users'"", ""value"": ""Analytics/Research""}}",5/12/14,http://www.dailyillini.com/page/privacy
3716,test_category_labeling_highlight,82,3636,5,First Party Collection/Use,"{""Collection Mode"": {""endIndexInSegment"": -1, ""startIndexInSegment"": -1, ""value"": ""Unspecified""}, ""Choice Scope"": {""endIndexInSegment"": -1, ""startIndexInSegment"": -1, ""value"": ""Unspecified""}, ""Action First-Party"": {""endIndexInSegment"": 54, ""startIndexInSegment"": 0, ""selectedText"": ""Illini Media also uses Google Analytics that allows us"", ""value"": ""Receive from other service/third-party (named)""}, ""Personal Information Type"": {""endIndexInSegment"": 166, ""startIndexInSegment"": 117, ""selectedText"": ""nterests (affinity categories, other categories)."", ""value"": ""Other""}, ""Choice Type"": {""endIndexInSegment"": -1, ""startIndexInSegment"": -1, ""value"": ""Unspecified""}, ""Identifiability"": {""endIndexInSegment"": -1, ""startIndexInSegment"": -1, ""value"": ""Unspecified""}, ""Does/Does Not"": {""endIndexInSegment"": 22, ""startIndexInSegment"": 0, ""selectedText"": ""Illini Media also uses"", ""value"": ""Does""}, ""User Type"": {""endIndexInSegment"": -1, ""startIndexInSegment"": -1, ""value"": ""Unspecified""}, ""Purpose"": {""endIndexInSegment"": 84, ""startIndexInSegment"": 58, ""selectedText"": ""analyze data on our users'"", ""value"": ""Analytics/Research""}}",5/12/14,http://www.dailyillini.com/page/privacy
4140,test_category_labeling_highlight,88,3636,5,Third Party Sharing/Collection,"{""Third Party Entity"": {""endIndexInSegment"": 111, ""startIndexInSegment"": 0, ""selectedText"": ""Illini Media also uses Google Analytics that allows us to analyze data on our users' demographics (age, gender)"", ""value"": ""Named third party""}, ""Choice Scope"": {""endIndexInSegment"": -1, ""startIndexInSegment"": -1, ""value"": ""Unspecified""}, ""Purpose"": {""endIndexInSegment"": 70, ""startIndexInSegment"": 58, ""selectedText"": ""analyze data"", ""value"": ""Analytics/Research""}, ""Personal Information Type"": {""endIndexInSegment"": 111, ""startIndexInSegment"": 85, ""selectedText"": ""demographics (age, gender)"", ""value"": ""Demographic""}, ""Choice Type"": {""endIndexInSegment"": -1, ""startIndexInSegment"": -1, ""value"": ""Unspecified""}, ""Identifiability"": {""endIndexInSegment"": -1, ""startIndexInSegment"": -1, ""value"": ""Unspecified""}, ""Does/Does Not"": {""endIndexInSegment"": 111, ""startIndexInSegment"": 0, ""selectedText"": ""Illini Media also uses Google Analytics that allows us to analyze data on our users' demographics (age, gender)"", ""value"": ""Does""}, ""User Type"": {""endIndexInSegment"": -1, ""startIndexInSegment"": -1, ""value"": ""Unspecified""}, ""Action Third Party"": {""endIndexInSegment"": 111, ""startIndexInSegment"": 0, ""selectedText"": ""Illini Media also uses Google Analytics that allows us to analyze data on our users' demographics (age, gender)"", ""value"": ""Unspecified""}}",5/12/14,http://www.dailyillini.com/page/privacy
4141,test_category_labeling_highlight,88,3636,5,Third Party Sharing/Collection,"{""Third Party Entity"": {""endIndexInSegment"": 111, ""startIndexInSegment"": 0, ""selectedText"": ""Illini Media also uses Google Analytics that allows us to analyze data on our users' demographics (age, gender)"", ""value"": ""Named third party""}, ""Choice Scope"": {""endIndexInSegment"": -1, ""startIndexInSegment"": -1, ""value"": ""Unspecified""}, ""Purpose"": {""endIndexInSegment"": 70, ""startIndexInSegment"": 58, ""selectedText"": ""analyze data"", ""value"": ""Analytics/Research""}, ""Personal Information Type"": {""endIndexInSegment"": 166, ""startIndexInSegment"": 116, ""selectedText"": ""interests (affinity categories, other categories)."", ""value"": ""User online activities""}, ""Choice Type"": {""endIndexInSegment"": -1, ""startIndexInSegment"": -1, ""value"": ""Unspecified""}, ""Identifiability"": {""endIndexInSegment"": -1, ""startIndexInSegment"": -1, ""value"": ""Unspecified""}, ""Does/Does Not"": {""endIndexInSegment"": 111, ""startIndexInSegment"": 0, ""selectedText"": ""Illini Media also uses Google Analytics that allows us to analyze data on our users' demographics (age, gender)"", ""value"": ""Does""}, ""User Type"": {""endIndexInSegment"": -1, ""startIndexInSegment"": -1, ""value"": ""Unspecified""}, ""Action Third Party"": {""endIndexInSegment"": 111, ""startIndexInSegment"": 0, ""selectedText"": ""Illini Media also uses Google Analytics that allows us to analyze data on our users' demographics (age, gender)"", ""value"": ""Unspecified""}}",5/12/14,http://www.dailyillini.com/page/privacy
2934,test_category_labeling_highlight,84,3636,6,First Party Collection/Use,"{""Collection Mode"": {""endIndexInSegment"": -1, ""startIndexInSegment"": -1, ""value"": ""Unspecified""}, ""Choice Scope"": {""endIndexInSegment"": -1, ""startIndexInSegment"": -1, ""value"": ""Unspecified""}, ""Action First-Party"": {""endIndexInSegment"": 12, ""startIndexInSegment"": 0, ""selectedText"": ""Demographics"", ""value"": ""Collect on website""}, ""Personal Information Type"": {""endIndexInSegment"": 12, ""startIndexInSegment"": 0, ""selectedText"": ""Demographics"", ""value"": ""Demographic""}, ""Choice Type"": {""endIndexInSegment"": -1, ""startIndexInSegment"": -1, ""value"": ""Unspecified""}, ""Identifiability"": {""endIndexInSegment"": -1, ""startIndexInSegment"": -1, ""value"": ""Unspecified""}, ""Does/Does Not"": {""endIndexInSegment"": 12, ""startIndexInSegment"": 0, ""selectedText"": ""Demographics"", ""value"": ""Does""}, ""User Type"": {""endIndexInSegment"": -1, ""startIndexInSegment"": -1, ""value"": ""Unspecified""}, ""Purpose"": {""endIndexInSegment"": 62, ""startIndexInSegment"": 43, ""selectedText"": ""overview of traffic"", ""value"": ""Analytics/Research""}}",5/12/14,http://www.dailyillini.com/page/privacy
3717,test_category_labeling_highlight,82,3636,6,Other,"{""Other Type"": {""endIndexInSegment"": 180, ""startIndexInSegment"": 0, ""selectedText"": ""Demographics Overview (overview of traffic by age and gender) Age (traffic by age ranges) Gender (traffic by gender)"", ""value"": ""Introductory/Generic""}}",5/12/14,http://www.dailyillini.com/page/privacy
4144,test_category_labeling_highlight,88,3636,6,First Party Collection/Use,"{""Collection Mode"": {""endIndexInSegment"": -1, ""startIndexInSegment"": -1, ""value"": ""Unspecified""}, ""Choice Scope"": {""endIndexInSegment"": -1, ""startIndexInSegment"": -1, ""value"": ""Unspecified""}, ""Action First-Party"": {""endIndexInSegment"": 180, ""startIndexInSegment"": 0, ""selectedText"": ""Demographics Overview (overview of traffic by age and gender) Age (traffic by age ranges) Gender (traffic by gender)"", ""value"": ""Receive from other service/third-party (named)""}, ""Personal Information Type"": {""endIndexInSegment"": 12, ""startIndexInSegment"": 0, ""selectedText"": ""Demographics"", ""value"": ""Demographic""}, ""Choice Type"": {""endIndexInSegment"": -1, ""startIndexInSegment"": -1, ""value"": ""Unspecified""}, ""Identifiability"": {""endIndexInSegment"": -1, ""startIndexInSegment"": -1, ""value"": ""Unspecified""}, ""Does/Does Not"": {""endIndexInSegment"": 180, ""startIndexInSegment"": 0, ""selectedText"": ""Demographics Overview (overview of traffic by age and gender) Age (traffic by age ranges) Gender (traffic by gender)"", ""value"": ""Does""}, ""User Type"": {""endIndexInSegment"": -1, ""startIndexInSegment"": -1, ""value"": ""Unspecified""}, ""Purpose"": {""endIndexInSegment"": 180, ""startIndexInSegment"": 0, ""selectedText"": ""Demographics Overview (overview of traffic by age and gender) Age (traffic by age ranges) Gender (traffic by gender)"", ""value"": ""Analytics/Research""}}",5/12/14,http://www.dailyillini.com/page/privacy
2935,test_category_labeling_highlight,84,3636,7,First Party Collection/Use,"{""Collection Mode"": {""endIndexInSegment"": -1, ""startIndexInSegment"": -1, ""value"": ""Unspecified""}, ""Choice Scope"": {""endIndexInSegment"": -1, ""startIndexInSegment"": -1, ""value"": ""Unspecified""}, ""Action First-Party"": {""endIndexInSegment"": 9, ""startIndexInSegment"": 0, ""selectedText"": ""Interests"", ""value"": ""Collect on website""}, ""Personal Information Type"": {""endIndexInSegment"": 9, ""startIndexInSegment"": 0, ""selectedText"": ""Interests"", ""value"": ""User online activities""}, ""Choice Type"": {""endIndexInSegment"": -1, ""startIndexInSegment"": -1, ""value"": ""Unspecified""}, ""Identifiability"": {""endIndexInSegment"": -1, ""startIndexInSegment"": -1, ""value"": ""Unspecified""}, ""Does/Does Not"": {""endIndexInSegment"": 48, ""startIndexInSegment"": 40, ""selectedText"": ""overview"", ""value"": ""Does""}, ""User Type"": {""endIndexInSegment"": -1, ""startIndexInSegment"": -1, ""value"": ""Unspecified""}, ""Purpose"": {""endIndexInSegment"": 48, ""startIndexInSegment"": 40, ""selectedText"": ""overview"", ""value"": ""Analytics/Research""}}",5/12/14,http://www.dailyillini.com/page/privacy
3718,test_category_labeling_highlight,82,3636,7,Other,"{""Other Type"": {""endIndexInSegment"": 326, ""startIndexInSegment"": 0, ""selectedText"": ""Interests Overview (overview of traffic by affinity and other categories) Affinity Categories (behavior by affinity categories) In-Market Categories (behavior by in-market categories) Other Categories (behavior by other interest categories)"", ""value"": ""Introductory/Generic""}}",5/12/14,http://www.dailyillini.com/page/privacy
4143,test_category_labeling_highlight,88,3636,7,First Party Collection/Use,"{""Collection Mode"": {""endIndexInSegment"": 326, ""startIndexInSegment"": 281, ""selectedText"": ""ories (behavior by other interest categories)"", ""value"": ""Unspecified""}, ""Choice Scope"": {""endIndexInSegment"": -1, ""startIndexInSegment"": -1, ""value"": ""Unspecified""}, ""Action First-Party"": {""endIndexInSegment"": 326, ""startIndexInSegment"": 0, ""selectedText"": ""Interests Overview (overview of traffic by affinity and other categories) Affinity Categories (behavior by affinity categories) In-Market Categories (behavior by in-market categories) Other Categories (behavior by other interest categories)"", ""value"": ""Receive from other service/third-party (named)""}, ""Personal Information Type"": {""endIndexInSegment"": 326, ""startIndexInSegment"": 0, ""selectedText"": ""Interests Overview (overview of traffic by affinity and other categories) Affinity Categories (behavior by affinity categories) In-Market Categories (behavior by in-market categories) Other Categories (behavior by other interest categories)"", ""value"": ""User online activities""}, ""Choice Type"": {""endIndexInSegment"": -1, ""startIndexInSegment"": -1, ""value"": ""Unspecified""}, ""Identifiability"": {""endIndexInSegment"": -1, ""startIndexInSegment"": -1, ""value"": ""Unspecified""}, ""Does/Does Not"": {""endIndexInSegment"": 326, ""startIndexInSegment"": 0, ""selectedText"": ""Interests Overview (overview of traffic by affinity and other categories) Affinity Categories (behavior by affinity categories) In-Market Categories (behavior by in-market categories) Other Categories (behavior by other interest categories)"", ""value"": ""Does""}, ""User Type"": {""endIndexInSegment"": -1, ""startIndexInSegment"": -1, ""value"": ""Unspecified""}, ""Purpose"": {""endIndexInSegment"": 326, ""startIndexInSegment"": 0, ""selectedText"": ""Interests Overview (overview of traffic by affinity and other categories) Affinity Categories (behavior by affinity categories) In-Market Categories (behavior by in-market categories) Other Categories (behavior by other interest categories)"", ""value"": ""Analytics/Research""}}",5/12/14,http://www.dailyillini.com/page/privacy
2936,test_category_labeling_highlight,84,3636,8,First Party Collection/Use,"{""Collection Mode"": {""endIndexInSegment"": 33, ""startIndexInSegment"": 28, ""selectedText"": ""track"", ""value"": ""Implicit""}, ""Choice Scope"": {""endIndexInSegment"": -1, ""startIndexInSegment"": -1, ""value"": ""Unspecified""}, ""Action First-Party"": {""endIndexInSegment"": 13, ""startIndexInSegment"": 5, ""selectedText"": ""analysis"", ""value"": ""Receive from other service/third-party (named)""}, ""Personal Information Type"": {""endIndexInSegment"": -1, ""startIndexInSegment"": -1, ""value"": ""Unspecified""}, ""Choice Type"": {""endIndexInSegment"": -1, ""startIndexInSegment"": -1, ""value"": ""Unspecified""}, ""Identifiability"": {""endIndexInSegment"": -1, ""startIndexInSegment"": -1, ""value"": ""Unspecified""}, ""Does/Does Not"": {""endIndexInSegment"": 33, ""startIndexInSegment"": 28, ""selectedText"": ""track"", ""value"": ""Does""}, ""User Type"": {""endIndexInSegment"": -1, ""startIndexInSegment"": -1, ""value"": ""Unspecified""}, ""Purpose"": {""endIndexInSegment"": 145, ""startIndexInSegment"": 34, ""selectedText"": ""how our users engage over a date range, who our users are generally, and how their behavior varies by attribute"", ""value"": ""Analytics/Research""}}",5/12/14,http://www.dailyillini.com/page/privacy
2937,test_category_labeling_highlight,84,3636,8,First Party Collection/Use,"{""Collection Mode"": {""endIndexInSegment"": 33, ""startIndexInSegment"": 28, ""selectedText"": ""track"", ""value"": ""Implicit""}, ""Choice Scope"": {""endIndexInSegment"": -1, ""startIndexInSegment"": -1, ""value"": ""Unspecified""}, ""Action First-Party"": {""endIndexInSegment"": 13, ""startIndexInSegment"": 5, ""selectedText"": ""analysis"", ""value"": ""Receive from other service/third-party (named)""}, ""Personal Information Type"": {""endIndexInSegment"": 73, ""startIndexInSegment"": 34, ""selectedText"": ""how our users engage over a date range,"", ""value"": ""User online activities""}, ""Choice Type"": {""endIndexInSegment"": -1, ""startIndexInSegment"": -1, ""value"": ""Unspecified""}, ""Identifiability"": {""endIndexInSegment"": -1, ""startIndexInSegment"": -1, ""value"": ""Unspecified""}, ""Does/Does Not"": {""endIndexInSegment"": 33, ""startIndexInSegment"": 28, ""selectedText"": ""track"", ""value"": ""Does""}, ""User Type"": {""endIndexInSegment"": -1, ""startIndexInSegment"": -1, ""value"": ""Unspecified""}, ""Purpose"": {""endIndexInSegment"": 145, ""startIndexInSegment"": 34, ""selectedText"": ""how our users engage over a date range, who our users are generally, and how their behavior varies by attribute"", ""value"": ""Analytics/Research""}}",5/12/14,http://www.dailyillini.com/page/privacy
2938,test_category_labeling_highlight,84,3636,8,First Party Collection/Use,"{""Collection Mode"": {""endIndexInSegment"": 33, ""startIndexInSegment"": 28, ""selectedText"": ""track"", ""value"": ""Implicit""}, ""Choice Scope"": {""endIndexInSegment"": -1, ""startIndexInSegment"": -1, ""value"": ""Unspecified""}, ""Action First-Party"": {""endIndexInSegment"": 13, ""startIndexInSegment"": 5, ""selectedText"": ""analysis"", ""value"": ""Receive from other service/third-party (named)""}, ""Personal Information Type"": {""endIndexInSegment"": 157, ""startIndexInSegment"": 153, ""selectedText"": ""male"", ""value"": ""Demographic""}, ""Choice Type"": {""endIndexInSegment"": -1, ""startIndexInSegment"": -1, ""value"": ""Unspecified""}, ""Identifiability"": {""endIndexInSegment"": -1, ""startIndexInSegment"": -1, ""value"": ""Unspecified""}, ""Does/Does Not"": {""endIndexInSegment"": 33, ""startIndexInSegment"": 28, ""selectedText"": ""track"", ""value"": ""Does""}, ""User Type"": {""endIndexInSegment"": -1, ""startIndexInSegment"": -1, ""value"": ""Unspecified""}, ""Purpose"": {""endIndexInSegment"": 145, ""startIndexInSegment"": 34, ""selectedText"": ""how our users engage over a date range, who our users are generally, and how their behavior varies by attribute"", ""value"": ""Analytics/Research""}}",5/12/14,http://www.dailyillini.com/page/privacy
3719,test_category_labeling_highlight,82,3636,8,Other,"{""Other Type"": {""endIndexInSegment"": 263, ""startIndexInSegment"": 0, ""selectedText"": ""This analysis enables us to track how our users engage over a date range, who our users are generally, and how their behavior varies by attribute (e.g., male vs. female). Illini Media may use this type of analysis to refine our advertising and content strategies."", ""value"": ""Introductory/Generic""}}",5/12/14,http://www.dailyillini.com/page/privacy
2939,test_category_labeling_highlight,84,3636,9,First Party Collection/Use,"{""Collection Mode"": {""endIndexInSegment"": 322, ""startIndexInSegment"": 315, ""selectedText"": ""cookies"", ""value"": ""Implicit""}, ""Choice Scope"": {""endIndexInSegment"": -1, ""startIndexInSegment"": -1, ""value"": ""Unspecified""}, ""Action First-Party"": {""endIndexInSegment"": -1, ""startIndexInSegment"": -1, ""value"": ""Unspecified""}, ""Personal Information Type"": {""endIndexInSegment"": 322, ""startIndexInSegment"": 315, ""selectedText"": ""cookies"", ""value"": ""Cookies and tracking elements""}, ""Choice Type"": {""endIndexInSegment"": -1, ""startIndexInSegment"": -1, ""value"": ""Unspecified""}, ""Identifiability"": {""endIndexInSegment"": -1, ""startIndexInSegment"": -1, ""value"": ""Unspecified""}, ""Does/Does Not"": {""endIndexInSegment"": 302, ""startIndexInSegment"": 299, ""selectedText"": ""use"", ""value"": ""Does""}, ""User Type"": {""endIndexInSegment"": -1, ""startIndexInSegment"": -1, ""value"": ""Unspecified""}, ""Purpose"": {""endIndexInSegment"": 446, ""startIndexInSegment"": 438, ""selectedText"": ""optimize"", ""value"": ""Personalization/Customization""}}",5/12/14,http://www.dailyillini.com/page/privacy
2940,test_category_labeling_highlight,84,3636,9,First Party Collection/Use,"{""Collection Mode"": {""endIndexInSegment"": 322, ""startIndexInSegment"": 315, ""selectedText"": ""cookies"", ""value"": ""Implicit""}, ""Choice Scope"": {""endIndexInSegment"": -1, ""startIndexInSegment"": -1, ""value"": ""Unspecified""}, ""Action First-Party"": {""endIndexInSegment"": -1, ""startIndexInSegment"": -1, ""value"": ""Unspecified""}, ""Personal Information Type"": {""endIndexInSegment"": 322, ""startIndexInSegment"": 315, ""selectedText"": ""cookies"", ""value"": ""Cookies and tracking elements""}, ""Choice Type"": {""endIndexInSegment"": -1, ""startIndexInSegment"": -1, ""value"": ""Unspecified""}, ""Identifiability"": {""endIndexInSegment"": -1, ""startIndexInSegment"": -1, ""value"": ""Unspecified""}, ""Does/Does Not"": {""endIndexInSegment"": 302, ""startIndexInSegment"": 299, ""selectedText"": ""use"", ""value"": ""Does""}, ""User Type"": {""endIndexInSegment"": -1, ""startIndexInSegment"": -1, ""value"": ""Unspecified""}, ""Purpose"": {""endIndexInSegment"": 461, ""startIndexInSegment"": 458, ""selectedText"": ""ads"", ""value"": ""Advertising""}}",5/12/14,http://www.dailyillini.com/page/privacy
2941,test_category_labeling_highlight,84,3636,9,Third Party Sharing/Collection,"{""Third Party Entity"": {""endIndexInSegment"": 279, ""startIndexInSegment"": 260, ""selectedText"": ""third-party vendors"", ""value"": ""Unnamed third party""}, ""Choice Scope"": {""endIndexInSegment"": -1, ""startIndexInSegment"": -1, ""value"": ""Unspecified""}, ""Purpose"": {""endIndexInSegment"": 446, ""startIndexInSegment"": 438, ""selectedText"": ""optimize"", ""value"": ""Personalization/Customization""}, ""Personal Information Type"": {""endIndexInSegment"": 384, ""startIndexInSegment"": 377, ""selectedText"": ""cookies"", ""value"": ""Cookies and tracking elements""}, ""Choice Type"": {""endIndexInSegment"": -1, ""startIndexInSegment"": -1, ""value"": ""Unspecified""}, ""Identifiability"": {""endIndexInSegment"": -1, ""startIndexInSegment"": -1, ""value"": ""Unspecified""}, ""Does/Does Not"": {""endIndexInSegment"": 302, ""startIndexInSegment"": 299, ""selectedText"": ""use"", ""value"": ""Does""}, ""User Type"": {""endIndexInSegment"": -1, ""startIndexInSegment"": -1, ""value"": ""Unspecified""}, ""Action Third Party"": {""endIndexInSegment"": 324, ""startIndexInSegment"": 299, ""selectedText"": ""use first-party cookies ("", ""value"": ""Track on first party website/app""}}",5/12/14,http://www.dailyillini.com/page/privacy
2942,test_category_labeling_highlight,84,3636,9,Third Party Sharing/Collection,"{""Third Party Entity"": {""endIndexInSegment"": 279, ""startIndexInSegment"": 260, ""selectedText"": ""third-party vendors"", ""value"": ""Unnamed third party""}, ""Choice Scope"": {""endIndexInSegment"": -1, ""startIndexInSegment"": -1, ""value"": ""Unspecified""}, ""Purpose"": {""endIndexInSegment"": 461, ""startIndexInSegment"": 458, ""selectedText"": ""ads"", ""value"": ""Advertising""}, ""Personal Information Type"": {""endIndexInSegment"": 384, ""startIndexInSegment"": 377, ""selectedText"": ""cookies"", ""value"": ""Cookies and tracking elements""}, ""Choice Type"": {""endIndexInSegment"": -1, ""startIndexInSegment"": -1, ""value"": ""Unspecified""}, ""Identifiability"": {""endIndexInSegment"": -1, ""startIndexInSegment"": -1, ""value"": ""Unspecified""}, ""Does/Does Not"": {""endIndexInSegment"": 302, ""startIndexInSegment"": 299, ""selectedText"": ""use"", ""value"": ""Does""}, ""User Type"": {""endIndexInSegment"": -1, ""startIndexInSegment"": -1, ""value"": ""Unspecified""}, ""Action Third Party"": {""endIndexInSegment"": 324, ""startIndexInSegment"": 299, ""selectedText"": ""use first-party cookies ("", ""value"": ""Track on first party website/app""}}",5/12/14,http://www.dailyillini.com/page/privacy
3722,test_category_labeling_highlight,82,3636,9,Third Party Sharing/Collection,"{""Third Party Entity"": {""endIndexInSegment"": 297, ""startIndexInSegment"": 260, ""selectedText"": ""third-party vendors, including Google"", ""value"": ""Named third party""}, ""Choice Scope"": {""endIndexInSegment"": -1, ""startIndexInSegment"": -1, ""value"": ""Unspecified""}, ""Purpose"": {""endIndexInSegment"": 447, ""startIndexInSegment"": 419, ""selectedText"": ""ogether to inform, optimize,"", ""value"": ""Analytics/Research""}, ""Personal Information Type"": {""endIndexInSegment"": 384, ""startIndexInSegment"": 366, ""selectedText"": ""hird-party cookies"", ""value"": ""Cookies and tracking elements""}, ""Choice Type"": {""endIndexInSegment"": -1, ""startIndexInSegment"": -1, ""value"": ""Unspecified""}, ""Identifiability"": {""endIndexInSegment"": -1, ""startIndexInSegment"": -1, ""value"": ""Unspecified""}, ""Does/Does Not"": {""endIndexInSegment"": 384, ""startIndexInSegment"": 365, ""selectedText"": ""third-party cookies"", ""value"": ""Does""}, ""User Type"": {""endIndexInSegment"": -1, ""startIndexInSegment"": -1, ""value"": ""Unspecified""}, ""Action Third Party"": {""endIndexInSegment"": 384, ""startIndexInSegment"": 365, ""selectedText"": ""third-party cookies"", ""value"": ""Track on first party website/app""}}",5/12/14,http://www.dailyillini.com/page/privacy
3723,test_category_labeling_highlight,82,3636,9,Third Party Sharing/Collection,"{""Third Party Entity"": {""endIndexInSegment"": 297, ""startIndexInSegment"": 260, ""selectedText"": ""third-party vendors, including Google"", ""value"": ""Named third party""}, ""Choice Scope"": {""endIndexInSegment"": -1, ""startIndexInSegment"": -1, ""value"": ""Unspecified""}, ""Purpose"": {""endIndexInSegment"": 509, ""startIndexInSegment"": 453, ""selectedText"": ""erve ads based on someone's past visits to your website."", ""value"": ""Advertising""}, ""Personal Information Type"": {""endIndexInSegment"": 384, ""startIndexInSegment"": 366, ""selectedText"": ""hird-party cookies"", ""value"": ""Cookies and tracking elements""}, ""Choice Type"": {""endIndexInSegment"": -1, ""startIndexInSegment"": -1, ""value"": ""Unspecified""}, ""Identifiability"": {""endIndexInSegment"": -1, ""startIndexInSegment"": -1, ""value"": ""Unspecified""}, ""Does/Does Not"": {""endIndexInSegment"": 384, ""startIndexInSegment"": 365, ""selectedText"": ""third-party cookies"", ""value"": ""Does""}, ""User Type"": {""endIndexInSegment"": -1, ""startIndexInSegment"": -1, ""value"": ""Unspecified""}, ""Action Third Party"": {""endIndexInSegment"": 384, ""startIndexInSegment"": 365, ""selectedText"": ""third-party cookies"", ""value"": ""Track on first party website/app""}}",5/12/14,http://www.dailyillini.com/page/privacy
3724,test_category_labeling_highlight,82,3636,9,First Party Collection/Use,"{""Collection Mode"": {""endIndexInSegment"": -1, ""startIndexInSegment"": -1, ""value"": ""Unspecified""}, ""Choice Scope"": {""endIndexInSegment"": -1, ""startIndexInSegment"": -1, ""value"": ""Unspecified""}, ""Action First-Party"": {""endIndexInSegment"": 322, ""startIndexInSegment"": 299, ""selectedText"": ""use first-party cookies"", ""value"": ""Collect on website""}, ""Personal Information Type"": {""endIndexInSegment"": 322, ""startIndexInSegment"": 304, ""selectedText"": ""irst-party cookies"", ""value"": ""Cookies and tracking elements""}, ""Choice Type"": {""endIndexInSegment"": -1, ""startIndexInSegment"": -1, ""value"": ""Unspecified""}, ""Identifiability"": {""endIndexInSegment"": -1, ""startIndexInSegment"": -1, ""value"": ""Unspecified""}, ""Does/Does Not"": {""endIndexInSegment"": 322, ""startIndexInSegment"": 299, ""selectedText"": ""use first-party cookies"", ""value"": ""Does""}, ""User Type"": {""endIndexInSegment"": -1, ""startIndexInSegment"": -1, ""value"": ""Unspecified""}, ""Purpose"": {""endIndexInSegment"": 447, ""startIndexInSegment"": 419, ""selectedText"": ""ogether to inform, optimize,"", ""value"": ""Analytics/Research""}}",5/12/14,http://www.dailyillini.com/page/privacy
3725,test_category_labeling_highlight,82,3636,9,First Party Collection/Use,"{""Collection Mode"": {""endIndexInSegment"": -1, ""startIndexInSegment"": -1, ""value"": ""Unspecified""}, ""Choice Scope"": {""endIndexInSegment"": -1, ""startIndexInSegment"": -1, ""value"": ""Unspecified""}, ""Action First-Party"": {""endIndexInSegment"": 322, ""startIndexInSegment"": 299, ""selectedText"": ""use first-party cookies"", ""value"": ""Collect on website""}, ""Personal Information Type"": {""endIndexInSegment"": 322, ""startIndexInSegment"": 304, ""selectedText"": ""irst-party cookies"", ""value"": ""Cookies and tracking elements""}, ""Choice Type"": {""endIndexInSegment"": -1, ""startIndexInSegment"": -1, ""value"": ""Unspecified""}, ""Identifiability"": {""endIndexInSegment"": -1, ""startIndexInSegment"": -1, ""value"": ""Unspecified""}, ""Does/Does Not"": {""endIndexInSegment"": 322, ""startIndexInSegment"": 299, ""selectedText"": ""use first-party cookies"", ""value"": ""Does""}, ""User Type"": {""endIndexInSegment"": -1, ""startIndexInSegment"": -1, ""value"": ""Unspecified""}, ""Purpose"": {""endIndexInSegment"": 509, ""startIndexInSegment"": 452, ""selectedText"": ""serve ads based on someone's past visits to your website."", ""value"": ""Advertising""}}",5/12/14,http://www.dailyillini.com/page/privacy
4148,test_category_labeling_highlight,88,3636,9,First Party Collection/Use,"{""Collection Mode"": {""endIndexInSegment"": 322, ""startIndexInSegment"": 315, ""selectedText"": ""cookies"", ""value"": ""Implicit""}, ""Choice Scope"": {""endIndexInSegment"": -1, ""startIndexInSegment"": -1, ""value"": ""Unspecified""}, ""Action First-Party"": {""endIndexInSegment"": 872, ""startIndexInSegment"": 243, ""selectedText"": ""Illini Media and third-party vendors, including Google, use first-party cookies (such as the Google Analytics cookie) and third-party cookies (such as the DoubleClick cookie) together to inform, optimize, and serve ads based on someone's past visits to your website. Illini Media and third-party vendors, including Google, use first-party cookies (such as the Google Analytics cookies) and third-party cookies (such as the DoubleClick cookie) together to report how our ad impressions, other uses of ad services, and interactions with these ad impressions and ad services are related to visits to your site."", ""value"": ""Collect on website""}, ""Personal Information Type"": {""endIndexInSegment"": 322, ""startIndexInSegment"": 315, ""selectedText"": ""cookies"", ""value"": ""Cookies and tracking elements""}, ""Choice Type"": {""endIndexInSegment"": -1, ""startIndexInSegment"": -1, ""value"": ""Unspecified""}, ""Identifiability"": {""endIndexInSegment"": -1, ""startIndexInSegment"": -1, ""value"": ""Unspecified""}, ""Does/Does Not"": {""endIndexInSegment"": 872, ""startIndexInSegment"": 243, ""selectedText"": ""Illini Media and third-party vendors, including Google, use first-party cookies (such as the Google Analytics cookie) and third-party cookies (such as the DoubleClick cookie) together to inform, optimize, and serve ads based on someone's past visits to your website. Illini Media and third-party vendors, including Google, use first-party cookies (such as the Google Analytics cookies) and third-party cookies (such as the DoubleClick cookie) together to report how our ad impressions, other uses of ad services, and interactions with these ad impressions and ad services are related to visits to your site."", ""value"": ""Does""}, ""User Type"": {""endIndexInSegment"": -1, ""startIndexInSegment"": -1, ""value"": ""Unspecified""}, ""Purpose"": {""endIndexInSegment"": 461, ""startIndexInSegment"": 452, ""selectedText"": ""serve ads"", ""value"": ""Advertising""}}",5/12/14,http://www.dailyillini.com/page/privacy
2943,test_category_labeling_highlight,84,3636,10,Third Party Sharing/Collection,"{""Third Party Entity"": {""endIndexInSegment"": 249, ""startIndexInSegment"": 226, ""selectedText"": ""Google or any ad server"", ""value"": ""Named third party""}, ""Choice Scope"": {""endIndexInSegment"": -1, ""startIndexInSegment"": -1, ""value"": ""Unspecified""}, ""Purpose"": {""endIndexInSegment"": 419, ""startIndexInSegment"": 405, ""selectedText"": ""advertisements"", ""value"": ""Advertising""}, ""Personal Information Type"": {""endIndexInSegment"": 269, ""startIndexInSegment"": 258, ""selectedText"": ""information"", ""value"": ""Unspecified""}, ""Choice Type"": {""endIndexInSegment"": -1, ""startIndexInSegment"": -1, ""value"": ""Unspecified""}, ""Identifiability"": {""endIndexInSegment"": 338, ""startIndexInSegment"": 271, ""selectedText"": ""not including your name, address, email address or telephone number"", ""value"": ""Aggregated or anonymized""}, ""Does/Does Not"": {""endIndexInSegment"": 257, ""startIndexInSegment"": 254, ""selectedText"": ""use"", ""value"": ""Does""}, ""User Type"": {""endIndexInSegment"": -1, ""startIndexInSegment"": -1, ""value"": ""Unspecified""}, ""Action Third Party"": {""endIndexInSegment"": 253, ""startIndexInSegment"": 250, ""selectedText"": ""may"", ""value"": ""Track on first party website/app""}}",5/12/14,http://www.dailyillini.com/page/privacy
2944,test_category_labeling_highlight,84,3636,10,User Choice/Control,"{""Choice Type"": {""endIndexInSegment"": 182, ""startIndexInSegment"": 175, ""selectedText"": ""opt-out"", ""value"": ""Opt-out via contacting company""}, ""Choice Scope"": {""endIndexInSegment"": 25, ""startIndexInSegment"": 19, ""selectedText"": ""shares"", ""value"": ""First party use""}, ""User Type"": {""endIndexInSegment"": -1, ""startIndexInSegment"": -1, ""value"": ""Unspecified""}, ""Purpose"": {""endIndexInSegment"": -1, ""startIndexInSegment"": -1, ""value"": ""Unspecified""}, ""Personal Information Type"": {""endIndexInSegment"": 61, ""startIndexInSegment"": 26, ""selectedText"": ""personally identifiable information"", ""value"": ""Generic personal information""}}",5/12/14,http://www.dailyillini.com/page/privacy
3720,test_category_labeling_highlight,82,3636,10,Third Party Sharing/Collection,"{""Third Party Entity"": {""endIndexInSegment"": -1, ""startIndexInSegment"": -1, ""value"": ""Unspecified""}, ""Choice Scope"": {""endIndexInSegment"": -1, ""startIndexInSegment"": -1, ""value"": ""Unspecified""}, ""Purpose"": {""endIndexInSegment"": -1, ""startIndexInSegment"": -1, ""value"": ""Unspecified""}, ""Personal Information Type"": {""endIndexInSegment"": 61, ""startIndexInSegment"": 50, ""selectedText"": ""information"", ""value"": ""Generic personal information""}, ""Choice Type"": {""endIndexInSegment"": 224, ""startIndexInSegment"": 109, ""selectedText"": ""ones described above without also providing you an opportunity to opt-out or otherwise prohibit such unrelated uses"", ""value"": ""Opt-out link""}, ""Identifiability"": {""endIndexInSegment"": 49, ""startIndexInSegment"": 26, ""selectedText"": ""personally identifiable"", ""value"": ""Identifiable""}, ""Does/Does Not"": {""endIndexInSegment"": 25, ""startIndexInSegment"": 13, ""selectedText"": ""never shares"", ""value"": ""Does Not""}, ""User Type"": {""endIndexInSegment"": -1, ""startIndexInSegment"": -1, ""value"": ""Unspecified""}, ""Action Third Party"": {""endIndexInSegment"": 25, ""startIndexInSegment"": 13, ""selectedText"": ""never shares"", ""value"": ""Receive/Shared with""}}",5/12/14,http://www.dailyillini.com/page/privacy
3721,test_category_labeling_highlight,82,3636,10,Third Party Sharing/Collection,"{""Third Party Entity"": {""endIndexInSegment"": 249, ""startIndexInSegment"": 226, ""selectedText"": ""Google or any ad server"", ""value"": ""Named third party""}, ""Choice Scope"": {""endIndexInSegment"": -1, ""startIndexInSegment"": -1, ""value"": ""Unspecified""}, ""Purpose"": {""endIndexInSegment"": 464, ""startIndexInSegment"": 340, ""selectedText"": ""about your visits to this and other websites in order to provide advertisements about goods and services of interest to you."", ""value"": ""Advertising""}, ""Personal Information Type"": {""endIndexInSegment"": 269, ""startIndexInSegment"": 259, ""selectedText"": ""nformation"", ""value"": ""Generic personal information""}, ""Choice Type"": {""endIndexInSegment"": -1, ""startIndexInSegment"": -1, ""value"": ""Unspecified""}, ""Identifiability"": {""endIndexInSegment"": -1, ""startIndexInSegment"": -1, ""value"": ""Unspecified""}, ""Does/Does Not"": {""endIndexInSegment"": 257, ""startIndexInSegment"": 250, ""selectedText"": ""may use"", ""value"": ""Does""}, ""User Type"": {""endIndexInSegment"": -1, ""startIndexInSegment"": -1, ""value"": ""Unspecified""}, ""Action Third Party"": {""endIndexInSegment"": 269, ""startIndexInSegment"": 250, ""selectedText"": ""may use information"", ""value"": ""Receive/Shared with""}}",5/12/14,http://www.dailyillini.com/page/privacy
4149,test_category_labeling_highlight,88,3636,10,Third Party Sharing/Collection,"{""Third Party Entity"": {""endIndexInSegment"": 232, ""startIndexInSegment"": 226, ""selectedText"": ""Google"", ""value"": ""Named third party""}, ""Choice Scope"": {""endIndexInSegment"": -1, ""startIndexInSegment"": -1, ""value"": ""Unspecified""}, ""Purpose"": {""endIndexInSegment"": 419, ""startIndexInSegment"": 405, ""selectedText"": ""advertisements"", ""value"": ""Advertising""}, ""Personal Information Type"": {""endIndexInSegment"": -1, ""startIndexInSegment"": -1, ""value"": ""Unspecified""}, ""Choice Type"": {""endIndexInSegment"": -1, ""startIndexInSegment"": -1, ""value"": ""Unspecified""}, ""Identifiability"": {""endIndexInSegment"": 339, ""startIndexInSegment"": 270, ""selectedText"": ""(not including your name, address, email address or telephone number)"", ""value"": ""Unspecified""}, ""Does/Does Not"": {""endIndexInSegment"": 339, ""startIndexInSegment"": 250, ""selectedText"": ""may use information (not including your name, address, email address or telephone number)"", ""value"": ""Does""}, ""User Type"": {""endIndexInSegment"": -1, ""startIndexInSegment"": -1, ""value"": ""Unspecified""}, ""Action Third Party"": {""endIndexInSegment"": 365, ""startIndexInSegment"": 340, ""selectedText"": ""about your visits to this"", ""value"": ""Collect on first party website/app""}}",5/12/14,http://www.dailyillini.com/page/privacy
4150,test_category_labeling_highlight,88,3636,10,Third Party Sharing/Collection,"{""Third Party Entity"": {""endIndexInSegment"": 232, ""startIndexInSegment"": 226, ""selectedText"": ""Google"", ""value"": ""Named third party""}, ""Choice Scope"": {""endIndexInSegment"": -1, ""startIndexInSegment"": -1, ""value"": ""Unspecified""}, ""Purpose"": {""endIndexInSegment"": 419, ""startIndexInSegment"": 405, ""selectedText"": ""advertisements"", ""value"": ""Advertising""}, ""Personal Information Type"": {""endIndexInSegment"": -1, ""startIndexInSegment"": -1, ""value"": ""Unspecified""}, ""Choice Type"": {""endIndexInSegment"": -1, ""startIndexInSegment"": -1, ""value"": ""Unspecified""}, ""Identifiability"": {""endIndexInSegment"": 339, ""startIndexInSegment"": 270, ""selectedText"": ""(not including your name, address, email address or telephone number)"", ""value"": ""Unspecified""}, ""Does/Does Not"": {""endIndexInSegment"": 339, ""startIndexInSegment"": 250, ""selectedText"": ""may use information (not including your name, address, email address or telephone number)"", ""value"": ""Does""}, ""User Type"": {""endIndexInSegment"": -1, ""startIndexInSegment"": -1, ""value"": ""Unspecified""}, ""Action Third Party"": {""endIndexInSegment"": 384, ""startIndexInSegment"": 366, ""selectedText"": ""and other websites"", ""value"": ""Track on first party website/app""}}",5/12/14,http://www.dailyillini.com/page/privacy
2945,test_category_labeling_highlight,84,3636,11,User Choice/Control,"{""Choice Type"": {""endIndexInSegment"": 98, ""startIndexInSegment"": 90, ""selectedText"": ""opt-outs"", ""value"": ""Third-party privacy controls""}, ""Choice Scope"": {""endIndexInSegment"": 68, ""startIndexInSegment"": 52, ""selectedText"": ""Google Analytics"", ""value"": ""Third party sharing/collection""}, ""User Type"": {""endIndexInSegment"": -1, ""startIndexInSegment"": -1, ""value"": ""Unspecified""}, ""Purpose"": {""endIndexInSegment"": -1, ""startIndexInSegment"": -1, ""value"": ""Unspecified""}, ""Personal Information Type"": {""endIndexInSegment"": -1, ""startIndexInSegment"": -1, ""value"": ""Unspecified""}}",5/12/14,http://www.dailyillini.com/page/privacy
3706,test_category_labeling_highlight,82,3636,11,User Choice/Control,"{""Choice Type"": {""endIndexInSegment"": 111, ""startIndexInSegment"": 80, ""selectedText"": ""available opt-outs at any time."", ""value"": ""Opt-out via contacting company""}, ""Choice Scope"": {""endIndexInSegment"": 69, ""startIndexInSegment"": 52, ""selectedText"": ""Google Analytics'"", ""value"": ""Third party sharing/collection""}, ""User Type"": {""endIndexInSegment"": -1, ""startIndexInSegment"": -1, ""value"": ""Unspecified""}, ""Purpose"": {""endIndexInSegment"": 69, ""startIndexInSegment"": 52, ""selectedText"": ""Google Analytics'"", ""value"": ""Analytics/Research""}, ""Personal Information Type"": {""endIndexInSegment"": -1, ""startIndexInSegment"": -1, ""value"": ""Unspecified""}}",5/12/14,http://www.dailyillini.com/page/privacy
4145,test_category_labeling_highlight,88,3636,11,User Choice/Control,"{""Choice Type"": {""endIndexInSegment"": 111, ""startIndexInSegment"": 9, ""selectedText"": ""To opt-out You may use Google Analytics' currently available opt-outs at any time."", ""value"": ""Third-party privacy controls""}, ""Choice Scope"": {""endIndexInSegment"": -1, ""startIndexInSegment"": -1, ""value"": ""Unspecified""}, ""User Type"": {""endIndexInSegment"": -1, ""startIndexInSegment"": -1, ""value"": ""Unspecified""}, ""Purpose"": {""endIndexInSegment"": 68, ""startIndexInSegment"": 52, ""selectedText"": ""Google Analytics"", ""value"": ""Analytics/Research""}, ""Personal Information Type"": {""endIndexInSegment"": -1, ""startIndexInSegment"": -1, ""value"": ""Unspecified""}}",5/12/14,http://www.dailyillini.com/page/privacy
2946,test_category_labeling_highlight,84,3636,12,"User Access, Edit and Deletion","{""Access Type"": {""endIndexInSegment"": 81, ""startIndexInSegment"": 75, ""selectedText"": ""access"", ""value"": ""View""}, ""User Type"": {""endIndexInSegment"": 173, ""startIndexInSegment"": 166, ""selectedText"": ""logging"", ""value"": ""User with account""}, ""Access Scope"": {""endIndexInSegment"": 162, ""startIndexInSegment"": 82, ""selectedText"": ""all your personally identifiable information that we collect online and maintain"", ""value"": ""Profile data""}}",5/12/14,http://www.dailyillini.com/page/privacy
2947,test_category_labeling_highlight,84,3636,12,"User Access, Edit and Deletion","{""Access Type"": {""endIndexInSegment"": 268, ""startIndexInSegment"": 261, ""selectedText"": ""correct"", ""value"": ""Edit information""}, ""User Type"": {""endIndexInSegment"": 173, ""startIndexInSegment"": 166, ""selectedText"": ""logging"", ""value"": ""User with account""}, ""Access Scope"": {""endIndexInSegment"": 162, ""startIndexInSegment"": 82, ""selectedText"": ""all your personally identifiable information that we collect online and maintain"", ""value"": ""Profile data""}}",5/12/14,http://www.dailyillini.com/page/privacy
3703,test_category_labeling_highlight,82,3636,12,"User Access, Edit and Deletion","{""Access Type"": {""endIndexInSegment"": 81, ""startIndexInSegment"": 75, ""selectedText"": ""access"", ""value"": ""View""}, ""User Type"": {""endIndexInSegment"": 191, ""startIndexInSegment"": 166, ""selectedText"": ""logging into your account"", ""value"": ""User with account""}, ""Access Scope"": {""endIndexInSegment"": 251, ""startIndexInSegment"": 211, ""selectedText"": ""account settings and profile information"", ""value"": ""Profile data""}}",5/12/14,http://www.dailyillini.com/page/privacy
3704,test_category_labeling_highlight,82,3636,12,"User Access, Edit and Deletion","{""Access Type"": {""endIndexInSegment"": 81, ""startIndexInSegment"": 75, ""selectedText"": ""access"", ""value"": ""View""}, ""User Type"": {""endIndexInSegment"": 191, ""startIndexInSegment"": 166, ""selectedText"": ""logging into your account"", ""value"": ""User with account""}, ""Access Scope"": {""endIndexInSegment"": 227, ""startIndexInSegment"": 196, ""selectedText"": ""adjusting your account settings"", ""value"": ""User account data""}}",5/12/14,http://www.dailyillini.com/page/privacy
3705,test_category_labeling_highlight,82,3636,12,"User Access, Edit and Deletion","{""Access Type"": {""endIndexInSegment"": 283, ""startIndexInSegment"": 269, ""selectedText"": ""factual errors"", ""value"": ""Edit information""}, ""User Type"": {""endIndexInSegment"": -1, ""startIndexInSegment"": -1, ""value"": ""Unspecified""}, ""Access Scope"": {""endIndexInSegment"": 326, ""startIndexInSegment"": 292, ""selectedText"": ""personally identifiable informatio"", ""value"": ""Unspecified""}}",5/12/14,http://www.dailyillini.com/page/privacy
4147,test_category_labeling_highlight,88,3636,12,"User Access, Edit and Deletion","{""Access Type"": {""endIndexInSegment"": 378, ""startIndexInSegment"": 67, ""selectedText"": ""You can access all your personally identifiable information that we collect online and maintain by logging into your account and adjusting your account settings and profile information. You can correct factual errors in your personally identifiable information by sending us a request that credibly shows error."", ""value"": ""Edit information""}, ""User Type"": {""endIndexInSegment"": 191, ""startIndexInSegment"": 166, ""selectedText"": ""logging into your account"", ""value"": ""User with account""}, ""Access Scope"": {""endIndexInSegment"": 378, ""startIndexInSegment"": 67, ""selectedText"": ""You can access all your personally identifiable information that we collect online and maintain by logging into your account and adjusting your account settings and profile information. You can correct factual errors in your personally identifiable information by sending us a request that credibly shows error."", ""value"": ""User account data""}}",5/12/14,http://www.dailyillini.com/page/privacy
C899,test_category_labeling_highlight,88,3636,13,Data Security,"{""Security Measure"": {""endIndexInSegment"": 299, ""startIndexInSegment"": 61, ""selectedText"": ""To prevent unauthorized access, maintain data accuracy, and ensure the correct use of information, we have put in place appropriate physical, electronic, and managerial procedures to safeguard and secure the information we collect online."", ""value"": ""Generic""}}",5/12/14,http://www.dailyillini.com/page/privacy
C900,test_category_labeling_highlight,82,3636,14,Other,"{""Other Type"": {""endIndexInSegment"": 12, ""startIndexInSegment"": 0, ""selectedText"": ""May 12, 2014"", ""value"": ""Other""}}",5/12/14,http://www.dailyillini.com/page/privacy
