C1634,test_category_labeling_highlight_fordham_aaaaa,121,3833,0,Other,"{""Other Type"": {""selectedText"": ""Smithsonian Institution's Privacy Statement"", ""startIndexInSegment"": 0, ""endIndexInSegment"": 53, ""value"": ""Introductory/Generic""}}",6/18/14,http://www.si.edu/privacy
15277,test_category_labeling_highlight_upitt,103,3833,1,Other,"{""Other Type"": {""selectedText"": ""Thank you for visiting the Smithsonian Institution network of Websites and reviewing our Privacy Statement. The Smithsonian Institution does not collect personal information about visitors to our Websites unless you choose to provide that information to us. The Smithsonian will use that information to respond to your message and to help us get you the information you have requested."", ""startIndexInSegment"": 38, ""endIndexInSegment"": 423, ""value"": ""Introductory/Generic""}}",6/18/14,http://www.si.edu/privacy
15278,test_category_labeling_highlight_upitt,103,3833,1,First Party Collection/Use,"{""Collection Mode"": {""selectedText"": ""null"", ""startIndexInSegment"": -1, ""endIndexInSegment"": -1, ""value"": ""not-selected""}, ""Choice Scope"": {""selectedText"": ""null"", ""startIndexInSegment"": -1, ""endIndexInSegment"": -1, ""value"": ""not-selected""}, ""Action First-Party"": {""selectedText"": ""Not selected"", ""startIndexInSegment"": -1, ""endIndexInSegment"": -1, ""value"": ""Unspecified""}, ""Personal Information Type"": {""selectedText"": ""personal information"", ""startIndexInSegment"": 191, ""endIndexInSegment"": 211, ""value"": ""Generic personal information""}, ""Choice Type"": {""selectedText"": ""unless you choose to provide that information to us."", ""startIndexInSegment"": 243, ""endIndexInSegment"": 295, ""value"": ""Opt-in""}, ""Identifiability"": {""selectedText"": ""null"", ""startIndexInSegment"": -1, ""endIndexInSegment"": -1, ""value"": ""not-selected""}, ""Does/Does Not"": {""selectedText"": ""does not"", ""startIndexInSegment"": 174, ""endIndexInSegment"": 182, ""value"": ""Does Not""}, ""User Type"": {""selectedText"": ""about visitors to our Websites"", ""startIndexInSegment"": 212, ""endIndexInSegment"": 242, ""value"": ""User without account""}, ""Purpose"": {""selectedText"": ""Not selected"", ""startIndexInSegment"": -1, ""endIndexInSegment"": -1, ""value"": ""Unspecified""}}",6/18/14,http://www.si.edu/privacy
19989,test_category_labeling_highlight_upitt,95,3833,1,First Party Collection/Use,"{""Collection Mode"": {""selectedText"": ""unless you choose to provide that information to us."", ""startIndexInSegment"": 243, ""endIndexInSegment"": 295, ""value"": ""Explicit""}, ""Choice Scope"": {""selectedText"": ""provide that information to us"", ""startIndexInSegment"": 264, ""endIndexInSegment"": 294, ""value"": ""Collection""}, ""Action First-Party"": {""selectedText"": ""Not selected"", ""startIndexInSegment"": -1, ""endIndexInSegment"": -1, ""value"": ""Unspecified""}, ""Personal Information Type"": {""selectedText"": ""personal information"", ""startIndexInSegment"": 191, ""endIndexInSegment"": 211, ""value"": ""Generic personal information""}, ""Choice Type"": {""selectedText"": ""unless you choose to provide that information to us."", ""startIndexInSegment"": 243, ""endIndexInSegment"": 295, ""value"": ""Opt-in""}, ""Identifiability"": {""selectedText"": ""Not selected"", ""startIndexInSegment"": -1, ""endIndexInSegment"": -1, ""value"": ""Unspecified""}, ""Does/Does Not"": {""selectedText"": ""The Smithsonian Institution does not collect personal information about visitors to our Websites unless you choose to provide that information to us."", ""startIndexInSegment"": 146, ""endIndexInSegment"": 295, ""value"": ""Does""}, ""User Type"": {""selectedText"": ""Not selected"", ""startIndexInSegment"": -1, ""endIndexInSegment"": -1, ""value"": ""Unspecified""}, ""Purpose"": {""selectedText"": ""The Smithsonian will use that information to respond to your message and to help us get you the information you have requested."", ""startIndexInSegment"": 296, ""endIndexInSegment"": 428, ""value"": ""Basic service/feature""}}",6/18/14,http://www.si.edu/privacy
22936,test_category_labeling_highlight_fordham_aaaaa,121,3833,1,Other,"{""Other Type"": {""selectedText"": ""Thank you for visiting the Smithsonian Institution network of Websites and reviewing our Privacy Statement."", ""startIndexInSegment"": 38, ""endIndexInSegment"": 145, ""value"": ""Introductory/Generic""}}",6/18/14,http://www.si.edu/privacy
22938,test_category_labeling_highlight_fordham_aaaaa,121,3833,1,First Party Collection/Use,"{""Collection Mode"": {""selectedText"": ""null"", ""startIndexInSegment"": -1, ""endIndexInSegment"": -1, ""value"": ""not-selected""}, ""Choice Scope"": {""selectedText"": ""Not selected"", ""startIndexInSegment"": -1, ""endIndexInSegment"": -1, ""value"": ""Unspecified""}, ""Action First-Party"": {""selectedText"": ""collect personal information about visitors to our Websites"", ""startIndexInSegment"": 183, ""endIndexInSegment"": 242, ""value"": ""Collect on website""}, ""Personal Information Type"": {""selectedText"": ""information about visitors"", ""startIndexInSegment"": 200, ""endIndexInSegment"": 226, ""value"": ""Unspecified""}, ""Choice Type"": {""selectedText"": ""you choose to provide"", ""startIndexInSegment"": 250, ""endIndexInSegment"": 271, ""value"": ""Opt-in""}, ""Identifiability"": {""selectedText"": ""null"", ""startIndexInSegment"": -1, ""endIndexInSegment"": -1, ""value"": ""not-selected""}, ""Does/Does Not"": {""selectedText"": ""does not"", ""startIndexInSegment"": 174, ""endIndexInSegment"": 182, ""value"": ""Does Not""}, ""User Type"": {""selectedText"": ""Not selected"", ""startIndexInSegment"": -1, ""endIndexInSegment"": -1, ""value"": ""Unspecified""}, ""Purpose"": {""selectedText"": ""to respond to your message and to help us get you the information you have requested"", ""startIndexInSegment"": 338, ""endIndexInSegment"": 422, ""value"": ""Basic service/feature""}}",6/18/14,http://www.si.edu/privacy
C1635,test_category_labeling_highlight_fordham_aaaaa,121,3833,2,Other,"{""Other Type"": {""selectedText"": ""This Privacy Statement applies to the online activities of the Smithsonian Institution and onsite interactive activities (collectively \""Websites\""). It does not apply to its Smithsonian Enterprises websites (Smithsonian Magazine, Air Space Magazine, Smithsonian Store, and Smithsonian Journeys). Consult those websites for the Smithsonian Enterprises privacy statement."", ""startIndexInSegment"": 0, ""endIndexInSegment"": 368, ""value"": ""Other""}}",6/18/14,http://www.si.edu/privacy
15280,test_category_labeling_highlight_upitt,103,3833,3,First Party Collection/Use,"{""Collection Mode"": {""selectedText"": ""we automatically gather and store the following information about your visit"", ""startIndexInSegment"": 105, ""endIndexInSegment"": 181, ""value"": ""Implicit""}, ""Choice Scope"": {""selectedText"": ""null"", ""startIndexInSegment"": -1, ""endIndexInSegment"": -1, ""value"": ""not-selected""}, ""Action First-Party"": {""selectedText"": ""When you visit our Websites"", ""startIndexInSegment"": 76, ""endIndexInSegment"": 103, ""value"": ""Collect on website""}, ""Personal Information Type"": {""selectedText"": ""The IP address from which you access our Websites"", ""startIndexInSegment"": 380, ""endIndexInSegment"": 429, ""value"": ""IP address and device IDs""}, ""Choice Type"": {""selectedText"": ""null"", ""startIndexInSegment"": -1, ""endIndexInSegment"": -1, ""value"": ""not-selected""}, ""Identifiability"": {""selectedText"": ""This information is stored and used in the aggregate only, and is not used to contact you personally:"", ""startIndexInSegment"": 258, ""endIndexInSegment"": 359, ""value"": ""Aggregated or anonymized""}, ""Does/Does Not"": {""selectedText"": ""null"", ""startIndexInSegment"": -1, ""endIndexInSegment"": -1, ""value"": ""Does""}, ""User Type"": {""selectedText"": ""null"", ""startIndexInSegment"": -1, ""endIndexInSegment"": -1, ""value"": ""not-selected""}, ""Purpose"": {""selectedText"": ""so that we can track the use of our Websites in order to make improvements."", ""startIndexInSegment"": 182, ""endIndexInSegment"": 257, ""value"": ""Analytics/Research""}}",6/18/14,http://www.si.edu/privacy
15281,test_category_labeling_highlight_upitt,103,3833,3,First Party Collection/Use,"{""Collection Mode"": {""selectedText"": ""we automatically gather and store the following information about your visit"", ""startIndexInSegment"": 105, ""endIndexInSegment"": 181, ""value"": ""Implicit""}, ""Choice Scope"": {""selectedText"": ""null"", ""startIndexInSegment"": -1, ""endIndexInSegment"": -1, ""value"": ""not-selected""}, ""Action First-Party"": {""selectedText"": ""When you visit our Websites"", ""startIndexInSegment"": 76, ""endIndexInSegment"": 103, ""value"": ""Collect on website""}, ""Personal Information Type"": {""selectedText"": ""The name of the domain from which you access the Internet (for example, gmail.com, if you are connecting from a Google account); The type of browser and operating system used to access our Websites;"", ""startIndexInSegment"": 453, ""endIndexInSegment"": 673, ""value"": ""Computer information""}, ""Choice Type"": {""selectedText"": ""null"", ""startIndexInSegment"": -1, ""endIndexInSegment"": -1, ""value"": ""not-selected""}, ""Identifiability"": {""selectedText"": ""This information is stored and used in the aggregate only, and is not used to contact you personally:"", ""startIndexInSegment"": 258, ""endIndexInSegment"": 359, ""value"": ""Aggregated or anonymized""}, ""Does/Does Not"": {""selectedText"": ""null"", ""startIndexInSegment"": -1, ""endIndexInSegment"": -1, ""value"": ""Does""}, ""User Type"": {""selectedText"": ""null"", ""startIndexInSegment"": -1, ""endIndexInSegment"": -1, ""value"": ""not-selected""}, ""Purpose"": {""selectedText"": ""so that we can track the use of our Websites in order to make improvements."", ""startIndexInSegment"": 182, ""endIndexInSegment"": 257, ""value"": ""Analytics/Research""}}",6/18/14,http://www.si.edu/privacy
15282,test_category_labeling_highlight_upitt,103,3833,3,First Party Collection/Use,"{""Collection Mode"": {""selectedText"": ""we automatically gather and store the following information about your visit"", ""startIndexInSegment"": 105, ""endIndexInSegment"": 181, ""value"": ""Implicit""}, ""Choice Scope"": {""selectedText"": ""null"", ""startIndexInSegment"": -1, ""endIndexInSegment"": -1, ""value"": ""not-selected""}, ""Action First-Party"": {""selectedText"": ""When you visit our Websites"", ""startIndexInSegment"": 76, ""endIndexInSegment"": 103, ""value"": ""Collect on website""}, ""Personal Information Type"": {""selectedText"": ""The date and time you access our sites; The pages, files, documents and links that you visit; and The domain of the website which referred you to this Website (the last website you visited before visiting this one)."", ""startIndexInSegment"": 696, ""endIndexInSegment"": 955, ""value"": ""User online activities""}, ""Choice Type"": {""selectedText"": ""null"", ""startIndexInSegment"": -1, ""endIndexInSegment"": -1, ""value"": ""not-selected""}, ""Identifiability"": {""selectedText"": ""This information is stored and used in the aggregate only, and is not used to contact you personally:"", ""startIndexInSegment"": 258, ""endIndexInSegment"": 359, ""value"": ""Aggregated or anonymized""}, ""Does/Does Not"": {""selectedText"": ""null"", ""startIndexInSegment"": -1, ""endIndexInSegment"": -1, ""value"": ""Does""}, ""User Type"": {""selectedText"": ""null"", ""startIndexInSegment"": -1, ""endIndexInSegment"": -1, ""value"": ""not-selected""}, ""Purpose"": {""selectedText"": ""so that we can track the use of our Websites in order to make improvements."", ""startIndexInSegment"": 182, ""endIndexInSegment"": 257, ""value"": ""Analytics/Research""}}",6/18/14,http://www.si.edu/privacy
20019,test_category_labeling_highlight_upitt,95,3833,3,First Party Collection/Use,"{""Collection Mode"": {""selectedText"": ""we automatically gather"", ""startIndexInSegment"": 105, ""endIndexInSegment"": 128, ""value"": ""Implicit""}, ""Choice Scope"": {""selectedText"": ""Not selected"", ""startIndexInSegment"": -1, ""endIndexInSegment"": -1, ""value"": ""Unspecified""}, ""Action First-Party"": {""selectedText"": ""When you visit our Websites"", ""startIndexInSegment"": 76, ""endIndexInSegment"": 103, ""value"": ""Collect on website""}, ""Personal Information Type"": {""selectedText"": ""IP address"", ""startIndexInSegment"": 384, ""endIndexInSegment"": 394, ""value"": ""IP address and device IDs""}, ""Choice Type"": {""selectedText"": ""Not selected"", ""startIndexInSegment"": -1, ""endIndexInSegment"": -1, ""value"": ""Unspecified""}, ""Identifiability"": {""selectedText"": ""aggregate"", ""startIndexInSegment"": 301, ""endIndexInSegment"": 310, ""value"": ""Aggregated or anonymized""}, ""Does/Does Not"": {""selectedText"": ""Information Collected and Stored Automatically"", ""startIndexInSegment"": 9, ""endIndexInSegment"": 55, ""value"": ""Does""}, ""User Type"": {""selectedText"": ""Not selected"", ""startIndexInSegment"": -1, ""endIndexInSegment"": -1, ""value"": ""Unspecified""}, ""Purpose"": {""selectedText"": ""make improvements"", ""startIndexInSegment"": 239, ""endIndexInSegment"": 256, ""value"": ""Analytics/Research""}}",6/18/14,http://www.si.edu/privacy
20020,test_category_labeling_highlight_upitt,95,3833,3,First Party Collection/Use,"{""Collection Mode"": {""selectedText"": ""we automatically gather"", ""startIndexInSegment"": 105, ""endIndexInSegment"": 128, ""value"": ""Implicit""}, ""Choice Scope"": {""selectedText"": ""Not selected"", ""startIndexInSegment"": -1, ""endIndexInSegment"": -1, ""value"": ""Unspecified""}, ""Action First-Party"": {""selectedText"": ""When you visit our Websites"", ""startIndexInSegment"": 76, ""endIndexInSegment"": 103, ""value"": ""Collect on website""}, ""Personal Information Type"": {""selectedText"": ""The name of the domain from which you access the Internet (for example, gmail.com, if you are connecting from a Google account); </li> </ul> <ul> <li> The type of browser and operating system used to access our Websites;"", ""startIndexInSegment"": 453, ""endIndexInSegment"": 673, ""value"": ""Computer information""}, ""Choice Type"": {""selectedText"": ""Not selected"", ""startIndexInSegment"": -1, ""endIndexInSegment"": -1, ""value"": ""Unspecified""}, ""Identifiability"": {""selectedText"": ""aggregate"", ""startIndexInSegment"": 301, ""endIndexInSegment"": 310, ""value"": ""Aggregated or anonymized""}, ""Does/Does Not"": {""selectedText"": ""Information Collected and Stored Automatically"", ""startIndexInSegment"": 9, ""endIndexInSegment"": 55, ""value"": ""Does""}, ""User Type"": {""selectedText"": ""Not selected"", ""startIndexInSegment"": -1, ""endIndexInSegment"": -1, ""value"": ""Unspecified""}, ""Purpose"": {""selectedText"": ""make improvements"", ""startIndexInSegment"": 239, ""endIndexInSegment"": 256, ""value"": ""Analytics/Research""}}",6/18/14,http://www.si.edu/privacy
20021,test_category_labeling_highlight_upitt,95,3833,3,First Party Collection/Use,"{""Collection Mode"": {""selectedText"": ""we automatically gather"", ""startIndexInSegment"": 105, ""endIndexInSegment"": 128, ""value"": ""Implicit""}, ""Choice Scope"": {""selectedText"": ""Not selected"", ""startIndexInSegment"": -1, ""endIndexInSegment"": -1, ""value"": ""Unspecified""}, ""Action First-Party"": {""selectedText"": ""When you visit our Websites"", ""startIndexInSegment"": 76, ""endIndexInSegment"": 103, ""value"": ""Collect on website""}, ""Personal Information Type"": {""selectedText"": ""date and time you access our sites; The pages, files, documents and links that you visit; and"", ""startIndexInSegment"": 700, ""endIndexInSegment"": 815, ""value"": ""User online activities""}, ""Choice Type"": {""selectedText"": ""Not selected"", ""startIndexInSegment"": -1, ""endIndexInSegment"": -1, ""value"": ""Unspecified""}, ""Identifiability"": {""selectedText"": ""aggregate"", ""startIndexInSegment"": 301, ""endIndexInSegment"": 310, ""value"": ""Aggregated or anonymized""}, ""Does/Does Not"": {""selectedText"": ""Information Collected and Stored Automatically"", ""startIndexInSegment"": 9, ""endIndexInSegment"": 55, ""value"": ""Does""}, ""User Type"": {""selectedText"": ""Not selected"", ""startIndexInSegment"": -1, ""endIndexInSegment"": -1, ""value"": ""Unspecified""}, ""Purpose"": {""selectedText"": ""make improvements"", ""startIndexInSegment"": 239, ""endIndexInSegment"": 256, ""value"": ""Analytics/Research""}}",6/18/14,http://www.si.edu/privacy
22940,test_category_labeling_highlight_fordham_aaaaa,121,3833,3,First Party Collection/Use,"{""Collection Mode"": {""selectedText"": ""automatically"", ""startIndexInSegment"": 108, ""endIndexInSegment"": 121, ""value"": ""Implicit""}, ""Choice Scope"": {""selectedText"": ""Not selected"", ""startIndexInSegment"": -1, ""endIndexInSegment"": -1, ""value"": ""Unspecified""}, ""Action First-Party"": {""selectedText"": ""When you visit our Websites, we automatically gather"", ""startIndexInSegment"": 76, ""endIndexInSegment"": 128, ""value"": ""Collect on website""}, ""Personal Information Type"": {""selectedText"": ""The IP address from which you access our Websites"", ""startIndexInSegment"": 380, ""endIndexInSegment"": 429, ""value"": ""IP address and device IDs""}, ""Choice Type"": {""selectedText"": ""Not selected"", ""startIndexInSegment"": -1, ""endIndexInSegment"": -1, ""value"": ""Unspecified""}, ""Identifiability"": {""selectedText"": ""aggregate only"", ""startIndexInSegment"": 301, ""endIndexInSegment"": 315, ""value"": ""Aggregated or anonymized""}, ""Does/Does Not"": {""selectedText"": ""null"", ""startIndexInSegment"": -1, ""endIndexInSegment"": -1, ""value"": ""Does""}, ""User Type"": {""selectedText"": ""Not selected"", ""startIndexInSegment"": -1, ""endIndexInSegment"": -1, ""value"": ""Unspecified""}, ""Purpose"": {""selectedText"": ""so that we can track the use of our Websites in order to make improvements"", ""startIndexInSegment"": 182, ""endIndexInSegment"": 256, ""value"": ""Analytics/Research""}}",6/18/14,http://www.si.edu/privacy
22941,test_category_labeling_highlight_fordham_aaaaa,121,3833,3,First Party Collection/Use,"{""Collection Mode"": {""selectedText"": ""automatically"", ""startIndexInSegment"": 108, ""endIndexInSegment"": 121, ""value"": ""Implicit""}, ""Choice Scope"": {""selectedText"": ""Not selected"", ""startIndexInSegment"": -1, ""endIndexInSegment"": -1, ""value"": ""Unspecified""}, ""Action First-Party"": {""selectedText"": ""When you visit our Websites, we automatically gather"", ""startIndexInSegment"": 76, ""endIndexInSegment"": 128, ""value"": ""Collect on website""}, ""Personal Information Type"": {""selectedText"": ""The name of the domain from which you access the Internet (for example, gmail.com, if you are connecting from a Google account)"", ""startIndexInSegment"": 453, ""endIndexInSegment"": 580, ""value"": ""Other""}, ""Choice Type"": {""selectedText"": ""Not selected"", ""startIndexInSegment"": -1, ""endIndexInSegment"": -1, ""value"": ""Unspecified""}, ""Identifiability"": {""selectedText"": ""aggregate only"", ""startIndexInSegment"": 301, ""endIndexInSegment"": 315, ""value"": ""Aggregated or anonymized""}, ""Does/Does Not"": {""selectedText"": ""null"", ""startIndexInSegment"": -1, ""endIndexInSegment"": -1, ""value"": ""Does""}, ""User Type"": {""selectedText"": ""Not selected"", ""startIndexInSegment"": -1, ""endIndexInSegment"": -1, ""value"": ""Unspecified""}, ""Purpose"": {""selectedText"": ""so that we can track the use of our Websites in order to make improvements"", ""startIndexInSegment"": 182, ""endIndexInSegment"": 256, ""value"": ""Analytics/Research""}}",6/18/14,http://www.si.edu/privacy
22942,test_category_labeling_highlight_fordham_aaaaa,121,3833,3,First Party Collection/Use,"{""Collection Mode"": {""selectedText"": ""automatically"", ""startIndexInSegment"": 108, ""endIndexInSegment"": 121, ""value"": ""Implicit""}, ""Choice Scope"": {""selectedText"": ""Not selected"", ""startIndexInSegment"": -1, ""endIndexInSegment"": -1, ""value"": ""Unspecified""}, ""Action First-Party"": {""selectedText"": ""When you visit our Websites, we automatically gather"", ""startIndexInSegment"": 76, ""endIndexInSegment"": 128, ""value"": ""Collect on website""}, ""Personal Information Type"": {""selectedText"": ""The type of browser and operating system used to access our Websites;"", ""startIndexInSegment"": 604, ""endIndexInSegment"": 673, ""value"": ""Computer information""}, ""Choice Type"": {""selectedText"": ""Not selected"", ""startIndexInSegment"": -1, ""endIndexInSegment"": -1, ""value"": ""Unspecified""}, ""Identifiability"": {""selectedText"": ""aggregate only"", ""startIndexInSegment"": 301, ""endIndexInSegment"": 315, ""value"": ""Aggregated or anonymized""}, ""Does/Does Not"": {""selectedText"": ""null"", ""startIndexInSegment"": -1, ""endIndexInSegment"": -1, ""value"": ""Does""}, ""User Type"": {""selectedText"": ""Not selected"", ""startIndexInSegment"": -1, ""endIndexInSegment"": -1, ""value"": ""Unspecified""}, ""Purpose"": {""selectedText"": ""so that we can track the use of our Websites in order to make improvements"", ""startIndexInSegment"": 182, ""endIndexInSegment"": 256, ""value"": ""Analytics/Research""}}",6/18/14,http://www.si.edu/privacy
22943,test_category_labeling_highlight_fordham_aaaaa,121,3833,3,First Party Collection/Use,"{""Collection Mode"": {""selectedText"": ""automatically"", ""startIndexInSegment"": 108, ""endIndexInSegment"": 121, ""value"": ""Implicit""}, ""Choice Scope"": {""selectedText"": ""Not selected"", ""startIndexInSegment"": -1, ""endIndexInSegment"": -1, ""value"": ""Unspecified""}, ""Action First-Party"": {""selectedText"": ""When you visit our Websites, we automatically gather"", ""startIndexInSegment"": 76, ""endIndexInSegment"": 128, ""value"": ""Collect on website""}, ""Personal Information Type"": {""selectedText"": ""The date and time you access our sites; The pages, files, documents and links that you visit; and The domain of the website which referred you to this Website (the last website you visited before visiting this one)."", ""startIndexInSegment"": 696, ""endIndexInSegment"": 955, ""value"": ""User online activities""}, ""Choice Type"": {""selectedText"": ""Not selected"", ""startIndexInSegment"": -1, ""endIndexInSegment"": -1, ""value"": ""Unspecified""}, ""Identifiability"": {""selectedText"": ""aggregate only"", ""startIndexInSegment"": 301, ""endIndexInSegment"": 315, ""value"": ""Aggregated or anonymized""}, ""Does/Does Not"": {""selectedText"": ""null"", ""startIndexInSegment"": -1, ""endIndexInSegment"": -1, ""value"": ""Does""}, ""User Type"": {""selectedText"": ""Not selected"", ""startIndexInSegment"": -1, ""endIndexInSegment"": -1, ""value"": ""Unspecified""}, ""Purpose"": {""selectedText"": ""so that we can track the use of our Websites in order to make improvements"", ""startIndexInSegment"": 182, ""endIndexInSegment"": 256, ""value"": ""Analytics/Research""}}",6/18/14,http://www.si.edu/privacy
22944,test_category_labeling_highlight_fordham_aaaaa,121,3833,3,Data Retention,"{""Personal Information Type"": {""selectedText"": ""The IP address from which you access our Websites"", ""startIndexInSegment"": 380, ""endIndexInSegment"": 429, ""value"": ""IP address and device IDs""}, ""Retention Period"": {""selectedText"": ""store"", ""startIndexInSegment"": 133, ""endIndexInSegment"": 138, ""value"": ""Unspecified""}, ""Retention Purpose"": {""selectedText"": ""Not selected"", ""startIndexInSegment"": -1, ""endIndexInSegment"": -1, ""value"": ""Unspecified""}}",6/18/14,http://www.si.edu/privacy
22945,test_category_labeling_highlight_fordham_aaaaa,121,3833,3,Data Retention,"{""Personal Information Type"": {""selectedText"": ""The name of the domain from which you access the Internet (for example, gmail.com, if you are connecting from a Google account);"", ""startIndexInSegment"": 453, ""endIndexInSegment"": 581, ""value"": ""Other""}, ""Retention Period"": {""selectedText"": ""store"", ""startIndexInSegment"": 133, ""endIndexInSegment"": 138, ""value"": ""Unspecified""}, ""Retention Purpose"": {""selectedText"": ""Not selected"", ""startIndexInSegment"": -1, ""endIndexInSegment"": -1, ""value"": ""Unspecified""}}",6/18/14,http://www.si.edu/privacy
22946,test_category_labeling_highlight_fordham_aaaaa,121,3833,3,Data Retention,"{""Personal Information Type"": {""selectedText"": ""The type of browser and operating system used to access our Websites;"", ""startIndexInSegment"": 604, ""endIndexInSegment"": 673, ""value"": ""Computer information""}, ""Retention Period"": {""selectedText"": ""store"", ""startIndexInSegment"": 133, ""endIndexInSegment"": 138, ""value"": ""Unspecified""}, ""Retention Purpose"": {""selectedText"": ""Not selected"", ""startIndexInSegment"": -1, ""endIndexInSegment"": -1, ""value"": ""Unspecified""}}",6/18/14,http://www.si.edu/privacy
22947,test_category_labeling_highlight_fordham_aaaaa,121,3833,3,Data Retention,"{""Personal Information Type"": {""selectedText"": ""The date and time you access our sites; The pages, files, documents and links that you visit; and The domain of the website which referred you to this Website (the last website you visited before visiting this one)."", ""startIndexInSegment"": 696, ""endIndexInSegment"": 955, ""value"": ""User online activities""}, ""Retention Period"": {""selectedText"": ""store"", ""startIndexInSegment"": 133, ""endIndexInSegment"": 138, ""value"": ""Unspecified""}, ""Retention Purpose"": {""selectedText"": ""Not selected"", ""startIndexInSegment"": -1, ""endIndexInSegment"": -1, ""value"": ""Unspecified""}}",6/18/14,http://www.si.edu/privacy
15283,test_category_labeling_highlight_upitt,103,3833,4,First Party Collection/Use,"{""Collection Mode"": {""selectedText"": ""null"", ""startIndexInSegment"": -1, ""endIndexInSegment"": -1, ""value"": ""not-selected""}, ""Choice Scope"": {""selectedText"": ""null"", ""startIndexInSegment"": -1, ""endIndexInSegment"": -1, ""value"": ""not-selected""}, ""Action First-Party"": {""selectedText"": ""Cookies, which are small pieces of information sent to your browser by a website that you visit,"", ""startIndexInSegment"": 159, ""endIndexInSegment"": 255, ""value"": ""Collect on website""}, ""Personal Information Type"": {""selectedText"": ""Cookies"", ""startIndexInSegment"": 9, ""endIndexInSegment"": 16, ""value"": ""Cookies and tracking elements""}, ""Choice Type"": {""selectedText"": ""null"", ""startIndexInSegment"": -1, ""endIndexInSegment"": -1, ""value"": ""not-selected""}, ""Identifiability"": {""selectedText"": ""null"", ""startIndexInSegment"": -1, ""endIndexInSegment"": -1, ""value"": ""not-selected""}, ""Does/Does Not"": {""selectedText"": ""null"", ""startIndexInSegment"": -1, ""endIndexInSegment"": -1, ""value"": ""Does""}, ""User Type"": {""selectedText"": ""null"", ""startIndexInSegment"": -1, ""endIndexInSegment"": -1, ""value"": ""not-selected""}, ""Purpose"": {""selectedText"": ""are used to track usage patterns, traffic trends and customer behavior, as well as to record other information from the Website."", ""startIndexInSegment"": 256, ""endIndexInSegment"": 384, ""value"": ""Analytics/Research""}}",6/18/14,http://www.si.edu/privacy
15284,test_category_labeling_highlight_upitt,103,3833,4,First Party Collection/Use,"{""Collection Mode"": {""selectedText"": ""null"", ""startIndexInSegment"": -1, ""endIndexInSegment"": -1, ""value"": ""not-selected""}, ""Choice Scope"": {""selectedText"": ""null"", ""startIndexInSegment"": -1, ""endIndexInSegment"": -1, ""value"": ""not-selected""}, ""Action First-Party"": {""selectedText"": ""Cookies, which are small pieces of information sent to your browser by a website that you visit,"", ""startIndexInSegment"": 159, ""endIndexInSegment"": 255, ""value"": ""Collect on website""}, ""Personal Information Type"": {""selectedText"": ""Cookies"", ""startIndexInSegment"": 9, ""endIndexInSegment"": 16, ""value"": ""Cookies and tracking elements""}, ""Choice Type"": {""selectedText"": ""null"", ""startIndexInSegment"": -1, ""endIndexInSegment"": -1, ""value"": ""not-selected""}, ""Identifiability"": {""selectedText"": ""null"", ""startIndexInSegment"": -1, ""endIndexInSegment"": -1, ""value"": ""not-selected""}, ""Does/Does Not"": {""selectedText"": ""null"", ""startIndexInSegment"": -1, ""endIndexInSegment"": -1, ""value"": ""Does""}, ""User Type"": {""selectedText"": ""When you register on the Websites"", ""startIndexInSegment"": 385, ""endIndexInSegment"": 418, ""value"": ""User with account""}, ""Purpose"": {""selectedText"": ""cookies also allow us to save information so that you will not have to re-enter it the next time you visit. Many content adjustments and customer service improvements are made based on the data derived from cookies."", ""startIndexInSegment"": 420, ""endIndexInSegment"": 635, ""value"": ""Personalization/Customization""}}",6/18/14,http://www.si.edu/privacy
15285,test_category_labeling_highlight_upitt,103,3833,4,Third Party Sharing/Collection,"{""Third Party Entity"": {""selectedText"": ""third-party vendors, such as Google Analytics,"", ""startIndexInSegment"": 666, ""endIndexInSegment"": 712, ""value"": ""Named third party""}, ""Choice Scope"": {""selectedText"": ""to refuse cookies from any website that you visit"", ""startIndexInSegment"": 1171, ""endIndexInSegment"": 1220, ""value"": ""Collection""}, ""Purpose"": {""selectedText"": ""analyze the information collected by cookies in order to make the Smithsonian Websites more interesting and useful to you."", ""startIndexInSegment"": 734, ""endIndexInSegment"": 856, ""value"": ""Analytics/Research""}, ""Personal Information Type"": {""selectedText"": ""cookies"", ""startIndexInSegment"": 627, ""endIndexInSegment"": 634, ""value"": ""Cookies and tracking elements""}, ""Choice Type"": {""selectedText"": ""The data is retained for as long as necessary to support the mission of the Smithsonian Websites. You may set your browser to refuse cookies from any website that you visit."", ""startIndexInSegment"": 1048, ""endIndexInSegment"": 1221, ""value"": ""Browser/device privacy controls""}, ""Identifiability"": {""selectedText"": ""No personally identifiable information is collected. Information that we collect from cookies will not be used to create profiles of individual users and only will be used in aggregate form."", ""startIndexInSegment"": 857, ""endIndexInSegment"": 1047, ""value"": ""Aggregated or anonymized""}, ""Does/Does Not"": {""selectedText"": ""null"", ""startIndexInSegment"": -1, ""endIndexInSegment"": -1, ""value"": ""Does""}, ""User Type"": {""selectedText"": ""When you register on the Websites"", ""startIndexInSegment"": 385, ""endIndexInSegment"": 418, ""value"": ""User with account""}, ""Action Third Party"": {""selectedText"": ""Some Smithsonian Websites use third-party vendors, such as Google Analytics, to place cookies and analyze the information collected by cookies"", ""startIndexInSegment"": 635, ""endIndexInSegment"": 778, ""value"": ""Track on first party website/app""}}",6/18/14,http://www.si.edu/privacy
20022,test_category_labeling_highlight_upitt,95,3833,4,First Party Collection/Use,"{""Collection Mode"": {""selectedText"": ""collected automatically"", ""startIndexInSegment"": 64, ""endIndexInSegment"": 87, ""value"": ""Implicit""}, ""Choice Scope"": {""selectedText"": ""save information"", ""startIndexInSegment"": 445, ""endIndexInSegment"": 461, ""value"": ""Collection""}, ""Action First-Party"": {""selectedText"": ""Cookies, which are small pieces of information sent to your browser by a website that you visit,"", ""startIndexInSegment"": 159, ""endIndexInSegment"": 255, ""value"": ""Collect on website""}, ""Personal Information Type"": {""selectedText"": ""save information"", ""startIndexInSegment"": 445, ""endIndexInSegment"": 461, ""value"": ""Unspecified""}, ""Choice Type"": {""selectedText"": ""When you register"", ""startIndexInSegment"": 385, ""endIndexInSegment"": 402, ""value"": ""Dont use service/feature""}, ""Identifiability"": {""selectedText"": ""Not selected"", ""startIndexInSegment"": -1, ""endIndexInSegment"": -1, ""value"": ""Unspecified""}, ""Does/Does Not"": {""selectedText"": ""In addition to information collected automatically, we use"", ""startIndexInSegment"": 37, ""endIndexInSegment"": 95, ""value"": ""Does""}, ""User Type"": {""selectedText"": ""When you register"", ""startIndexInSegment"": 385, ""endIndexInSegment"": 402, ""value"": ""Other""}, ""Purpose"": {""selectedText"": ""When you register on the Websites, cookies also allow us to save information so that you will not have to re-enter it the next time you visit."", ""startIndexInSegment"": 385, ""endIndexInSegment"": 527, ""value"": ""Personalization/Customization""}}",6/18/14,http://www.si.edu/privacy
20023,test_category_labeling_highlight_upitt,95,3833,4,First Party Collection/Use,"{""Collection Mode"": {""selectedText"": ""collected automatically"", ""startIndexInSegment"": 64, ""endIndexInSegment"": 87, ""value"": ""Implicit""}, ""Choice Scope"": {""selectedText"": ""save information"", ""startIndexInSegment"": 445, ""endIndexInSegment"": 461, ""value"": ""Collection""}, ""Action First-Party"": {""selectedText"": ""Cookies, which are small pieces of information sent to your browser by a website that you visit,"", ""startIndexInSegment"": 159, ""endIndexInSegment"": 255, ""value"": ""Collect on website""}, ""Personal Information Type"": {""selectedText"": ""save information"", ""startIndexInSegment"": 445, ""endIndexInSegment"": 461, ""value"": ""Unspecified""}, ""Choice Type"": {""selectedText"": ""When you register"", ""startIndexInSegment"": 385, ""endIndexInSegment"": 402, ""value"": ""Dont use service/feature""}, ""Identifiability"": {""selectedText"": ""Not selected"", ""startIndexInSegment"": -1, ""endIndexInSegment"": -1, ""value"": ""Unspecified""}, ""Does/Does Not"": {""selectedText"": ""In addition to information collected automatically, we use"", ""startIndexInSegment"": 37, ""endIndexInSegment"": 95, ""value"": ""Does""}, ""User Type"": {""selectedText"": ""When you register"", ""startIndexInSegment"": 385, ""endIndexInSegment"": 402, ""value"": ""Other""}, ""Purpose"": {""selectedText"": ""content adjustments and customer service improvements are made based on the data derived from cookies"", ""startIndexInSegment"": 533, ""endIndexInSegment"": 634, ""value"": ""Analytics/Research""}}",6/18/14,http://www.si.edu/privacy
20024,test_category_labeling_highlight_upitt,95,3833,4,Third Party Sharing/Collection,"{""Third Party Entity"": {""selectedText"": ""Google Analytics"", ""startIndexInSegment"": 695, ""endIndexInSegment"": 711, ""value"": ""Named third party""}, ""Choice Scope"": {""selectedText"": ""Not selected"", ""startIndexInSegment"": -1, ""endIndexInSegment"": -1, ""value"": ""Unspecified""}, ""Purpose"": {""selectedText"": ""make the Smithsonian Websites more interesting and useful to you"", ""startIndexInSegment"": 791, ""endIndexInSegment"": 855, ""value"": ""Analytics/Research""}, ""Personal Information Type"": {""selectedText"": ""No personally identifiable information is collected."", ""startIndexInSegment"": 857, ""endIndexInSegment"": 909, ""value"": ""Unspecified""}, ""Choice Type"": {""selectedText"": ""Not selected"", ""startIndexInSegment"": -1, ""endIndexInSegment"": -1, ""value"": ""Unspecified""}, ""Identifiability"": {""selectedText"": ""aggregate form"", ""startIndexInSegment"": 1032, ""endIndexInSegment"": 1046, ""value"": ""Aggregated or anonymized""}, ""Does/Does Not"": {""selectedText"": ""Some Smithsonian Websites use third-party vendors"", ""startIndexInSegment"": 636, ""endIndexInSegment"": 685, ""value"": ""Does""}, ""User Type"": {""selectedText"": ""Not selected"", ""startIndexInSegment"": -1, ""endIndexInSegment"": -1, ""value"": ""Unspecified""}, ""Action Third Party"": {""selectedText"": ""place cookies and analyze the information collected by cookies"", ""startIndexInSegment"": 716, ""endIndexInSegment"": 778, ""value"": ""Collect on first party website/app""}}",6/18/14,http://www.si.edu/privacy
20025,test_category_labeling_highlight_upitt,95,3833,4,Data Retention,"{""Personal Information Type"": {""selectedText"": ""data"", ""startIndexInSegment"": 1052, ""endIndexInSegment"": 1056, ""value"": ""Unspecified""}, ""Retention Period"": {""selectedText"": ""The data is retained for as long as necessary to support the mission of the Smithsonian Websites."", ""startIndexInSegment"": 1048, ""endIndexInSegment"": 1145, ""value"": ""Other""}, ""Retention Purpose"": {""selectedText"": ""support the mission of the Smithsonian Websites"", ""startIndexInSegment"": 1097, ""endIndexInSegment"": 1144, ""value"": ""Perform service""}}",6/18/14,http://www.si.edu/privacy
20026,test_category_labeling_highlight_upitt,95,3833,4,User Choice/Control,"{""Choice Type"": {""selectedText"": ""You may set your browser to refuse cookies from any website that you visit."", ""startIndexInSegment"": 1146, ""endIndexInSegment"": 1221, ""value"": ""Browser/device privacy controls""}, ""Choice Scope"": {""selectedText"": ""refuse cookies"", ""startIndexInSegment"": 1174, ""endIndexInSegment"": 1188, ""value"": ""Third party use""}, ""User Type"": {""selectedText"": ""Not selected"", ""startIndexInSegment"": -1, ""endIndexInSegment"": -1, ""value"": ""Unspecified""}, ""Purpose"": {""selectedText"": ""you may not be able to conduct certain types of transactions (such as shopping) or take advantage of some of the interactive elements offered."", ""startIndexInSegment"": 1309, ""endIndexInSegment"": 1451, ""value"": ""Basic service/feature""}, ""Personal Information Type"": {""selectedText"": ""Not selected"", ""startIndexInSegment"": -1, ""endIndexInSegment"": -1, ""value"": ""Unspecified""}}",6/18/14,http://www.si.edu/privacy
22948,test_category_labeling_highlight_fordham_aaaaa,121,3833,4,First Party Collection/Use,"{""Collection Mode"": {""selectedText"": ""null"", ""startIndexInSegment"": -1, ""endIndexInSegment"": -1, ""value"": ""not-selected""}, ""Choice Scope"": {""selectedText"": ""null"", ""startIndexInSegment"": -1, ""endIndexInSegment"": -1, ""value"": ""not-selected""}, ""Action First-Party"": {""selectedText"": ""we use"", ""startIndexInSegment"": 89, ""endIndexInSegment"": 95, ""value"": ""Unspecified""}, ""Personal Information Type"": {""selectedText"": ""cookies"", ""startIndexInSegment"": 96, ""endIndexInSegment"": 103, ""value"": ""Cookies and tracking elements""}, ""Choice Type"": {""selectedText"": ""You may set your browser to refuse cookies from any website that you visit"", ""startIndexInSegment"": 1146, ""endIndexInSegment"": 1220, ""value"": ""Browser/device privacy controls""}, ""Identifiability"": {""selectedText"": ""No personally identifiable information is collected"", ""startIndexInSegment"": 857, ""endIndexInSegment"": 908, ""value"": ""Aggregated or anonymized""}, ""Does/Does Not"": {""selectedText"": ""null"", ""startIndexInSegment"": -1, ""endIndexInSegment"": -1, ""value"": ""Does""}, ""User Type"": {""selectedText"": ""null"", ""startIndexInSegment"": -1, ""endIndexInSegment"": -1, ""value"": ""not-selected""}, ""Purpose"": {""selectedText"": ""used to track usage patterns, traffic trends and customer behavior, as well as to record other information from the Website"", ""startIndexInSegment"": 260, ""endIndexInSegment"": 383, ""value"": ""Analytics/Research""}}",6/18/14,http://www.si.edu/privacy
22949,test_category_labeling_highlight_fordham_aaaaa,121,3833,4,First Party Collection/Use,"{""Collection Mode"": {""selectedText"": ""null"", ""startIndexInSegment"": -1, ""endIndexInSegment"": -1, ""value"": ""not-selected""}, ""Choice Scope"": {""selectedText"": ""null"", ""startIndexInSegment"": -1, ""endIndexInSegment"": -1, ""value"": ""not-selected""}, ""Action First-Party"": {""selectedText"": ""we use"", ""startIndexInSegment"": 89, ""endIndexInSegment"": 95, ""value"": ""Unspecified""}, ""Personal Information Type"": {""selectedText"": ""cookies"", ""startIndexInSegment"": 96, ""endIndexInSegment"": 103, ""value"": ""Cookies and tracking elements""}, ""Choice Type"": {""selectedText"": ""You may set your browser to refuse cookies from any website that you visit"", ""startIndexInSegment"": 1146, ""endIndexInSegment"": 1220, ""value"": ""Browser/device privacy controls""}, ""Identifiability"": {""selectedText"": ""No personally identifiable information is collected"", ""startIndexInSegment"": 857, ""endIndexInSegment"": 908, ""value"": ""Aggregated or anonymized""}, ""Does/Does Not"": {""selectedText"": ""null"", ""startIndexInSegment"": -1, ""endIndexInSegment"": -1, ""value"": ""Does""}, ""User Type"": {""selectedText"": ""null"", ""startIndexInSegment"": -1, ""endIndexInSegment"": -1, ""value"": ""not-selected""}, ""Purpose"": {""selectedText"": ""also allow us to save information so that you will not have to re-enter it the next time you visit"", ""startIndexInSegment"": 428, ""endIndexInSegment"": 526, ""value"": ""Personalization/Customization""}}",6/18/14,http://www.si.edu/privacy
22950,test_category_labeling_highlight_fordham_aaaaa,121,3833,4,Third Party Sharing/Collection,"{""Third Party Entity"": {""selectedText"": ""use third-party vendors, such as Google Analytics"", ""startIndexInSegment"": 662, ""endIndexInSegment"": 711, ""value"": ""Named third party""}, ""Choice Scope"": {""selectedText"": ""Not selected"", ""startIndexInSegment"": -1, ""endIndexInSegment"": -1, ""value"": ""Unspecified""}, ""Purpose"": {""selectedText"": ""in order to make the Smithsonian Websites more interesting and useful to you"", ""startIndexInSegment"": 779, ""endIndexInSegment"": 855, ""value"": ""Personalization/Customization""}, ""Personal Information Type"": {""selectedText"": ""to place cookies and analyze the information collected by cookies"", ""startIndexInSegment"": 713, ""endIndexInSegment"": 778, ""value"": ""Cookies and tracking elements""}, ""Choice Type"": {""selectedText"": ""You may set your browser to refuse cookies from any website that you visit"", ""startIndexInSegment"": 1146, ""endIndexInSegment"": 1220, ""value"": ""Browser/device privacy controls""}, ""Identifiability"": {""selectedText"": ""No personally identifiable information is collected. Information that we collect from cookies will not be used to create profiles of individual users and only will be used in aggregate form. The data is retained for as long as necessary to support the mission of the Smithsonian Websites"", ""startIndexInSegment"": 857, ""endIndexInSegment"": 1144, ""value"": ""Aggregated or anonymized""}, ""Does/Does Not"": {""selectedText"": ""null"", ""startIndexInSegment"": -1, ""endIndexInSegment"": -1, ""value"": ""Does""}, ""User Type"": {""selectedText"": ""Not selected"", ""startIndexInSegment"": -1, ""endIndexInSegment"": -1, ""value"": ""Unspecified""}, ""Action Third Party"": {""selectedText"": ""to place cookies and analyze the information collected by cookies"", ""startIndexInSegment"": 713, ""endIndexInSegment"": 778, ""value"": ""Track on first party website/app""}}",6/18/14,http://www.si.edu/privacy
C1636,test_category_labeling_highlight_fordham_aaaaa,121,3833,5,First Party Collection/Use,"{""Collection Mode"": {""selectedText"": ""null"", ""startIndexInSegment"": -1, ""endIndexInSegment"": -1, ""value"": ""not-selected""}, ""Choice Scope"": {""selectedText"": ""Not selected"", ""startIndexInSegment"": -1, ""endIndexInSegment"": -1, ""value"": ""Unspecified""}, ""Action First-Party"": {""selectedText"": ""may use"", ""startIndexInSegment"": 40, ""endIndexInSegment"": 47, ""value"": ""Unspecified""}, ""Personal Information Type"": {""selectedText"": ""Demographics and Interest reporting feature for Google Analytics for Display Advertising. The data provided by this service (such as age, gender, and interests)"", ""startIndexInSegment"": 52, ""endIndexInSegment"": 212, ""value"": ""Demographic""}, ""Choice Type"": {""selectedText"": ""You may opt-out of Google Analytics for Display Advertising by visiting Ad Settings."", ""startIndexInSegment"": 320, ""endIndexInSegment"": 404, ""value"": ""First-party privacy controls""}, ""Identifiability"": {""selectedText"": ""Not selected"", ""startIndexInSegment"": -1, ""endIndexInSegment"": -1, ""value"": ""Unspecified""}, ""Does/Does Not"": {""selectedText"": ""null"", ""startIndexInSegment"": -1, ""endIndexInSegment"": -1, ""value"": ""Does""}, ""User Type"": {""selectedText"": ""Not selected"", ""startIndexInSegment"": -1, ""endIndexInSegment"": -1, ""value"": ""Unspecified""}, ""Purpose"": {""selectedText"": ""is used to better understand visitors to these Websites and customize our Websites to our users' interest."", ""startIndexInSegment"": 213, ""endIndexInSegment"": 319, ""value"": ""Personalization/Customization""}}",6/18/14,http://www.si.edu/privacy
15287,test_category_labeling_highlight_upitt,103,3833,5,First Party Collection/Use,"{""Collection Mode"": {""selectedText"": ""null"", ""startIndexInSegment"": -1, ""endIndexInSegment"": -1, ""value"": ""not-selected""}, ""Choice Scope"": {""selectedText"": ""use"", ""startIndexInSegment"": 44, ""endIndexInSegment"": 47, ""value"": ""Use""}, ""Action First-Party"": {""selectedText"": ""Additionally, some Smithsonian Websites may use the Demographics and Interest reporting feature for Google Analytics for Display Advertising. The data provided by this service (such as age, gender, and interests)"", ""startIndexInSegment"": 0, ""endIndexInSegment"": 212, ""value"": ""Receive from other service/third-party (named)""}, ""Personal Information Type"": {""selectedText"": ""Demographics and Interest reporting feature for Google Analytics for Display Advertising. The data provided by this service (such as age, gender, and interests)"", ""startIndexInSegment"": 52, ""endIndexInSegment"": 212, ""value"": ""Demographic""}, ""Choice Type"": {""selectedText"": ""You may opt-out of Google Analytics for Display Advertising by visiting Ad Settings."", ""startIndexInSegment"": 320, ""endIndexInSegment"": 404, ""value"": ""First-party privacy controls""}, ""Identifiability"": {""selectedText"": ""null"", ""startIndexInSegment"": -1, ""endIndexInSegment"": -1, ""value"": ""not-selected""}, ""Does/Does Not"": {""selectedText"": ""null"", ""startIndexInSegment"": -1, ""endIndexInSegment"": -1, ""value"": ""Does""}, ""User Type"": {""selectedText"": ""null"", ""startIndexInSegment"": -1, ""endIndexInSegment"": -1, ""value"": ""not-selected""}, ""Purpose"": {""selectedText"": ""for Display Advertising."", ""startIndexInSegment"": 117, ""endIndexInSegment"": 141, ""value"": ""Advertising""}}",6/18/14,http://www.si.edu/privacy
20027,test_category_labeling_highlight_upitt,95,3833,5,Third Party Sharing/Collection,"{""Third Party Entity"": {""selectedText"": ""Google Analytics"", ""startIndexInSegment"": 100, ""endIndexInSegment"": 116, ""value"": ""Named third party""}, ""Choice Scope"": {""selectedText"": ""Google Analytics"", ""startIndexInSegment"": 100, ""endIndexInSegment"": 116, ""value"": ""Both""}, ""Purpose"": {""selectedText"": ""Display Advertising"", ""startIndexInSegment"": 121, ""endIndexInSegment"": 140, ""value"": ""Advertising""}, ""Personal Information Type"": {""selectedText"": ""age, gender, and interests"", ""startIndexInSegment"": 185, ""endIndexInSegment"": 211, ""value"": ""Demographic""}, ""Choice Type"": {""selectedText"": ""You may opt-out of Google Analytics for Display Advertising by visiting Ad Settings."", ""startIndexInSegment"": 320, ""endIndexInSegment"": 404, ""value"": ""First-party privacy controls""}, ""Identifiability"": {""selectedText"": ""Not selected"", ""startIndexInSegment"": -1, ""endIndexInSegment"": -1, ""value"": ""Unspecified""}, ""Does/Does Not"": {""selectedText"": ""may use"", ""startIndexInSegment"": 40, ""endIndexInSegment"": 47, ""value"": ""Does""}, ""User Type"": {""selectedText"": ""Not selected"", ""startIndexInSegment"": -1, ""endIndexInSegment"": -1, ""value"": ""Unspecified""}, ""Action Third Party"": {""selectedText"": ""reporting feature"", ""startIndexInSegment"": 78, ""endIndexInSegment"": 95, ""value"": ""Receive/Shared with""}}",6/18/14,http://www.si.edu/privacy
C1637,test_category_labeling_highlight_upitt,103,3833,6,First Party Collection/Use,"{""Collection Mode"": {""selectedText"": ""which you knowingly and voluntarily provide by,"", ""startIndexInSegment"": 131, ""endIndexInSegment"": 178, ""value"": ""Explicit""}, ""Choice Scope"": {""selectedText"": ""Except as described below, we will not share your name or information outside the Smithsonian"", ""startIndexInSegment"": 621, ""endIndexInSegment"": 714, ""value"": ""Use""}, ""Action First-Party"": {""selectedText"": ""The Smithsonian's Websites will only collect personal information which you knowingly and voluntarily provide by, for example, sending emails, completing membership forms, registering for classes, events, or other programs, responding to surveys or ordering merchandise."", ""startIndexInSegment"": 65, ""endIndexInSegment"": 335, ""value"": ""Other""}, ""Personal Information Type"": {""selectedText"": ""personal information"", ""startIndexInSegment"": 110, ""endIndexInSegment"": 130, ""value"": ""Generic personal information""}, ""Choice Type"": {""selectedText"": ""unless you affirmatively authorize us to do so by opting-in."", ""startIndexInSegment"": 715, ""endIndexInSegment"": 775, ""value"": ""Opt-in""}, ""Identifiability"": {""selectedText"": ""null"", ""startIndexInSegment"": -1, ""endIndexInSegment"": -1, ""value"": ""not-selected""}, ""Does/Does Not"": {""selectedText"": ""null"", ""startIndexInSegment"": -1, ""endIndexInSegment"": -1, ""value"": ""Does""}, ""User Type"": {""selectedText"": ""null"", ""startIndexInSegment"": -1, ""endIndexInSegment"": -1, ""value"": ""not-selected""}, ""Purpose"": {""selectedText"": ""We may also contact you to provide information about Smithsonian activities, programs, membership and development opportunities, products and special events that may interest you."", ""startIndexInSegment"": 441, ""endIndexInSegment"": 620, ""value"": ""Marketing""}}",6/18/14,http://www.si.edu/privacy
C1638,test_category_labeling_highlight_upitt,95,3833,6,Third Party Sharing/Collection,"{""Third Party Entity"": {""selectedText"": ""outside the Smithsonian"", ""startIndexInSegment"": 691, ""endIndexInSegment"": 714, ""value"": ""Unnamed third party""}, ""Choice Scope"": {""selectedText"": ""Not selected"", ""startIndexInSegment"": -1, ""endIndexInSegment"": -1, ""value"": ""Unspecified""}, ""Purpose"": {""selectedText"": ""Not selected"", ""startIndexInSegment"": -1, ""endIndexInSegment"": -1, ""value"": ""Unspecified""}, ""Personal Information Type"": {""selectedText"": ""your name or information"", ""startIndexInSegment"": 666, ""endIndexInSegment"": 690, ""value"": ""Contact""}, ""Choice Type"": {""selectedText"": ""affirmatively authorize us to do so by opting-in"", ""startIndexInSegment"": 726, ""endIndexInSegment"": 774, ""value"": ""Opt-in""}, ""Identifiability"": {""selectedText"": ""Not selected"", ""startIndexInSegment"": -1, ""endIndexInSegment"": -1, ""value"": ""Unspecified""}, ""Does/Does Not"": {""selectedText"": ""we will not share"", ""startIndexInSegment"": 648, ""endIndexInSegment"": 665, ""value"": ""Does Not""}, ""User Type"": {""selectedText"": ""Not selected"", ""startIndexInSegment"": -1, ""endIndexInSegment"": -1, ""value"": ""Unspecified""}, ""Action Third Party"": {""selectedText"": ""share"", ""startIndexInSegment"": 660, ""endIndexInSegment"": 665, ""value"": ""Receive/Shared with""}}",6/18/14,http://www.si.edu/privacy
15291,test_category_labeling_highlight_upitt,103,3833,6,First Party Collection/Use,"{""Collection Mode"": {""selectedText"": ""which you knowingly and voluntarily provide by,"", ""startIndexInSegment"": 131, ""endIndexInSegment"": 178, ""value"": ""Explicit""}, ""Choice Scope"": {""selectedText"": ""Except as described below, we will not share your name or information outside the Smithsonian unless you affirmatively authorize us to do so by opting-in."", ""startIndexInSegment"": 621, ""endIndexInSegment"": 775, ""value"": ""Use""}, ""Action First-Party"": {""selectedText"": ""The Smithsonian's Websites will only collect personal information which you knowingly and voluntarily provide by, for example, sending emails, completing membership forms, registering for classes, events, or other programs, responding to surveys or ordering merchandise."", ""startIndexInSegment"": 65, ""endIndexInSegment"": 335, ""value"": ""Other""}, ""Personal Information Type"": {""selectedText"": ""personal information"", ""startIndexInSegment"": 110, ""endIndexInSegment"": 130, ""value"": ""Generic personal information""}, ""Choice Type"": {""selectedText"": ""unless you affirmatively authorize us to do so by opting-in."", ""startIndexInSegment"": 715, ""endIndexInSegment"": 775, ""value"": ""Opt-in""}, ""Identifiability"": {""selectedText"": ""null"", ""startIndexInSegment"": -1, ""endIndexInSegment"": -1, ""value"": ""not-selected""}, ""Does/Does Not"": {""selectedText"": ""null"", ""startIndexInSegment"": -1, ""endIndexInSegment"": -1, ""value"": ""Does""}, ""User Type"": {""selectedText"": ""null"", ""startIndexInSegment"": -1, ""endIndexInSegment"": -1, ""value"": ""not-selected""}, ""Purpose"": {""selectedText"": ""If you provide us with personal information, we will normally respond to your inquiry, request or order."", ""startIndexInSegment"": 336, ""endIndexInSegment"": 440, ""value"": ""Basic service/feature""}}",6/18/14,http://www.si.edu/privacy
20028,test_category_labeling_highlight_upitt,95,3833,6,First Party Collection/Use,"{""Collection Mode"": {""selectedText"": ""will only collect personal information which you knowingly and voluntarily provide"", ""startIndexInSegment"": 92, ""endIndexInSegment"": 174, ""value"": ""Explicit""}, ""Choice Scope"": {""selectedText"": ""collect"", ""startIndexInSegment"": 102, ""endIndexInSegment"": 109, ""value"": ""Collection""}, ""Action First-Party"": {""selectedText"": ""The Smithsonian's Websites will only collect"", ""startIndexInSegment"": 65, ""endIndexInSegment"": 109, ""value"": ""Collect on website""}, ""Personal Information Type"": {""selectedText"": ""personal information,"", ""startIndexInSegment"": 359, ""endIndexInSegment"": 380, ""value"": ""Unspecified""}, ""Choice Type"": {""selectedText"": ""will only collect personal information which you knowingly and voluntarily provide"", ""startIndexInSegment"": 92, ""endIndexInSegment"": 174, ""value"": ""Dont use service/feature""}, ""Identifiability"": {""selectedText"": ""personal information"", ""startIndexInSegment"": 110, ""endIndexInSegment"": 130, ""value"": ""Unspecified""}, ""Does/Does Not"": {""selectedText"": ""The Smithsonian's Websites will only collect personal information which you knowingly and voluntarily provide by"", ""startIndexInSegment"": 65, ""endIndexInSegment"": 177, ""value"": ""Does""}, ""User Type"": {""selectedText"": ""Not selected"", ""startIndexInSegment"": -1, ""endIndexInSegment"": -1, ""value"": ""Unspecified""}, ""Purpose"": {""selectedText"": ""respond to your inquiry, request or order."", ""startIndexInSegment"": 398, ""endIndexInSegment"": 440, ""value"": ""Basic service/feature""}}",6/18/14,http://www.si.edu/privacy
20029,test_category_labeling_highlight_upitt,95,3833,6,First Party Collection/Use,"{""Collection Mode"": {""selectedText"": ""will only collect personal information which you knowingly and voluntarily provide"", ""startIndexInSegment"": 92, ""endIndexInSegment"": 174, ""value"": ""Explicit""}, ""Choice Scope"": {""selectedText"": ""collect"", ""startIndexInSegment"": 102, ""endIndexInSegment"": 109, ""value"": ""Collection""}, ""Action First-Party"": {""selectedText"": ""The Smithsonian's Websites will only collect"", ""startIndexInSegment"": 65, ""endIndexInSegment"": 109, ""value"": ""Collect on website""}, ""Personal Information Type"": {""selectedText"": ""personal information,"", ""startIndexInSegment"": 359, ""endIndexInSegment"": 380, ""value"": ""Unspecified""}, ""Choice Type"": {""selectedText"": ""will only collect personal information which you knowingly and voluntarily provide"", ""startIndexInSegment"": 92, ""endIndexInSegment"": 174, ""value"": ""Dont use service/feature""}, ""Identifiability"": {""selectedText"": ""personal information"", ""startIndexInSegment"": 110, ""endIndexInSegment"": 130, ""value"": ""Unspecified""}, ""Does/Does Not"": {""selectedText"": ""The Smithsonian's Websites will only collect personal information which you knowingly and voluntarily provide by"", ""startIndexInSegment"": 65, ""endIndexInSegment"": 177, ""value"": ""Does""}, ""User Type"": {""selectedText"": ""Not selected"", ""startIndexInSegment"": -1, ""endIndexInSegment"": -1, ""value"": ""Unspecified""}, ""Purpose"": {""selectedText"": ""We may also contact you to provide information about Smithsonian activities, programs, membership and development opportunities, products and special events that may interest you."", ""startIndexInSegment"": 441, ""endIndexInSegment"": 620, ""value"": ""Marketing""}}",6/18/14,http://www.si.edu/privacy
22952,test_category_labeling_highlight_fordham_aaaaa,121,3833,6,First Party Collection/Use,"{""Collection Mode"": {""selectedText"": ""hich you knowingly and voluntarily provide"", ""startIndexInSegment"": 132, ""endIndexInSegment"": 174, ""value"": ""Explicit""}, ""Choice Scope"": {""selectedText"": ""null"", ""startIndexInSegment"": -1, ""endIndexInSegment"": -1, ""value"": ""not-selected""}, ""Action First-Party"": {""selectedText"": ""The Smithsonian's Websites will only collect"", ""startIndexInSegment"": 65, ""endIndexInSegment"": 109, ""value"": ""Collect on website""}, ""Personal Information Type"": {""selectedText"": ""personal information"", ""startIndexInSegment"": 110, ""endIndexInSegment"": 130, ""value"": ""Generic personal information""}, ""Choice Type"": {""selectedText"": ""null"", ""startIndexInSegment"": -1, ""endIndexInSegment"": -1, ""value"": ""not-selected""}, ""Identifiability"": {""selectedText"": ""null"", ""startIndexInSegment"": -1, ""endIndexInSegment"": -1, ""value"": ""not-selected""}, ""Does/Does Not"": {""selectedText"": ""null"", ""startIndexInSegment"": -1, ""endIndexInSegment"": -1, ""value"": ""Does""}, ""User Type"": {""selectedText"": ""null"", ""startIndexInSegment"": -1, ""endIndexInSegment"": -1, ""value"": ""not-selected""}, ""Purpose"": {""selectedText"": ""we will normally respond to your inquiry, request or order"", ""startIndexInSegment"": 381, ""endIndexInSegment"": 439, ""value"": ""Basic service/feature""}}",6/18/14,http://www.si.edu/privacy
C1639,test_category_labeling_highlight_fordham_aaaaa,121,3833,7,Other,"{""Other Type"": {""selectedText"": ""If you are uncertain about whom to contact, you may contact our webmaster at webmaster@si.edu."", ""startIndexInSegment"": 235, ""endIndexInSegment"": 329, ""value"": ""Privacy contact information""}}",6/18/14,http://www.si.edu/privacy
15294,test_category_labeling_highlight_upitt,103,3833,7,User Choice/Control,"{""Choice Type"": {""selectedText"": ""When we send you such information by email, you will always have an immediate opportunity to decline further communication. Please use the contact specified in the email"", ""startIndexInSegment"": 0, ""endIndexInSegment"": 169, ""value"": ""Opt-out via contacting company""}, ""Choice Scope"": {""selectedText"": ""opportunity to decline further communication."", ""startIndexInSegment"": 78, ""endIndexInSegment"": 123, ""value"": ""First party use""}, ""User Type"": {""selectedText"": ""null"", ""startIndexInSegment"": -1, ""endIndexInSegment"": -1, ""value"": ""not-selected""}, ""Purpose"": {""selectedText"": ""When we send you such information by email,"", ""startIndexInSegment"": 0, ""endIndexInSegment"": 43, ""value"": ""Marketing""}, ""Personal Information Type"": {""selectedText"": ""contact"", ""startIndexInSegment"": 139, ""endIndexInSegment"": 146, ""value"": ""Contact""}}",6/18/14,http://www.si.edu/privacy
20031,test_category_labeling_highlight_upitt,95,3833,7,User Choice/Control,"{""Choice Type"": {""selectedText"": ""Please use the contact specified in the email so that we can remove you from the list that contains your name. If you are uncertain about whom to contact, you may contact our webmaster at webmaster@si.edu."", ""startIndexInSegment"": 124, ""endIndexInSegment"": 329, ""value"": ""Opt-out via contacting company""}, ""Choice Scope"": {""selectedText"": ""decline further communication"", ""startIndexInSegment"": 93, ""endIndexInSegment"": 122, ""value"": ""First party use""}, ""User Type"": {""selectedText"": ""Not selected"", ""startIndexInSegment"": -1, ""endIndexInSegment"": -1, ""value"": ""Unspecified""}, ""Purpose"": {""selectedText"": ""When we send you such information by email, you will always have an immediate opportunity to decline further communication"", ""startIndexInSegment"": 0, ""endIndexInSegment"": 122, ""value"": ""Marketing""}, ""Personal Information Type"": {""selectedText"": ""email,"", ""startIndexInSegment"": 37, ""endIndexInSegment"": 43, ""value"": ""Contact""}}",6/18/14,http://www.si.edu/privacy
22955,test_category_labeling_highlight_fordham_aaaaa,121,3833,7,User Choice/Control,"{""Choice Type"": {""selectedText"": ""Please use the contact specified in the email so that we can remove you from the list that contains your name."", ""startIndexInSegment"": 124, ""endIndexInSegment"": 234, ""value"": ""Opt-out via contacting company""}, ""Choice Scope"": {""selectedText"": ""you will always have an immediate opportunity to decline further communication"", ""startIndexInSegment"": 44, ""endIndexInSegment"": 122, ""value"": ""First party use""}, ""User Type"": {""selectedText"": ""Not selected"", ""startIndexInSegment"": -1, ""endIndexInSegment"": -1, ""value"": ""Unspecified""}, ""Purpose"": {""selectedText"": ""send you such information by email"", ""startIndexInSegment"": 8, ""endIndexInSegment"": 42, ""value"": ""Marketing""}, ""Personal Information Type"": {""selectedText"": ""Not selected"", ""startIndexInSegment"": -1, ""endIndexInSegment"": -1, ""value"": ""Unspecified""}}",6/18/14,http://www.si.edu/privacy
C1640,test_category_labeling_highlight_upitt,103,3833,8,Third Party Sharing/Collection,"{""Third Party Entity"": {""selectedText"": ""with other charitable or cultural non-profit organizations."", ""startIndexInSegment"": 393, ""endIndexInSegment"": 452, ""value"": ""Named third party""}, ""Choice Scope"": {""selectedText"": ""sharing"", ""startIndexInSegment"": 486, ""endIndexInSegment"": 493, ""value"": ""Use""}, ""Purpose"": {""selectedText"": ""Not selected"", ""startIndexInSegment"": -1, ""endIndexInSegment"": -1, ""value"": ""Unspecified""}, ""Personal Information Type"": {""selectedText"": ""select member name and address information"", ""startIndexInSegment"": 350, ""endIndexInSegment"": 392, ""value"": ""Contact""}, ""Choice Type"": {""selectedText"": ""You will be notified of any such sharing and provided an opportunity to opt-out."", ""startIndexInSegment"": 453, ""endIndexInSegment"": 533, ""value"": ""Opt-out via contacting company""}, ""Identifiability"": {""selectedText"": ""null"", ""startIndexInSegment"": -1, ""endIndexInSegment"": -1, ""value"": ""not-selected""}, ""Does/Does Not"": {""selectedText"": ""null"", ""startIndexInSegment"": -1, ""endIndexInSegment"": -1, ""value"": ""Does""}, ""User Type"": {""selectedText"": ""select member"", ""startIndexInSegment"": 350, ""endIndexInSegment"": 363, ""value"": ""User with account""}, ""Action Third Party"": {""selectedText"": ""Some Smithsonian units, on occasion, rent or exchange"", ""startIndexInSegment"": 296, ""endIndexInSegment"": 349, ""value"": ""Receive/Shared with""}}",6/18/14,http://www.si.edu/privacy
15295,test_category_labeling_highlight_upitt,103,3833,8,Third Party Sharing/Collection,"{""Third Party Entity"": {""selectedText"": ""outside vendors to provide certain services, such as companies that process credit card transactions for the Smithsonian."", ""startIndexInSegment"": 21, ""endIndexInSegment"": 142, ""value"": ""Named third party""}, ""Choice Scope"": {""selectedText"": ""null"", ""startIndexInSegment"": -1, ""endIndexInSegment"": -1, ""value"": ""not-selected""}, ""Purpose"": {""selectedText"": ""needed to perform their functions,"", ""startIndexInSegment"": 205, ""endIndexInSegment"": 239, ""value"": ""Basic service/feature""}, ""Personal Information Type"": {""selectedText"": ""process credit card transactions"", ""startIndexInSegment"": 89, ""endIndexInSegment"": 121, ""value"": ""Financial""}, ""Choice Type"": {""selectedText"": ""You will be notified of any such sharing and provided an opportunity to opt-out."", ""startIndexInSegment"": 453, ""endIndexInSegment"": 533, ""value"": ""Other""}, ""Identifiability"": {""selectedText"": ""null"", ""startIndexInSegment"": -1, ""endIndexInSegment"": -1, ""value"": ""not-selected""}, ""Does/Does Not"": {""selectedText"": ""null"", ""startIndexInSegment"": -1, ""endIndexInSegment"": -1, ""value"": ""Does""}, ""User Type"": {""selectedText"": ""null"", ""startIndexInSegment"": -1, ""endIndexInSegment"": -1, ""value"": ""not-selected""}, ""Action Third Party"": {""selectedText"": ""will have access to the information"", ""startIndexInSegment"": 169, ""endIndexInSegment"": 204, ""value"": ""Receive/Shared with""}}",6/18/14,http://www.si.edu/privacy
15296,test_category_labeling_highlight_upitt,103,3833,8,Data Security,"{""Security Measure"": {""selectedText"": ""These third-party vendors will have access to the information needed to perform their functions, but may not use your information for any other purpose."", ""startIndexInSegment"": 143, ""endIndexInSegment"": 295, ""value"": ""Generic""}}",6/18/14,http://www.si.edu/privacy
20032,test_category_labeling_highlight_upitt,95,3833,8,Third Party Sharing/Collection,"{""Third Party Entity"": {""selectedText"": ""outside vendors"", ""startIndexInSegment"": 21, ""endIndexInSegment"": 36, ""value"": ""Unnamed third party""}, ""Choice Scope"": {""selectedText"": ""Not selected"", ""startIndexInSegment"": -1, ""endIndexInSegment"": -1, ""value"": ""Unspecified""}, ""Purpose"": {""selectedText"": ""provide certain services, such as companies that process credit card transactions for the Smithsonian"", ""startIndexInSegment"": 40, ""endIndexInSegment"": 141, ""value"": ""Basic service/feature""}, ""Personal Information Type"": {""selectedText"": ""your information"", ""startIndexInSegment"": 256, ""endIndexInSegment"": 272, ""value"": ""Unspecified""}, ""Choice Type"": {""selectedText"": ""Not selected"", ""startIndexInSegment"": -1, ""endIndexInSegment"": -1, ""value"": ""Unspecified""}, ""Identifiability"": {""selectedText"": ""your information"", ""startIndexInSegment"": 256, ""endIndexInSegment"": 272, ""value"": ""Unspecified""}, ""Does/Does Not"": {""selectedText"": ""The Smithsonian uses"", ""startIndexInSegment"": 0, ""endIndexInSegment"": 20, ""value"": ""Does""}, ""User Type"": {""selectedText"": ""Not selected"", ""startIndexInSegment"": -1, ""endIndexInSegment"": -1, ""value"": ""Unspecified""}, ""Action Third Party"": {""selectedText"": ""will have access to the information needed to perform their functions"", ""startIndexInSegment"": 169, ""endIndexInSegment"": 238, ""value"": ""See""}}",6/18/14,http://www.si.edu/privacy
20033,test_category_labeling_highlight_upitt,95,3833,8,Third Party Sharing/Collection,"{""Third Party Entity"": {""selectedText"": ""charitable or cultural non-profit organizations."", ""startIndexInSegment"": 404, ""endIndexInSegment"": 452, ""value"": ""Unnamed third party""}, ""Choice Scope"": {""selectedText"": ""sharing"", ""startIndexInSegment"": 486, ""endIndexInSegment"": 493, ""value"": ""Use""}, ""Purpose"": {""selectedText"": ""Not selected"", ""startIndexInSegment"": -1, ""endIndexInSegment"": -1, ""value"": ""Unspecified""}, ""Personal Information Type"": {""selectedText"": ""select member name and address information"", ""startIndexInSegment"": 350, ""endIndexInSegment"": 392, ""value"": ""Contact""}, ""Choice Type"": {""selectedText"": ""opportunity to opt-out"", ""startIndexInSegment"": 510, ""endIndexInSegment"": 532, ""value"": ""Opt-out via contacting company""}, ""Identifiability"": {""selectedText"": ""your information"", ""startIndexInSegment"": 256, ""endIndexInSegment"": 272, ""value"": ""Unspecified""}, ""Does/Does Not"": {""selectedText"": ""The Smithsonian uses"", ""startIndexInSegment"": 0, ""endIndexInSegment"": 20, ""value"": ""Does""}, ""User Type"": {""selectedText"": ""Not selected"", ""startIndexInSegment"": -1, ""endIndexInSegment"": -1, ""value"": ""Unspecified""}, ""Action Third Party"": {""selectedText"": ""rent or exchange"", ""startIndexInSegment"": 333, ""endIndexInSegment"": 349, ""value"": ""Other""}}",6/18/14,http://www.si.edu/privacy
22956,test_category_labeling_highlight_fordham_aaaaa,121,3833,8,Third Party Sharing/Collection,"{""Third Party Entity"": {""selectedText"": ""outside vendors to provide certain services, such as companies that process credit card transactions for the Smithsonian"", ""startIndexInSegment"": 21, ""endIndexInSegment"": 141, ""value"": ""Unnamed third party""}, ""Choice Scope"": {""selectedText"": ""Not selected"", ""startIndexInSegment"": -1, ""endIndexInSegment"": -1, ""value"": ""Unspecified""}, ""Purpose"": {""selectedText"": ""to provide certain services"", ""startIndexInSegment"": 37, ""endIndexInSegment"": 64, ""value"": ""Basic service/feature""}, ""Personal Information Type"": {""selectedText"": ""information needed to perform their functions"", ""startIndexInSegment"": 193, ""endIndexInSegment"": 238, ""value"": ""Unspecified""}, ""Choice Type"": {""selectedText"": ""Not selected"", ""startIndexInSegment"": -1, ""endIndexInSegment"": -1, ""value"": ""Unspecified""}, ""Identifiability"": {""selectedText"": ""null"", ""startIndexInSegment"": -1, ""endIndexInSegment"": -1, ""value"": ""not-selected""}, ""Does/Does Not"": {""selectedText"": ""null"", ""startIndexInSegment"": -1, ""endIndexInSegment"": -1, ""value"": ""Does""}, ""User Type"": {""selectedText"": ""Not selected"", ""startIndexInSegment"": -1, ""endIndexInSegment"": -1, ""value"": ""Unspecified""}, ""Action Third Party"": {""selectedText"": ""will have access to"", ""startIndexInSegment"": 169, ""endIndexInSegment"": 188, ""value"": ""Receive/Shared with""}}",6/18/14,http://www.si.edu/privacy
C1641,test_category_labeling_highlight_fordham_aaaaa,121,3833,9,User Choice/Control,"{""Choice Type"": {""selectedText"": ""opt-in"", ""startIndexInSegment"": 78, ""endIndexInSegment"": 84, ""value"": ""Opt-in""}, ""Choice Scope"": {""selectedText"": ""to receive information from non-Smithsonian entities"", ""startIndexInSegment"": 85, ""endIndexInSegment"": 137, ""value"": ""Third party use""}, ""User Type"": {""selectedText"": ""Not selected"", ""startIndexInSegment"": -1, ""endIndexInSegment"": -1, ""value"": ""Unspecified""}, ""Purpose"": {""selectedText"": ""correspondence from these organizations on programs, products or services that might interest you."", ""startIndexInSegment"": 170, ""endIndexInSegment"": 268, ""value"": ""Marketing""}, ""Personal Information Type"": {""selectedText"": ""Not selected"", ""startIndexInSegment"": -1, ""endIndexInSegment"": -1, ""value"": ""Unspecified""}}",6/18/14,http://www.si.edu/privacy
15298,test_category_labeling_highlight_upitt,103,3833,9,User Choice/Control,"{""Choice Type"": {""selectedText"": ""There may be sites within the Smithsonian's network of Websites where you can opt-in"", ""startIndexInSegment"": 0, ""endIndexInSegment"": 84, ""value"": ""Opt-in""}, ""Choice Scope"": {""selectedText"": ""to receive information from non-Smithsonian entities. If you opt-in, you may receive correspondence from these organizations on programs, products or services that might interest you."", ""startIndexInSegment"": 85, ""endIndexInSegment"": 268, ""value"": ""Third party use""}, ""User Type"": {""selectedText"": ""null"", ""startIndexInSegment"": -1, ""endIndexInSegment"": -1, ""value"": ""not-selected""}, ""Purpose"": {""selectedText"": ""you may receive correspondence from these organizations on programs, products or services that might interest you."", ""startIndexInSegment"": 154, ""endIndexInSegment"": 268, ""value"": ""Marketing""}, ""Personal Information Type"": {""selectedText"": ""correspondence"", ""startIndexInSegment"": 170, ""endIndexInSegment"": 184, ""value"": ""Contact""}}",6/18/14,http://www.si.edu/privacy
15299,test_category_labeling_highlight_upitt,103,3833,9,User Choice/Control,"{""Choice Type"": {""selectedText"": ""If you decide to opt-out of receiving any further correspondence from a non-Smithsonian entity, please correspond directly with that business or organization to be removed from its mailing list."", ""startIndexInSegment"": 269, ""endIndexInSegment"": 463, ""value"": ""Third-party privacy controls""}, ""Choice Scope"": {""selectedText"": ""to receive information from non-Smithsonian entities. If you opt-in, you may receive correspondence from these organizations on programs, products or services that might interest you."", ""startIndexInSegment"": 85, ""endIndexInSegment"": 268, ""value"": ""Third party use""}, ""User Type"": {""selectedText"": ""null"", ""startIndexInSegment"": -1, ""endIndexInSegment"": -1, ""value"": ""not-selected""}, ""Purpose"": {""selectedText"": ""you may receive correspondence from these organizations on programs, products or services that might interest you."", ""startIndexInSegment"": 154, ""endIndexInSegment"": 268, ""value"": ""Marketing""}, ""Personal Information Type"": {""selectedText"": ""correspondence"", ""startIndexInSegment"": 170, ""endIndexInSegment"": 184, ""value"": ""Contact""}}",6/18/14,http://www.si.edu/privacy
22959,test_category_labeling_highlight_fordham_aaaaa,121,3833,9,Other,"{""Other Type"": {""selectedText"": ""If you decide to opt-out of receiving any further correspondence from a non-Smithsonian entity, please correspond directly with that business or organization to be removed from its mailing list."", ""startIndexInSegment"": 269, ""endIndexInSegment"": 468, ""value"": ""Other""}}",6/18/14,http://www.si.edu/privacy
C1642,test_category_labeling_highlight_upitt,103,3833,10,Third Party Sharing/Collection,"{""Third Party Entity"": {""selectedText"": ""to: (1) a Federal, State, or local law enforcement agency"", ""startIndexInSegment"": 67, ""endIndexInSegment"": 124, ""value"": ""Named third party""}, ""Choice Scope"": {""selectedText"": ""null"", ""startIndexInSegment"": -1, ""endIndexInSegment"": -1, ""value"": ""not-selected""}, ""Purpose"": {""selectedText"": ""if the Smithsonian becomes aware of a violation or potential violation of law or regulation;"", ""startIndexInSegment"": 125, ""endIndexInSegment"": 217, ""value"": ""Legal requirement""}, ""Personal Information Type"": {""selectedText"": ""your information"", ""startIndexInSegment"": 50, ""endIndexInSegment"": 66, ""value"": ""Unspecified""}, ""Choice Type"": {""selectedText"": ""null"", ""startIndexInSegment"": -1, ""endIndexInSegment"": -1, ""value"": ""not-selected""}, ""Identifiability"": {""selectedText"": ""null"", ""startIndexInSegment"": -1, ""endIndexInSegment"": -1, ""value"": ""not-selected""}, ""Does/Does Not"": {""selectedText"": ""null"", ""startIndexInSegment"": -1, ""endIndexInSegment"": -1, ""value"": ""Does""}, ""User Type"": {""selectedText"": ""null"", ""startIndexInSegment"": -1, ""endIndexInSegment"": -1, ""value"": ""not-selected""}, ""Action Third Party"": {""selectedText"": ""also may provide"", ""startIndexInSegment"": 33, ""endIndexInSegment"": 49, ""value"": ""Receive/Shared with""}}",6/18/14,http://www.si.edu/privacy
15303,test_category_labeling_highlight_upitt,103,3833,10,Third Party Sharing/Collection,"{""Third Party Entity"": {""selectedText"": ""to: (1) a Federal, State, or local law enforcement agency if the Smithsonian becomes aware of a violation or potential violation of law or regulation; (2) a court or party in a court or Federal administrative proceeding if the Smithsonian is a party or in order to comply with a subpoena; (3) a member of the public in response to his or her request for Smithsonian records under Smithsonian Directive 807, available at www.si.edu/ogc; (4) the Department of Justice or in certain legal proceedings when the Smithsonian, an employee of the Smithsonian, or the United States is a party to litigation or has an interest in the litigation and the use of such records is deemed relevant and necessary to the litigation; (5) Smithsonian officials, including the Inspector General, as needed to perform official duties; (6) a Committee of Congress in response to a formal request; (7) protect the security or integrity of the Smithsonian Websites and services; and (8) any other person or entity as required by law."", ""startIndexInSegment"": 67, ""endIndexInSegment"": 1075, ""value"": ""Named third party""}, ""Choice Scope"": {""selectedText"": ""null"", ""startIndexInSegment"": -1, ""endIndexInSegment"": -1, ""value"": ""not-selected""}, ""Purpose"": {""selectedText"": ""if the Smithsonian becomes aware of a violation or potential violation of law or regulation; (2) a court or party in a court or Federal administrative proceeding if the Smithsonian is a party or in order to comply with a subpoena; (3) a member of the public in response to his or her request for Smithsonian records under Smithsonian Directive 807, available at www.si.edu/ogc; (4) the Department of Justice or in certain legal proceedings when the Smithsonian, an employee of the Smithsonian, or the United States is a party to litigation or has an interest in the litigation and the use of such records is deemed relevant and necessary to the litigation; (5) Smithsonian officials, including the Inspector General, as needed to perform official duties; (6) a Committee of Congress in response to a formal request; (7) protect the security or integrity of the Smithsonian Websites and services; and (8) any other person or entity as required by law."", ""startIndexInSegment"": 125, ""endIndexInSegment"": 1075, ""value"": ""Legal requirement""}, ""Personal Information Type"": {""selectedText"": ""your information"", ""startIndexInSegment"": 50, ""endIndexInSegment"": 66, ""value"": ""Unspecified""}, ""Choice Type"": {""selectedText"": ""Not selected"", ""startIndexInSegment"": -1, ""endIndexInSegment"": -1, ""value"": ""Unspecified""}, ""Identifiability"": {""selectedText"": ""null"", ""startIndexInSegment"": -1, ""endIndexInSegment"": -1, ""value"": ""not-selected""}, ""Does/Does Not"": {""selectedText"": ""null"", ""startIndexInSegment"": -1, ""endIndexInSegment"": -1, ""value"": ""Does""}, ""User Type"": {""selectedText"": ""null"", ""startIndexInSegment"": -1, ""endIndexInSegment"": -1, ""value"": ""not-selected""}, ""Action Third Party"": {""selectedText"": ""also may provide"", ""startIndexInSegment"": 33, ""endIndexInSegment"": 49, ""value"": ""Receive/Shared with""}}",6/18/14,http://www.si.edu/privacy
20035,test_category_labeling_highlight_upitt,95,3833,10,Third Party Sharing/Collection,"{""Third Party Entity"": {""selectedText"": ""(1) a Federal, State, or local law enforcement agency if the Smithsonian becomes aware of a violation or potential violation of law or regulation; (2) a court or party in a court or Federal administrative proceeding if the Smithsonian is a party or in order to comply with a subpoena; (3) a member of the public in response to his or her request for Smithsonian records under Smithsonian Directive 807, available at www.si.edu/ogc; (4) the Department of Justice or in certain legal proceedings when the Smithsonian, an employee of the Smithsonian, or the United States is a party to litigation or has an interest in the litigation and the use of such records is deemed relevant and necessary to the litigation; (5) Smithsonian officials, including the Inspector General, as needed to perform official duties; (6) a Committee of Congress in response to a formal request;"", ""startIndexInSegment"": 71, ""endIndexInSegment"": 940, ""value"": ""Other""}, ""Choice Scope"": {""selectedText"": ""Not selected"", ""startIndexInSegment"": -1, ""endIndexInSegment"": -1, ""value"": ""Unspecified""}, ""Purpose"": {""selectedText"": ""violation or potential violation of law or regulation"", ""startIndexInSegment"": 163, ""endIndexInSegment"": 216, ""value"": ""Legal requirement""}, ""Personal Information Type"": {""selectedText"": ""your information"", ""startIndexInSegment"": 50, ""endIndexInSegment"": 66, ""value"": ""Unspecified""}, ""Choice Type"": {""selectedText"": ""Not selected"", ""startIndexInSegment"": -1, ""endIndexInSegment"": -1, ""value"": ""Unspecified""}, ""Identifiability"": {""selectedText"": ""your information"", ""startIndexInSegment"": 50, ""endIndexInSegment"": 66, ""value"": ""Unspecified""}, ""Does/Does Not"": {""selectedText"": ""Smithsonian also may provide"", ""startIndexInSegment"": 21, ""endIndexInSegment"": 49, ""value"": ""Does""}, ""User Type"": {""selectedText"": ""Not selected"", ""startIndexInSegment"": -1, ""endIndexInSegment"": -1, ""value"": ""Unspecified""}, ""Action Third Party"": {""selectedText"": ""provide your information"", ""startIndexInSegment"": 42, ""endIndexInSegment"": 66, ""value"": ""Receive/Shared with""}}",6/18/14,http://www.si.edu/privacy
20036,test_category_labeling_highlight_upitt,95,3833,10,Third Party Sharing/Collection,"{""Third Party Entity"": {""selectedText"": ""(1) a Federal, State, or local law enforcement agency if the Smithsonian becomes aware of a violation or potential violation of law or regulation; (2) a court or party in a court or Federal administrative proceeding if the Smithsonian is a party or in order to comply with a subpoena; (3) a member of the public in response to his or her request for Smithsonian records under Smithsonian Directive 807, available at www.si.edu/ogc; (4) the Department of Justice or in certain legal proceedings when the Smithsonian, an employee of the Smithsonian, or the United States is a party to litigation or has an interest in the litigation and the use of such records is deemed relevant and necessary to the litigation; (5) Smithsonian officials, including the Inspector General, as needed to perform official duties; (6) a Committee of Congress in response to a formal request;"", ""startIndexInSegment"": 71, ""endIndexInSegment"": 940, ""value"": ""Other""}, ""Choice Scope"": {""selectedText"": ""Not selected"", ""startIndexInSegment"": -1, ""endIndexInSegment"": -1, ""value"": ""Unspecified""}, ""Purpose"": {""selectedText"": ""protect the security or integrity of the Smithsonian Websites and services"", ""startIndexInSegment"": 945, ""endIndexInSegment"": 1019, ""value"": ""Service operation and security""}, ""Personal Information Type"": {""selectedText"": ""your information"", ""startIndexInSegment"": 50, ""endIndexInSegment"": 66, ""value"": ""Unspecified""}, ""Choice Type"": {""selectedText"": ""Not selected"", ""startIndexInSegment"": -1, ""endIndexInSegment"": -1, ""value"": ""Unspecified""}, ""Identifiability"": {""selectedText"": ""your information"", ""startIndexInSegment"": 50, ""endIndexInSegment"": 66, ""value"": ""Unspecified""}, ""Does/Does Not"": {""selectedText"": ""Smithsonian also may provide"", ""startIndexInSegment"": 21, ""endIndexInSegment"": 49, ""value"": ""Does""}, ""User Type"": {""selectedText"": ""Not selected"", ""startIndexInSegment"": -1, ""endIndexInSegment"": -1, ""value"": ""Unspecified""}, ""Action Third Party"": {""selectedText"": ""provide your information"", ""startIndexInSegment"": 42, ""endIndexInSegment"": 66, ""value"": ""Receive/Shared with""}}",6/18/14,http://www.si.edu/privacy
22961,test_category_labeling_highlight_fordham_aaaaa,121,3833,10,Third Party Sharing/Collection,"{""Third Party Entity"": {""selectedText"": ""(1) a Federal, State, or local law enforcement agency"", ""startIndexInSegment"": 71, ""endIndexInSegment"": 124, ""value"": ""Named third party""}, ""Choice Scope"": {""selectedText"": ""Not selected"", ""startIndexInSegment"": -1, ""endIndexInSegment"": -1, ""value"": ""Unspecified""}, ""Purpose"": {""selectedText"": ""protect the security or integrity of the Smithsonian Websites and services"", ""startIndexInSegment"": 945, ""endIndexInSegment"": 1019, ""value"": ""Service operation and security""}, ""Personal Information Type"": {""selectedText"": ""your information"", ""startIndexInSegment"": 50, ""endIndexInSegment"": 66, ""value"": ""Unspecified""}, ""Choice Type"": {""selectedText"": ""Not selected"", ""startIndexInSegment"": -1, ""endIndexInSegment"": -1, ""value"": ""Unspecified""}, ""Identifiability"": {""selectedText"": ""null"", ""startIndexInSegment"": -1, ""endIndexInSegment"": -1, ""value"": ""not-selected""}, ""Does/Does Not"": {""selectedText"": ""null"", ""startIndexInSegment"": -1, ""endIndexInSegment"": -1, ""value"": ""Does""}, ""User Type"": {""selectedText"": ""Not selected"", ""startIndexInSegment"": -1, ""endIndexInSegment"": -1, ""value"": ""Unspecified""}, ""Action Third Party"": {""selectedText"": ""may provide"", ""startIndexInSegment"": 38, ""endIndexInSegment"": 49, ""value"": ""Receive/Shared with""}}",6/18/14,http://www.si.edu/privacy
22962,test_category_labeling_highlight_fordham_aaaaa,121,3833,10,Third Party Sharing/Collection,"{""Third Party Entity"": {""selectedText"": ""any other person or entity"", ""startIndexInSegment"": 1029, ""endIndexInSegment"": 1055, ""value"": ""Unnamed third party""}, ""Choice Scope"": {""selectedText"": ""Not selected"", ""startIndexInSegment"": -1, ""endIndexInSegment"": -1, ""value"": ""Unspecified""}, ""Purpose"": {""selectedText"": ""as required by law."", ""startIndexInSegment"": 1056, ""endIndexInSegment"": 1080, ""value"": ""Legal requirement""}, ""Personal Information Type"": {""selectedText"": ""your information"", ""startIndexInSegment"": 50, ""endIndexInSegment"": 66, ""value"": ""Unspecified""}, ""Choice Type"": {""selectedText"": ""Not selected"", ""startIndexInSegment"": -1, ""endIndexInSegment"": -1, ""value"": ""Unspecified""}, ""Identifiability"": {""selectedText"": ""null"", ""startIndexInSegment"": -1, ""endIndexInSegment"": -1, ""value"": ""not-selected""}, ""Does/Does Not"": {""selectedText"": ""null"", ""startIndexInSegment"": -1, ""endIndexInSegment"": -1, ""value"": ""Does""}, ""User Type"": {""selectedText"": ""Not selected"", ""startIndexInSegment"": -1, ""endIndexInSegment"": -1, ""value"": ""Unspecified""}, ""Action Third Party"": {""selectedText"": ""may provide"", ""startIndexInSegment"": 38, ""endIndexInSegment"": 49, ""value"": ""Receive/Shared with""}}",6/18/14,http://www.si.edu/privacy
C1643,test_category_labeling_highlight_fordham_aaaaa,121,3833,11,User Choice/Control,"{""Choice Type"": {""selectedText"": ""requires your consent"", ""startIndexInSegment"": 34, ""endIndexInSegment"": 55, ""value"": ""Opt-in""}, ""Choice Scope"": {""selectedText"": ""Any further sharing or disclosure"", ""startIndexInSegment"": 0, ""endIndexInSegment"": 33, ""value"": ""Third party sharing/collection""}, ""User Type"": {""selectedText"": ""Not selected"", ""startIndexInSegment"": -1, ""endIndexInSegment"": -1, ""value"": ""Unspecified""}, ""Purpose"": {""selectedText"": ""Not selected"", ""startIndexInSegment"": -1, ""endIndexInSegment"": -1, ""value"": ""Unspecified""}, ""Personal Information Type"": {""selectedText"": ""Not selected"", ""startIndexInSegment"": -1, ""endIndexInSegment"": -1, ""value"": ""Unspecified""}}",6/18/14,http://www.si.edu/privacy
C1644,test_category_labeling_highlight_fordham_aaaaa,121,3833,12,Data Security,"{""Security Measure"": {""selectedText"": ""The Smithsonian requires credit card processing be secured based on compliance with Payment Card Industry (PCI) standards. When you use your credit card for any purchase on a Smithsonian Website, that transaction is always encrypted when traveling over the Internet."", ""startIndexInSegment"": 242, ""endIndexInSegment"": 508, ""value"": ""Secure data transfer""}}",6/18/14,http://www.si.edu/privacy
C1645,test_category_labeling_highlight_fordham_aaaaa,121,3833,12,Data Security,"{""Security Measure"": {""selectedText"": ""The Smithsonian takes reasonable steps to design and manage our Websites' technology to ensure that its information technology systems, applications, and information technology infrastructure are secure"", ""startIndexInSegment"": 38, ""endIndexInSegment"": 240, ""value"": ""Generic""}}",6/18/14,http://www.si.edu/privacy
C1646,test_category_labeling_highlight_fordham_aaaaa,121,3833,13,Data Security,"{""Security Measure"": {""selectedText"": ""In addition to limiting access to personal information to those who have a business \""need to know\"""", ""startIndexInSegment"": 413, ""endIndexInSegment"": 511, ""value"": ""Data access limitation""}}",6/18/14,http://www.si.edu/privacy
C1647,test_category_labeling_highlight_upitt,103,3833,13,Data Security,"{""Security Measure"": {""selectedText"": ""the Smithsonian requires its service providers who help maintain or operate its Websites to contractually agree to protect the confidentiality, integrity, availability and security of the personal information"", ""startIndexInSegment"": 513, ""endIndexInSegment"": 721, ""value"": ""Privacy/Security program""}}",6/18/14,http://www.si.edu/privacy
15306,test_category_labeling_highlight_upitt,103,3833,13,Data Security,"{""Security Measure"": {""selectedText"": ""As appropriate and feasible, the Smithsonian monitors network traffic to identify unauthorized attempts to access, upload, or change information or otherwise cause damage. Unauthorized access and/or unauthorized attempts to change information on Smithsonian Websites are strictly prohibited and punishable under the Computer Fraud and Abuse Act of 1986 and the National Information Infrastructure Protection Act."", ""startIndexInSegment"": 0, ""endIndexInSegment"": 412, ""value"": ""Secure user authentication""}}",6/18/14,http://www.si.edu/privacy
15309,test_category_labeling_highlight_upitt,103,3833,13,Data Security,"{""Security Measure"": {""selectedText"": ""the Smithsonian monitors network traffic to identify unauthorized attempts to access, upload, or change information or otherwise cause damage. Unauthorized access and/or unauthorized attempts to change information on Smithsonian Websites are strictly prohibited and punishable under the Computer Fraud and Abuse Act of 1986 and the National Information Infrastructure Protection Act."", ""startIndexInSegment"": 29, ""endIndexInSegment"": 412, ""value"": ""Privacy review/audit""}}",6/18/14,http://www.si.edu/privacy
22965,test_category_labeling_highlight_fordham_aaaaa,121,3833,13,Data Security,"{""Security Measure"": {""selectedText"": ""As appropriate and feasible, the Smithsonian monitors network traffic to identify unauthorized attempts to access, upload, or change information or otherwise cause damage"", ""startIndexInSegment"": 0, ""endIndexInSegment"": 170, ""value"": ""Other""}}",6/18/14,http://www.si.edu/privacy
C1648,test_category_labeling_highlight_fordham_aaaaa,121,3833,14,Other,"{""Other Type"": {""selectedText"": ""Within the Smithsonian's Websites there are embedded applications, plug-ins, widgets or links to non-Smithsonian Websites (collectively \""sites\""). These sites operate independently of the Smithsonian and have their own privacy policies. When you visit these sites, you leave our Website and no longer will be subject to our privacy and security policies. The Smithsonian is not responsible for the privacy or security practices or the content of other sites, and such sites are not intended to be an endorsement of those sites or their content."", ""startIndexInSegment"": 62, ""endIndexInSegment"": 615, ""value"": ""Practice not covered""}}",6/18/14,http://www.si.edu/privacy
C1649,test_category_labeling_highlight_fordham_aaaaa,121,3833,15,International and Specific Audiences,"{""Audience Type"": {""selectedText"": ""The Smithsonian's Websites are intended to be accessible and enjoyed by general audiences. We do not knowingly collect personal information from children under the age of 13, without first providing the parent or legal guardian with notice and obtaining prior verifiable consent. Where a Smithsonian Website is specifically directed toward children under the age of 13, the terms of the Smithsonian's Kids Online Privacy (\""SKOP\"") Statement will apply and the Website will include a link to the SKOP."", ""startIndexInSegment"": 38, ""endIndexInSegment"": 537, ""value"": ""Children""}}",6/18/14,http://www.si.edu/privacy
C1650,test_category_labeling_highlight_fordham_aaaaa,121,3833,16,Other,"{""Other Type"": {""selectedText"": ""Consult our special Web page to help you determine where to send your inquiry at http://www.si.edu/contacts. If you have questions about this Privacy Statement, please contact us via email at Privacy@si.edu."", ""startIndexInSegment"": 260, ""endIndexInSegment"": 472, ""value"": ""Privacy contact information""}}",6/18/14,http://www.si.edu/privacy
15312,test_category_labeling_highlight_upitt,103,3833,16,Other,"{""Other Type"": {""selectedText"": ""The Smithsonian is a large organization with many people sharing responsibility for the content of our Websites. Please help us respond to your comments and inquiries by sending them to the appropriate Smithsonian office. Consult our special Web page to help you determine where to send your inquiry at http://www.si.edu/contacts. If you have questions about this Privacy Statement, please contact us via email at Privacy@si.edu."", ""startIndexInSegment"": 38, ""endIndexInSegment"": 467, ""value"": ""Privacy contact information""}}",6/18/14,http://www.si.edu/privacy
C1651,test_category_labeling_highlight_fordham_aaaaa,121,3833,17,Other,"{""Other Type"": {""selectedText"": ""Last revised: June 18, 2014"", ""startIndexInSegment"": 0, ""endIndexInSegment"": 27, ""value"": ""Other""}}",6/18/14,http://www.si.edu/privacy
