C677,test_category_labeling_highlight,88,3732,0,Other,"{""Other Type"": {""endIndexInSegment"": 14, ""startIndexInSegment"": 0, ""selectedText"": ""Privacy Policy"", ""value"": ""Introductory/Generic""}}",Not specified,http://www.gwdocs.com/privacy
C678,test_category_labeling_highlight,82,3732,1,Other,"{""Other Type"": {""endIndexInSegment"": 467, ""startIndexInSegment"": 0, ""selectedText"": ""The GW Medical Faculty Associates (MFA) is committed to respecting your privacy. In general, you can visit The MFA on the Web without identifying yourself or revealing any personal information. In some areas, however, you may choose services that require you to provide us with information by which you can be identified. Once any personally identifiable information is received, you can be assured that it will only be used to support your relationship with the MFA."", ""value"": ""Introductory/Generic""}}",Not specified,http://www.gwdocs.com/privacy
6656,test_category_labeling_highlight,88,3732,1,First Party Collection/Use,"{""Collection Mode"": {""endIndexInSegment"": 321, ""startIndexInSegment"": 194, ""selectedText"": ""In some areas, however, you may choose services that require you to provide us with information by which you can be identified."", ""value"": ""Explicit""}, ""Choice Scope"": {""endIndexInSegment"": -1, ""startIndexInSegment"": -1, ""value"": ""Unspecified""}, ""Action First-Party"": {""endIndexInSegment"": 321, ""startIndexInSegment"": 194, ""selectedText"": ""In some areas, however, you may choose services that require you to provide us with information by which you can be identified."", ""value"": ""Collect on website""}, ""Personal Information Type"": {""endIndexInSegment"": -1, ""startIndexInSegment"": -1, ""value"": ""Unspecified""}, ""Choice Type"": {""endIndexInSegment"": -1, ""startIndexInSegment"": -1, ""value"": ""Unspecified""}, ""Identifiability"": {""endIndexInSegment"": 321, ""startIndexInSegment"": 279, ""selectedText"": ""nformation by which you can be identified."", ""value"": ""Identifiable""}, ""Does/Does Not"": {""endIndexInSegment"": 321, ""startIndexInSegment"": 194, ""selectedText"": ""In some areas, however, you may choose services that require you to provide us with information by which you can be identified."", ""value"": ""Does""}, ""User Type"": {""endIndexInSegment"": -1, ""startIndexInSegment"": -1, ""value"": ""Unspecified""}, ""Purpose"": {""endIndexInSegment"": -1, ""startIndexInSegment"": -1, ""value"": ""Unspecified""}}",Not specified,http://www.gwdocs.com/privacy
7420,test_category_labeling_highlight,82,3732,1,First Party Collection/Use,"{""Collection Mode"": {""endIndexInSegment"": 272, ""startIndexInSegment"": 219, ""selectedText"": ""ou may choose services that require you to provide us"", ""value"": ""Explicit""}, ""Choice Scope"": {""endIndexInSegment"": -1, ""startIndexInSegment"": -1, ""value"": ""Unspecified""}, ""Action First-Party"": {""endIndexInSegment"": -1, ""startIndexInSegment"": -1, ""value"": ""Unspecified""}, ""Personal Information Type"": {""endIndexInSegment"": 192, ""startIndexInSegment"": 172, ""selectedText"": ""personal information"", ""value"": ""Generic personal information""}, ""Choice Type"": {""endIndexInSegment"": -1, ""startIndexInSegment"": -1, ""value"": ""Unspecified""}, ""Identifiability"": {""endIndexInSegment"": 320, ""startIndexInSegment"": 278, ""selectedText"": ""information by which you can be identified"", ""value"": ""Identifiable""}, ""Does/Does Not"": {""endIndexInSegment"": -1, ""startIndexInSegment"": -1, ""value"": ""Does""}, ""User Type"": {""endIndexInSegment"": -1, ""startIndexInSegment"": -1, ""value"": ""Unspecified""}, ""Purpose"": {""endIndexInSegment"": -1, ""startIndexInSegment"": -1, ""value"": ""Unspecified""}}",Not specified,http://www.gwdocs.com/privacy
5774,test_category_labeling_highlight,84,3732,2,First Party Collection/Use,"{""Collection Mode"": {""endIndexInSegment"": -1, ""startIndexInSegment"": -1, ""value"": ""Unspecified""}, ""Choice Scope"": {""endIndexInSegment"": -1, ""startIndexInSegment"": -1, ""value"": ""Unspecified""}, ""Action First-Party"": {""endIndexInSegment"": -1, ""startIndexInSegment"": -1, ""value"": ""Unspecified""}, ""Personal Information Type"": {""endIndexInSegment"": -1, ""startIndexInSegment"": -1, ""value"": ""Unspecified""}, ""Choice Type"": {""endIndexInSegment"": -1, ""startIndexInSegment"": -1, ""value"": ""Unspecified""}, ""Identifiability"": {""endIndexInSegment"": -1, ""startIndexInSegment"": -1, ""value"": ""Unspecified""}, ""Does/Does Not"": {""endIndexInSegment"": 28, ""startIndexInSegment"": 17, ""selectedText"": ""information"", ""value"": ""Does""}, ""User Type"": {""endIndexInSegment"": -1, ""startIndexInSegment"": -1, ""value"": ""Unspecified""}, ""Purpose"": {""endIndexInSegment"": 68, ""startIndexInSegment"": 58, ""selectedText"": ""understand"", ""value"": ""Analytics/Research""}}",Not specified,http://www.gwdocs.com/privacy
5775,test_category_labeling_highlight,84,3732,2,First Party Collection/Use,"{""Collection Mode"": {""endIndexInSegment"": -1, ""startIndexInSegment"": -1, ""value"": ""Unspecified""}, ""Choice Scope"": {""endIndexInSegment"": -1, ""startIndexInSegment"": -1, ""value"": ""Unspecified""}, ""Action First-Party"": {""endIndexInSegment"": -1, ""startIndexInSegment"": -1, ""value"": ""Unspecified""}, ""Personal Information Type"": {""endIndexInSegment"": -1, ""startIndexInSegment"": -1, ""value"": ""Unspecified""}, ""Choice Type"": {""endIndexInSegment"": -1, ""startIndexInSegment"": -1, ""value"": ""Unspecified""}, ""Identifiability"": {""endIndexInSegment"": -1, ""startIndexInSegment"": -1, ""value"": ""Unspecified""}, ""Does/Does Not"": {""endIndexInSegment"": 28, ""startIndexInSegment"": 17, ""selectedText"": ""information"", ""value"": ""Does""}, ""User Type"": {""endIndexInSegment"": -1, ""startIndexInSegment"": -1, ""value"": ""Unspecified""}, ""Purpose"": {""endIndexInSegment"": 118, ""startIndexInSegment"": 87, ""selectedText"": ""provide you with better service"", ""value"": ""Personalization/Customization""}}",Not specified,http://www.gwdocs.com/privacy
5776,test_category_labeling_highlight,84,3732,2,First Party Collection/Use,"{""Collection Mode"": {""endIndexInSegment"": -1, ""startIndexInSegment"": -1, ""value"": ""Unspecified""}, ""Choice Scope"": {""endIndexInSegment"": -1, ""startIndexInSegment"": -1, ""value"": ""Unspecified""}, ""Action First-Party"": {""endIndexInSegment"": -1, ""startIndexInSegment"": -1, ""value"": ""Unspecified""}, ""Personal Information Type"": {""endIndexInSegment"": -1, ""startIndexInSegment"": -1, ""value"": ""Unspecified""}, ""Choice Type"": {""endIndexInSegment"": -1, ""startIndexInSegment"": -1, ""value"": ""Unspecified""}, ""Identifiability"": {""endIndexInSegment"": -1, ""startIndexInSegment"": -1, ""value"": ""Unspecified""}, ""Does/Does Not"": {""endIndexInSegment"": 28, ""startIndexInSegment"": 17, ""selectedText"": ""information"", ""value"": ""Does""}, ""User Type"": {""endIndexInSegment"": -1, ""startIndexInSegment"": -1, ""value"": ""Unspecified""}, ""Purpose"": {""endIndexInSegment"": 172, ""startIndexInSegment"": 161, ""selectedText"": ""communicate"", ""value"": ""Marketing""}}",Not specified,http://www.gwdocs.com/privacy
6661,test_category_labeling_highlight,88,3732,2,First Party Collection/Use,"{""Collection Mode"": {""endIndexInSegment"": 265, ""startIndexInSegment"": 120, ""selectedText"": ""Specifically, we use your information to communicate back to you, to update you on services and benefits, and to personalize our website for you."", ""value"": ""Unspecified""}, ""Choice Scope"": {""endIndexInSegment"": -1, ""startIndexInSegment"": -1, ""value"": ""Unspecified""}, ""Action First-Party"": {""endIndexInSegment"": 47, ""startIndexInSegment"": 13, ""selectedText"": ""the information collected from you"", ""value"": ""Collect on website""}, ""Personal Information Type"": {""endIndexInSegment"": -1, ""startIndexInSegment"": -1, ""value"": ""Unspecified""}, ""Choice Type"": {""endIndexInSegment"": -1, ""startIndexInSegment"": -1, ""value"": ""Unspecified""}, ""Identifiability"": {""endIndexInSegment"": -1, ""startIndexInSegment"": -1, ""value"": ""Unspecified""}, ""Does/Does Not"": {""endIndexInSegment"": 265, ""startIndexInSegment"": 120, ""selectedText"": ""Specifically, we use your information to communicate back to you, to update you on services and benefits, and to personalize our website for you."", ""value"": ""Does""}, ""User Type"": {""endIndexInSegment"": -1, ""startIndexInSegment"": -1, ""value"": ""Unspecified""}, ""Purpose"": {""endIndexInSegment"": 184, ""startIndexInSegment"": 158, ""selectedText"": ""to communicate back to you"", ""value"": ""Basic service/feature""}}",Not specified,http://www.gwdocs.com/privacy
6662,test_category_labeling_highlight,88,3732,2,First Party Collection/Use,"{""Collection Mode"": {""endIndexInSegment"": 265, ""startIndexInSegment"": 120, ""selectedText"": ""Specifically, we use your information to communicate back to you, to update you on services and benefits, and to personalize our website for you."", ""value"": ""Unspecified""}, ""Choice Scope"": {""endIndexInSegment"": -1, ""startIndexInSegment"": -1, ""value"": ""Unspecified""}, ""Action First-Party"": {""endIndexInSegment"": 47, ""startIndexInSegment"": 13, ""selectedText"": ""the information collected from you"", ""value"": ""Collect on website""}, ""Personal Information Type"": {""endIndexInSegment"": -1, ""startIndexInSegment"": -1, ""value"": ""Unspecified""}, ""Choice Type"": {""endIndexInSegment"": -1, ""startIndexInSegment"": -1, ""value"": ""Unspecified""}, ""Identifiability"": {""endIndexInSegment"": -1, ""startIndexInSegment"": -1, ""value"": ""Unspecified""}, ""Does/Does Not"": {""endIndexInSegment"": 265, ""startIndexInSegment"": 120, ""selectedText"": ""Specifically, we use your information to communicate back to you, to update you on services and benefits, and to personalize our website for you."", ""value"": ""Does""}, ""User Type"": {""endIndexInSegment"": -1, ""startIndexInSegment"": -1, ""value"": ""Unspecified""}, ""Purpose"": {""endIndexInSegment"": 265, ""startIndexInSegment"": 230, ""selectedText"": ""to personalize our website for you."", ""value"": ""Personalization/Customization""}}",Not specified,http://www.gwdocs.com/privacy
7417,test_category_labeling_highlight,82,3732,2,First Party Collection/Use,"{""Collection Mode"": {""endIndexInSegment"": -1, ""startIndexInSegment"": -1, ""value"": ""Unspecified""}, ""Choice Scope"": {""endIndexInSegment"": -1, ""startIndexInSegment"": -1, ""value"": ""Unspecified""}, ""Action First-Party"": {""endIndexInSegment"": -1, ""startIndexInSegment"": -1, ""value"": ""Unspecified""}, ""Personal Information Type"": {""endIndexInSegment"": -1, ""startIndexInSegment"": -1, ""value"": ""Unspecified""}, ""Choice Type"": {""endIndexInSegment"": -1, ""startIndexInSegment"": -1, ""value"": ""Unspecified""}, ""Identifiability"": {""endIndexInSegment"": -1, ""startIndexInSegment"": -1, ""value"": ""Unspecified""}, ""Does/Does Not"": {""endIndexInSegment"": -1, ""startIndexInSegment"": -1, ""value"": ""Does""}, ""User Type"": {""endIndexInSegment"": -1, ""startIndexInSegment"": -1, ""value"": ""Unspecified""}, ""Purpose"": {""endIndexInSegment"": 119, ""startIndexInSegment"": 51, ""selectedText"": ""better understand your needs and to provide you with better service."", ""value"": ""Analytics/Research""}}",Not specified,http://www.gwdocs.com/privacy
7418,test_category_labeling_highlight,82,3732,2,First Party Collection/Use,"{""Collection Mode"": {""endIndexInSegment"": -1, ""startIndexInSegment"": -1, ""value"": ""Unspecified""}, ""Choice Scope"": {""endIndexInSegment"": -1, ""startIndexInSegment"": -1, ""value"": ""Unspecified""}, ""Action First-Party"": {""endIndexInSegment"": -1, ""startIndexInSegment"": -1, ""value"": ""Unspecified""}, ""Personal Information Type"": {""endIndexInSegment"": -1, ""startIndexInSegment"": -1, ""value"": ""Unspecified""}, ""Choice Type"": {""endIndexInSegment"": -1, ""startIndexInSegment"": -1, ""value"": ""Unspecified""}, ""Identifiability"": {""endIndexInSegment"": -1, ""startIndexInSegment"": -1, ""value"": ""Unspecified""}, ""Does/Does Not"": {""endIndexInSegment"": -1, ""startIndexInSegment"": -1, ""value"": ""Does""}, ""User Type"": {""endIndexInSegment"": -1, ""startIndexInSegment"": -1, ""value"": ""Unspecified""}, ""Purpose"": {""endIndexInSegment"": 225, ""startIndexInSegment"": 120, ""selectedText"": ""Specifically, we use your information to communicate back to you, to update you on services and benefits,"", ""value"": ""Basic service/feature""}}",Not specified,http://www.gwdocs.com/privacy
7419,test_category_labeling_highlight,82,3732,2,First Party Collection/Use,"{""Collection Mode"": {""endIndexInSegment"": -1, ""startIndexInSegment"": -1, ""value"": ""Unspecified""}, ""Choice Scope"": {""endIndexInSegment"": -1, ""startIndexInSegment"": -1, ""value"": ""Unspecified""}, ""Action First-Party"": {""endIndexInSegment"": -1, ""startIndexInSegment"": -1, ""value"": ""Unspecified""}, ""Personal Information Type"": {""endIndexInSegment"": -1, ""startIndexInSegment"": -1, ""value"": ""Unspecified""}, ""Choice Type"": {""endIndexInSegment"": -1, ""startIndexInSegment"": -1, ""value"": ""Unspecified""}, ""Identifiability"": {""endIndexInSegment"": -1, ""startIndexInSegment"": -1, ""value"": ""Unspecified""}, ""Does/Does Not"": {""endIndexInSegment"": -1, ""startIndexInSegment"": -1, ""value"": ""Does""}, ""User Type"": {""endIndexInSegment"": -1, ""startIndexInSegment"": -1, ""value"": ""Unspecified""}, ""Purpose"": {""endIndexInSegment"": 265, ""startIndexInSegment"": 234, ""selectedText"": ""ersonalize our website for you."", ""value"": ""Personalization/Customization""}}",Not specified,http://www.gwdocs.com/privacy
5777,test_category_labeling_highlight,84,3732,3,Third Party Sharing/Collection,"{""Third Party Entity"": {""endIndexInSegment"": 84, ""startIndexInSegment"": 78, ""selectedText"": ""others"", ""value"": ""Unnamed third party""}, ""Choice Scope"": {""endIndexInSegment"": -1, ""startIndexInSegment"": -1, ""value"": ""Unspecified""}, ""Purpose"": {""endIndexInSegment"": -1, ""startIndexInSegment"": -1, ""value"": ""Unspecified""}, ""Personal Information Type"": {""endIndexInSegment"": 74, ""startIndexInSegment"": 39, ""selectedText"": ""personally identifiable information"", ""value"": ""Generic personal information""}, ""Choice Type"": {""endIndexInSegment"": 116, ""startIndexInSegment"": 98, ""selectedText"": ""express permission"", ""value"": ""Opt-in""}, ""Identifiability"": {""endIndexInSegment"": 62, ""startIndexInSegment"": 50, ""selectedText"": ""identifiable"", ""value"": ""Identifiable""}, ""Does/Does Not"": {""endIndexInSegment"": 8, ""startIndexInSegment"": 4, ""selectedText"": ""will"", ""value"": ""Does""}, ""User Type"": {""endIndexInSegment"": -1, ""startIndexInSegment"": -1, ""value"": ""Unspecified""}, ""Action Third Party"": {""endIndexInSegment"": 23, ""startIndexInSegment"": 19, ""selectedText"": ""rent"", ""value"": ""Receive/Shared with""}}",Not specified,http://www.gwdocs.com/privacy
5778,test_category_labeling_highlight,84,3732,3,Third Party Sharing/Collection,"{""Third Party Entity"": {""endIndexInSegment"": 277, ""startIndexInSegment"": 118, ""selectedText"": ""Unless we have your permission or are required by law, we will only share the personal data you provide online with authorized personnel within the institution"", ""value"": ""Other part of company/affiliate""}, ""Choice Scope"": {""endIndexInSegment"": -1, ""startIndexInSegment"": -1, ""value"": ""Unspecified""}, ""Purpose"": {""endIndexInSegment"": -1, ""startIndexInSegment"": -1, ""value"": ""Unspecified""}, ""Personal Information Type"": {""endIndexInSegment"": 74, ""startIndexInSegment"": 39, ""selectedText"": ""personally identifiable information"", ""value"": ""Generic personal information""}, ""Choice Type"": {""endIndexInSegment"": 148, ""startIndexInSegment"": 138, ""selectedText"": ""permission"", ""value"": ""Unspecified""}, ""Identifiability"": {""endIndexInSegment"": 62, ""startIndexInSegment"": 50, ""selectedText"": ""identifiable"", ""value"": ""Identifiable""}, ""Does/Does Not"": {""endIndexInSegment"": 8, ""startIndexInSegment"": 4, ""selectedText"": ""will"", ""value"": ""Does""}, ""User Type"": {""endIndexInSegment"": -1, ""startIndexInSegment"": -1, ""value"": ""Unspecified""}, ""Action Third Party"": {""endIndexInSegment"": 23, ""startIndexInSegment"": 19, ""selectedText"": ""rent"", ""value"": ""Receive/Shared with""}}",Not specified,http://www.gwdocs.com/privacy
6659,test_category_labeling_highlight,88,3732,3,Third Party Sharing/Collection,"{""Third Party Entity"": {""endIndexInSegment"": 117, ""startIndexInSegment"": 0, ""selectedText"": ""MFA will not sell, rent, or lease your personally identifiable information to others without your express permission."", ""value"": ""Unnamed third party""}, ""Choice Scope"": {""endIndexInSegment"": 33, ""startIndexInSegment"": 1, ""selectedText"": ""FA will not sell, rent, or lease"", ""value"": ""Use""}, ""Purpose"": {""endIndexInSegment"": -1, ""startIndexInSegment"": -1, ""value"": ""Unspecified""}, ""Personal Information Type"": {""endIndexInSegment"": 74, ""startIndexInSegment"": 39, ""selectedText"": ""personally identifiable information"", ""value"": ""Generic personal information""}, ""Choice Type"": {""endIndexInSegment"": 117, ""startIndexInSegment"": 85, ""selectedText"": ""without your express permission."", ""value"": ""Opt-in""}, ""Identifiability"": {""endIndexInSegment"": 74, ""startIndexInSegment"": 39, ""selectedText"": ""personally identifiable information"", ""value"": ""Identifiable""}, ""Does/Does Not"": {""endIndexInSegment"": 117, ""startIndexInSegment"": 0, ""selectedText"": ""MFA will not sell, rent, or lease your personally identifiable information to others without your express permission."", ""value"": ""Does Not""}, ""User Type"": {""endIndexInSegment"": -1, ""startIndexInSegment"": -1, ""value"": ""Unspecified""}, ""Action Third Party"": {""endIndexInSegment"": 117, ""startIndexInSegment"": 0, ""selectedText"": ""MFA will not sell, rent, or lease your personally identifiable information to others without your express permission."", ""value"": ""Receive/Shared with""}}",Not specified,http://www.gwdocs.com/privacy
6660,test_category_labeling_highlight,88,3732,3,Third Party Sharing/Collection,"{""Third Party Entity"": {""endIndexInSegment"": 172, ""startIndexInSegment"": 152, ""selectedText"": ""are required by law,"", ""value"": ""Unnamed third party""}, ""Choice Scope"": {""endIndexInSegment"": -1, ""startIndexInSegment"": -1, ""value"": ""Unspecified""}, ""Purpose"": {""endIndexInSegment"": 172, ""startIndexInSegment"": 152, ""selectedText"": ""are required by law,"", ""value"": ""Legal requirement""}, ""Personal Information Type"": {""endIndexInSegment"": 74, ""startIndexInSegment"": 39, ""selectedText"": ""personally identifiable information"", ""value"": ""Generic personal information""}, ""Choice Type"": {""endIndexInSegment"": -1, ""startIndexInSegment"": -1, ""value"": ""Unspecified""}, ""Identifiability"": {""endIndexInSegment"": 74, ""startIndexInSegment"": 39, ""selectedText"": ""personally identifiable information"", ""value"": ""Identifiable""}, ""Does/Does Not"": {""endIndexInSegment"": 172, ""startIndexInSegment"": 152, ""selectedText"": ""are required by law,"", ""value"": ""Does""}, ""User Type"": {""endIndexInSegment"": -1, ""startIndexInSegment"": -1, ""value"": ""Unspecified""}, ""Action Third Party"": {""endIndexInSegment"": 172, ""startIndexInSegment"": 152, ""selectedText"": ""are required by law,"", ""value"": ""Receive/Shared with""}}",Not specified,http://www.gwdocs.com/privacy
7413,test_category_labeling_highlight,82,3732,3,Third Party Sharing/Collection,"{""Third Party Entity"": {""endIndexInSegment"": -1, ""startIndexInSegment"": -1, ""value"": ""Unspecified""}, ""Choice Scope"": {""endIndexInSegment"": -1, ""startIndexInSegment"": -1, ""value"": ""Unspecified""}, ""Purpose"": {""endIndexInSegment"": -1, ""startIndexInSegment"": -1, ""value"": ""Unspecified""}, ""Personal Information Type"": {""endIndexInSegment"": 468, ""startIndexInSegment"": 338, ""selectedText"": ""nformation provided to us online in ways unrelated to the ones described above without letting you know and offering you a choice."", ""value"": ""Unspecified""}, ""Choice Type"": {""endIndexInSegment"": 172, ""startIndexInSegment"": 118, ""selectedText"": ""Unless we have your permission or are required by law,"", ""value"": ""Opt-in""}, ""Identifiability"": {""endIndexInSegment"": 336, ""startIndexInSegment"": 313, ""selectedText"": ""personally identifiable"", ""value"": ""Identifiable""}, ""Does/Does Not"": {""endIndexInSegment"": -1, ""startIndexInSegment"": -1, ""value"": ""Does""}, ""User Type"": {""endIndexInSegment"": -1, ""startIndexInSegment"": -1, ""value"": ""Unspecified""}, ""Action Third Party"": {""endIndexInSegment"": 308, ""startIndexInSegment"": 303, ""selectedText"": ""share"", ""value"": ""Receive/Shared with""}}",Not specified,http://www.gwdocs.com/privacy
7414,test_category_labeling_highlight,82,3732,3,Third Party Sharing/Collection,"{""Third Party Entity"": {""endIndexInSegment"": -1, ""startIndexInSegment"": -1, ""value"": ""Unspecified""}, ""Choice Scope"": {""endIndexInSegment"": -1, ""startIndexInSegment"": -1, ""value"": ""Unspecified""}, ""Purpose"": {""endIndexInSegment"": 172, ""startIndexInSegment"": 149, ""selectedText"": ""or are required by law,"", ""value"": ""Legal requirement""}, ""Personal Information Type"": {""endIndexInSegment"": 468, ""startIndexInSegment"": 338, ""selectedText"": ""nformation provided to us online in ways unrelated to the ones described above without letting you know and offering you a choice."", ""value"": ""Unspecified""}, ""Choice Type"": {""endIndexInSegment"": 172, ""startIndexInSegment"": 118, ""selectedText"": ""Unless we have your permission or are required by law,"", ""value"": ""Opt-in""}, ""Identifiability"": {""endIndexInSegment"": 336, ""startIndexInSegment"": 313, ""selectedText"": ""personally identifiable"", ""value"": ""Identifiable""}, ""Does/Does Not"": {""endIndexInSegment"": -1, ""startIndexInSegment"": -1, ""value"": ""Does""}, ""User Type"": {""endIndexInSegment"": -1, ""startIndexInSegment"": -1, ""value"": ""Unspecified""}, ""Action Third Party"": {""endIndexInSegment"": 308, ""startIndexInSegment"": 303, ""selectedText"": ""share"", ""value"": ""Receive/Shared with""}}",Not specified,http://www.gwdocs.com/privacy
7415,test_category_labeling_highlight,82,3732,3,Third Party Sharing/Collection,"{""Third Party Entity"": {""endIndexInSegment"": -1, ""startIndexInSegment"": -1, ""value"": ""Unspecified""}, ""Choice Scope"": {""endIndexInSegment"": -1, ""startIndexInSegment"": -1, ""value"": ""Unspecified""}, ""Purpose"": {""endIndexInSegment"": -1, ""startIndexInSegment"": -1, ""value"": ""Unspecified""}, ""Personal Information Type"": {""endIndexInSegment"": 468, ""startIndexInSegment"": 338, ""selectedText"": ""nformation provided to us online in ways unrelated to the ones described above without letting you know and offering you a choice."", ""value"": ""Unspecified""}, ""Choice Type"": {""endIndexInSegment"": 468, ""startIndexInSegment"": 417, ""selectedText"": ""without letting you know and offering you a choice."", ""value"": ""Unspecified""}, ""Identifiability"": {""endIndexInSegment"": 336, ""startIndexInSegment"": 313, ""selectedText"": ""personally identifiable"", ""value"": ""Identifiable""}, ""Does/Does Not"": {""endIndexInSegment"": 295, ""startIndexInSegment"": 287, ""selectedText"": ""will not"", ""value"": ""Does Not""}, ""User Type"": {""endIndexInSegment"": -1, ""startIndexInSegment"": -1, ""value"": ""Unspecified""}, ""Action Third Party"": {""endIndexInSegment"": 308, ""startIndexInSegment"": 303, ""selectedText"": ""share"", ""value"": ""Receive/Shared with""}}",Not specified,http://www.gwdocs.com/privacy
7416,test_category_labeling_highlight,82,3732,3,First Party Collection/Use,"{""Collection Mode"": {""endIndexInSegment"": -1, ""startIndexInSegment"": -1, ""value"": ""Unspecified""}, ""Choice Scope"": {""endIndexInSegment"": -1, ""startIndexInSegment"": -1, ""value"": ""Unspecified""}, ""Action First-Party"": {""endIndexInSegment"": 33, ""startIndexInSegment"": 13, ""selectedText"": ""sell, rent, or lease"", ""value"": ""Other""}, ""Personal Information Type"": {""endIndexInSegment"": -1, ""startIndexInSegment"": -1, ""value"": ""Unspecified""}, ""Choice Type"": {""endIndexInSegment"": -1, ""startIndexInSegment"": -1, ""value"": ""Unspecified""}, ""Identifiability"": {""endIndexInSegment"": 62, ""startIndexInSegment"": 39, ""selectedText"": ""personally identifiable"", ""value"": ""Identifiable""}, ""Does/Does Not"": {""endIndexInSegment"": 12, ""startIndexInSegment"": 4, ""selectedText"": ""will not"", ""value"": ""Does Not""}, ""User Type"": {""endIndexInSegment"": -1, ""startIndexInSegment"": -1, ""value"": ""Unspecified""}, ""Purpose"": {""endIndexInSegment"": 33, ""startIndexInSegment"": 13, ""selectedText"": ""sell, rent, or lease"", ""value"": ""Other""}}",Not specified,http://www.gwdocs.com/privacy
C679,test_category_labeling_highlight,88,3732,4,Data Security,"{""Security Measure"": {""endIndexInSegment"": 309, ""startIndexInSegment"": 0, ""selectedText"": ""The MFA is committed to ensuring the security of your information. To prevent unauthorized access, maintain data accuracy, and ensure the appropriate use of information, we have put in place appropriate physical, electronic, and managerial procedures to safeguard and secure the information we collect online."", ""value"": ""Generic""}}",Not specified,http://www.gwdocs.com/privacy
C680,test_category_labeling_highlight,84,3732,5,Other,"{""Other Type"": {""endIndexInSegment"": 315, ""startIndexInSegment"": 21, ""selectedText"": ""To assist users in finding related information, MFA provides links to other websites. Once users have left the MFA website and have entered another site, they are subject to the privacy policy of that site and MFA cannot be responsible for the privacy practices or the content of such websites."", ""value"": ""Introductory/Generic""}}",Not specified,http://www.gwdocs.com/privacy
7411,test_category_labeling_highlight,82,3732,5,Other,"{""Other Type"": {""endIndexInSegment"": 315, ""startIndexInSegment"": 0, ""selectedText"": ""Disclaimer To assist users in finding related information, MFA provides links to other websites. Once users have left the MFA website and have entered another site, they are subject to the privacy policy of that site and MFA cannot be responsible for the privacy practices or the content of such websites."", ""value"": ""Practice not covered""}}",Not specified,http://www.gwdocs.com/privacy
