C2853,test_category_labeling_highlight_fordham_ddddd,118,3740,0,Other,"{""Other Type"": {""selectedText"": ""Zacks Investment Research Privacy Policy"", ""startIndexInSegment"": 0, ""endIndexInSegment"": 59, ""value"": ""Introductory/Generic""}}",5/1/14,http://www.zacks.com/privacy.php
C2854,test_category_labeling_highlight_upitt,103,3740,1,First Party Collection/Use,"{""Collection Mode"": {""endIndexInSegment"": 290, ""startIndexInSegment"": 249, ""selectedText"": ""The information you may choose to provide"", ""value"": ""Explicit""}, ""Choice Scope"": {""endIndexInSegment"": -1, ""startIndexInSegment"": -1, ""value"": ""not-selected""}, ""Action First-Party"": {""endIndexInSegment"": -1, ""startIndexInSegment"": -1, ""value"": ""Unspecified""}, ""Personal Information Type"": {""endIndexInSegment"": 383, ""startIndexInSegment"": 329, ""selectedText"": ""email address, name, postal address, and phone number."", ""value"": ""Contact""}, ""Choice Type"": {""endIndexInSegment"": 595, ""startIndexInSegment"": 383, ""selectedText"": ""In fact, we only disclose the information you provide us or send you information if you authorize us to do so by choosing to receive e-mail services on our Zacks.com Web site or opting into third party mailings."", ""value"": ""Opt-in""}, ""Identifiability"": {""endIndexInSegment"": -1, ""startIndexInSegment"": -1, ""value"": ""not-selected""}, ""Does/Does Not"": {""endIndexInSegment"": -1, ""startIndexInSegment"": -1, ""value"": ""Does""}, ""User Type"": {""endIndexInSegment"": -1, ""startIndexInSegment"": -1, ""value"": ""not-selected""}, ""Purpose"": {""endIndexInSegment"": -1, ""startIndexInSegment"": -1, ""value"": ""Unspecified""}}",5/1/14,http://www.zacks.com/privacy.php
C2855,test_category_labeling_highlight_fordham_ddddd,118,3740,1,Other,"{""Other Type"": {""selectedText"": ""Since our inception in 1978, we have sought to have long-term relationships with our customers. Thus, we do not wish to profit from the unwanted distribution of your private information or to inundate you with unnecessary e-mails or other material."", ""startIndexInSegment"": 0, ""endIndexInSegment"": 248, ""value"": ""Introductory/Generic""}}",5/1/14,http://www.zacks.com/privacy.php
13760,test_category_labeling_highlight_upitt,103,3740,1,Third Party Sharing/Collection,"{""Third Party Entity"": {""endIndexInSegment"": 585, ""startIndexInSegment"": 574, ""selectedText"": ""third party"", ""value"": ""Unnamed third party""}, ""Choice Scope"": {""endIndexInSegment"": 595, ""startIndexInSegment"": 401, ""selectedText"": ""disclose the information you provide us or send you information if you authorize us to do so by choosing to receive e-mail services on our Zacks.com Web site or opting into third party mailings."", ""value"": ""Both""}, ""Purpose"": {""endIndexInSegment"": -1, ""startIndexInSegment"": -1, ""value"": ""Unspecified""}, ""Personal Information Type"": {""endIndexInSegment"": 383, ""startIndexInSegment"": 329, ""selectedText"": ""email address, name, postal address, and phone number."", ""value"": ""Contact""}, ""Choice Type"": {""endIndexInSegment"": 595, ""startIndexInSegment"": 465, ""selectedText"": ""if you authorize us to do so by choosing to receive e-mail services on our Zacks.com Web site or opting into third party mailings."", ""value"": ""Opt-in""}, ""Identifiability"": {""endIndexInSegment"": -1, ""startIndexInSegment"": -1, ""value"": ""not-selected""}, ""Does/Does Not"": {""endIndexInSegment"": -1, ""startIndexInSegment"": -1, ""value"": ""Does""}, ""User Type"": {""endIndexInSegment"": -1, ""startIndexInSegment"": -1, ""value"": ""not-selected""}, ""Action Third Party"": {""endIndexInSegment"": 493, ""startIndexInSegment"": 393, ""selectedText"": ""we only disclose the information you provide us or send you information if you authorize us to do so"", ""value"": ""Receive/Shared with""}}",5/1/14,http://www.zacks.com/privacy.php
15319,test_category_labeling_highlight_upitt,95,3740,1,Third Party Sharing/Collection,"{""Third Party Entity"": {""endIndexInSegment"": 585, ""startIndexInSegment"": 574, ""selectedText"": ""third party"", ""value"": ""Unnamed third party""}, ""Choice Scope"": {""endIndexInSegment"": 409, ""startIndexInSegment"": 401, ""selectedText"": ""disclose"", ""value"": ""Use""}, ""Purpose"": {""endIndexInSegment"": 594, ""startIndexInSegment"": 562, ""selectedText"": ""opting into third party mailings"", ""value"": ""Marketing""}, ""Personal Information Type"": {""endIndexInSegment"": 440, ""startIndexInSegment"": 414, ""selectedText"": ""information you provide us"", ""value"": ""Unspecified""}, ""Choice Type"": {""endIndexInSegment"": 493, ""startIndexInSegment"": 465, ""selectedText"": ""if you authorize us to do so"", ""value"": ""Opt-in""}, ""Identifiability"": {""endIndexInSegment"": 440, ""startIndexInSegment"": 410, ""selectedText"": ""the information you provide us"", ""value"": ""Unspecified""}, ""Does/Does Not"": {""endIndexInSegment"": 409, ""startIndexInSegment"": 384, ""selectedText"": ""In fact, we only disclose"", ""value"": ""Does""}, ""User Type"": {""endIndexInSegment"": -1, ""startIndexInSegment"": -1, ""value"": ""Unspecified""}, ""Action Third Party"": {""endIndexInSegment"": 409, ""startIndexInSegment"": 401, ""selectedText"": ""disclose"", ""value"": ""Receive/Shared with""}}",5/1/14,http://www.zacks.com/privacy.php
24624,test_category_labeling_highlight_fordham_ddddd,118,3740,1,First Party Collection/Use,"{""Collection Mode"": {""selectedText"": ""you provide us or send you information if you authorize us to do so"", ""startIndexInSegment"": 426, ""endIndexInSegment"": 493, ""value"": ""Explicit""}, ""Choice Scope"": {""selectedText"": ""The information you may choose to provide includes any or all of the following: email address, name, postal address, and phone number. In fact, we only disclose the information you provide us or send you information if you authorize us to do so by choosing to receive e-mail services on our Zacks.com Web site or opting into third party mailings."", ""startIndexInSegment"": 249, ""endIndexInSegment"": 595, ""value"": ""Both""}, ""Action First-Party"": {""selectedText"": ""on our Zacks.com Web site"", ""startIndexInSegment"": 533, ""endIndexInSegment"": 558, ""value"": ""Collect on website""}, ""Personal Information Type"": {""selectedText"": ""email address, name, postal address, and phone number."", ""startIndexInSegment"": 329, ""endIndexInSegment"": 383, ""value"": ""Contact""}, ""Choice Type"": {""selectedText"": ""The information you may choose to provide includes any or all of the following: email address, name, postal address, and phone number. In fact, we only disclose the information you provide us or send you information if you authorize us to do so by choosing to receive e-mail services on our Zacks.com Web site or opting into third party mailings."", ""startIndexInSegment"": 249, ""endIndexInSegment"": 595, ""value"": ""Opt-in""}, ""Identifiability"": {""selectedText"": ""Not selected"", ""startIndexInSegment"": -1, ""endIndexInSegment"": -1, ""value"": ""Unspecified""}, ""Does/Does Not"": {""selectedText"": ""null"", ""startIndexInSegment"": -1, ""endIndexInSegment"": -1, ""value"": ""Does""}, ""User Type"": {""selectedText"": ""Not selected"", ""startIndexInSegment"": -1, ""endIndexInSegment"": -1, ""value"": ""Unspecified""}, ""Purpose"": {""selectedText"": ""With your approval, we use the information you provide us in the following ways:"", ""startIndexInSegment"": 596, ""endIndexInSegment"": 676, ""value"": ""Unspecified""}}",5/1/14,http://www.zacks.com/privacy.php
13762,test_category_labeling_highlight_upitt,103,3740,2,First Party Collection/Use,"{""Collection Mode"": {""endIndexInSegment"": -1, ""startIndexInSegment"": -1, ""value"": ""not-selected""}, ""Choice Scope"": {""endIndexInSegment"": 738, ""startIndexInSegment"": 725, ""selectedText"": ""these e-mails"", ""value"": ""Use""}, ""Action First-Party"": {""endIndexInSegment"": 146, ""startIndexInSegment"": 69, ""selectedText"": ""Everyone who submits personal information to Zacks Investment Research online"", ""value"": ""Collect on website""}, ""Personal Information Type"": {""endIndexInSegment"": 110, ""startIndexInSegment"": 90, ""selectedText"": ""personal information"", ""value"": ""Generic personal information""}, ""Choice Type"": {""endIndexInSegment"": 800, ""startIndexInSegment"": 700, ""selectedText"": ""You can unsubscribe from these e-mails at any time by going to http://register.zacks.com/unisub.php."", ""value"": ""Opt-out link""}, ""Identifiability"": {""endIndexInSegment"": -1, ""startIndexInSegment"": -1, ""value"": ""not-selected""}, ""Does/Does Not"": {""endIndexInSegment"": -1, ""startIndexInSegment"": -1, ""value"": ""Does""}, ""User Type"": {""endIndexInSegment"": 110, ""startIndexInSegment"": 69, ""selectedText"": ""Everyone who submits personal information"", ""value"": ""Other""}, ""Purpose"": {""endIndexInSegment"": 698, ""startIndexInSegment"": 147, ""selectedText"": ""will receive, via e-mail, our free weekly newsletters: Profit from the Pros. Through Profit from the Pros, we provide original and exclusive content from Zacks Investment Research and Zacks.com. We also distribute commentary and investment ideas from independent third parties, who produce financial news publications and who compensate Zacks Investment Research for distributing their newsletters. From time-to-time, we will also send or contact you regarding special offers for products and services from Zacks Investment Research and our affiliates"", ""value"": ""Marketing""}}",5/1/14,http://www.zacks.com/privacy.php
15320,test_category_labeling_highlight_upitt,95,3740,2,User Choice/Control,"{""Choice Type"": {""endIndexInSegment"": 719, ""startIndexInSegment"": 708, ""selectedText"": ""unsubscribe"", ""value"": ""Opt-out link""}, ""Choice Scope"": {""endIndexInSegment"": 340, ""startIndexInSegment"": 177, ""selectedText"": ""free weekly newsletters: Profit from the Pros. Through Profit from the Pros, we provide original and exclusive content from Zacks Investment Research and Zacks.com"", ""value"": ""First party use""}, ""User Type"": {""endIndexInSegment"": -1, ""startIndexInSegment"": -1, ""value"": ""Unspecified""}, ""Purpose"": {""endIndexInSegment"": 340, ""startIndexInSegment"": 177, ""selectedText"": ""free weekly newsletters: Profit from the Pros. Through Profit from the Pros, we provide original and exclusive content from Zacks Investment Research and Zacks.com"", ""value"": ""Marketing""}, ""Personal Information Type"": {""endIndexInSegment"": 738, ""startIndexInSegment"": 731, ""selectedText"": ""e-mails"", ""value"": ""Contact""}}",5/1/14,http://www.zacks.com/privacy.php
15321,test_category_labeling_highlight_upitt,95,3740,2,User Choice/Control,"{""Choice Type"": {""endIndexInSegment"": 719, ""startIndexInSegment"": 708, ""selectedText"": ""unsubscribe"", ""value"": ""Opt-out link""}, ""Choice Scope"": {""endIndexInSegment"": 699, ""startIndexInSegment"": 342, ""selectedText"": ""We also distribute commentary and investment ideas from independent third parties, who produce financial news publications and who compensate Zacks Investment Research for distributing their newsletters. From time-to-time, we will also send or contact you regarding special offers for products and services from Zacks Investment Research and our affiliates."", ""value"": ""Third party sharing/collection""}, ""User Type"": {""endIndexInSegment"": -1, ""startIndexInSegment"": -1, ""value"": ""Unspecified""}, ""Purpose"": {""endIndexInSegment"": 699, ""startIndexInSegment"": 342, ""selectedText"": ""We also distribute commentary and investment ideas from independent third parties, who produce financial news publications and who compensate Zacks Investment Research for distributing their newsletters. From time-to-time, we will also send or contact you regarding special offers for products and services from Zacks Investment Research and our affiliates."", ""value"": ""Marketing""}, ""Personal Information Type"": {""endIndexInSegment"": 738, ""startIndexInSegment"": 731, ""selectedText"": ""e-mails"", ""value"": ""Contact""}}",5/1/14,http://www.zacks.com/privacy.php
24648,test_category_labeling_highlight_fordham_ddddd,118,3740,2,First Party Collection/Use,"{""Collection Mode"": {""selectedText"": ""submits personal information"", ""startIndexInSegment"": 82, ""endIndexInSegment"": 110, ""value"": ""Explicit""}, ""Choice Scope"": {""selectedText"": ""submits personal information"", ""startIndexInSegment"": 82, ""endIndexInSegment"": 110, ""value"": ""Collection""}, ""Action First-Party"": {""selectedText"": ""Not selected"", ""startIndexInSegment"": -1, ""endIndexInSegment"": -1, ""value"": ""Unspecified""}, ""Personal Information Type"": {""selectedText"": ""personal information"", ""startIndexInSegment"": 90, ""endIndexInSegment"": 110, ""value"": ""Generic personal information""}, ""Choice Type"": {""selectedText"": ""who submits"", ""startIndexInSegment"": 78, ""endIndexInSegment"": 89, ""value"": ""Opt-in""}, ""Identifiability"": {""selectedText"": ""Not selected"", ""startIndexInSegment"": -1, ""endIndexInSegment"": -1, ""value"": ""Unspecified""}, ""Does/Does Not"": {""selectedText"": ""will receive,"", ""startIndexInSegment"": 147, ""endIndexInSegment"": 160, ""value"": ""Does""}, ""User Type"": {""selectedText"": ""Everyone who submits personal information to Zacks Investment Research online"", ""startIndexInSegment"": 69, ""endIndexInSegment"": 146, ""value"": ""Unspecified""}, ""Purpose"": {""selectedText"": ""via e-mail, our free weekly newsletters: Profit from the Pros. Through Profit from the Pros, we provide original and exclusive content from Zacks Investment Research and Zacks.com. We also distribute commentary and investment ideas from independent third parties, who produce financial news publications and who compensate Zacks Investment Research for distributing their newsletters."", ""startIndexInSegment"": 161, ""endIndexInSegment"": 545, ""value"": ""Marketing""}}",5/1/14,http://www.zacks.com/privacy.php
24649,test_category_labeling_highlight_fordham_ddddd,118,3740,2,User Choice/Control,"{""Choice Type"": {""selectedText"": ""You can unsubscribe from these e-mails at any time by going to http://register.zacks.com/unisub.php."", ""startIndexInSegment"": 700, ""endIndexInSegment"": 800, ""value"": ""Opt-out link""}, ""Choice Scope"": {""selectedText"": ""From time-to-time, we will also send or contact you regarding special offers for products and services from Zacks Investment Research and our affiliates."", ""startIndexInSegment"": 546, ""endIndexInSegment"": 699, ""value"": ""First party use""}, ""User Type"": {""selectedText"": ""Not selected"", ""startIndexInSegment"": -1, ""endIndexInSegment"": -1, ""value"": ""Unspecified""}, ""Purpose"": {""selectedText"": ""special offers for products and services"", ""startIndexInSegment"": 608, ""endIndexInSegment"": 648, ""value"": ""Marketing""}, ""Personal Information Type"": {""selectedText"": ""send or contact you"", ""startIndexInSegment"": 578, ""endIndexInSegment"": 597, ""value"": ""Contact""}}",5/1/14,http://www.zacks.com/privacy.php
24650,test_category_labeling_highlight_fordham_ddddd,118,3740,2,Other,"{""Other Type"": {""selectedText"": ""http://register.zacks.com/unisub.php"", ""startIndexInSegment"": 763, ""endIndexInSegment"": 799, ""value"": ""Other""}}",5/1/14,http://www.zacks.com/privacy.php
C2856,test_category_labeling_highlight_fordham_ddddd,118,3740,3,First Party Collection/Use,"{""Collection Mode"": {""selectedText"": ""you provide"", ""startIndexInSegment"": 155, ""endIndexInSegment"": 166, ""value"": ""Explicit""}, ""Choice Scope"": {""selectedText"": ""the contact information"", ""startIndexInSegment"": 131, ""endIndexInSegment"": 154, ""value"": ""Collection""}, ""Action First-Party"": {""selectedText"": ""Zacks.com"", ""startIndexInSegment"": 88, ""endIndexInSegment"": 97, ""value"": ""Collect on website""}, ""Personal Information Type"": {""selectedText"": ""contact information"", ""startIndexInSegment"": 135, ""endIndexInSegment"": 154, ""value"": ""Contact""}, ""Choice Type"": {""selectedText"": ""you provide us"", ""startIndexInSegment"": 155, ""endIndexInSegment"": 169, ""value"": ""Opt-in""}, ""Identifiability"": {""selectedText"": ""Not selected"", ""startIndexInSegment"": -1, ""endIndexInSegment"": -1, ""value"": ""Unspecified""}, ""Does/Does Not"": {""selectedText"": ""we include"", ""startIndexInSegment"": 120, ""endIndexInSegment"": 130, ""value"": ""Does""}, ""User Type"": {""selectedText"": ""During the Zacks.com registration process,"", ""startIndexInSegment"": 77, ""endIndexInSegment"": 119, ""value"": ""User with account""}, ""Purpose"": {""selectedText"": ""on the Zacks Investment Research opt-in marketing list."", ""startIndexInSegment"": 170, ""endIndexInSegment"": 225, ""value"": ""Marketing""}}",5/1/14,http://www.zacks.com/privacy.php
C2857,test_category_labeling_highlight_upitt,103,3740,3,Third Party Sharing/Collection,"{""Third Party Entity"": {""endIndexInSegment"": 282, ""startIndexInSegment"": 265, ""selectedText"": ""outside marketers"", ""value"": ""Named third party""}, ""Choice Scope"": {""endIndexInSegment"": -1, ""startIndexInSegment"": -1, ""value"": ""not-selected""}, ""Purpose"": {""endIndexInSegment"": 338, ""startIndexInSegment"": 283, ""selectedText"": ""who have special offers that may be of interest to you."", ""value"": ""Advertising""}, ""Personal Information Type"": {""endIndexInSegment"": 154, ""startIndexInSegment"": 131, ""selectedText"": ""the contact information"", ""value"": ""Contact""}, ""Choice Type"": {""endIndexInSegment"": 246, ""startIndexInSegment"": 240, ""selectedText"": ""opt-in"", ""value"": ""Opt-in""}, ""Identifiability"": {""endIndexInSegment"": -1, ""startIndexInSegment"": -1, ""value"": ""not-selected""}, ""Does/Does Not"": {""endIndexInSegment"": -1, ""startIndexInSegment"": -1, ""value"": ""Does""}, ""User Type"": {""endIndexInSegment"": -1, ""startIndexInSegment"": -1, ""value"": ""not-selected""}, ""Action Third Party"": {""endIndexInSegment"": 439, ""startIndexInSegment"": 226, ""selectedText"": ""We \""rent\"" our opt-in marketing list to outside marketers who have special offers that may be of interest to you. Please note that we \""rent\"" our marketing list, but we do not sell your information to third parties."", ""value"": ""Receive/Shared with""}}",5/1/14,http://www.zacks.com/privacy.php
13765,test_category_labeling_highlight_upitt,103,3740,3,User Choice/Control,"{""Choice Type"": {""endIndexInSegment"": 1111, ""startIndexInSegment"": 1000, ""selectedText"": ""As always, you can unsubscribe from these e-mails at any time by going to http://register.zacks.com/unisub.php."", ""value"": ""Opt-out link""}, ""Choice Scope"": {""endIndexInSegment"": 338, ""startIndexInSegment"": 262, ""selectedText"": ""to outside marketers who have special offers that may be of interest to you."", ""value"": ""Third party use""}, ""User Type"": {""endIndexInSegment"": -1, ""startIndexInSegment"": -1, ""value"": ""not-selected""}, ""Purpose"": {""endIndexInSegment"": 338, ""startIndexInSegment"": 225, ""selectedText"": ""We \""rent\"" our opt-in marketing list to outside marketers who have special offers that may be of interest to you."", ""value"": ""Advertising""}, ""Personal Information Type"": {""endIndexInSegment"": 1049, ""startIndexInSegment"": 1042, ""selectedText"": ""e-mails"", ""value"": ""Contact""}}",5/1/14,http://www.zacks.com/privacy.php
15322,test_category_labeling_highlight_upitt,95,3740,3,User Choice/Control,"{""Choice Type"": {""endIndexInSegment"": 209, ""startIndexInSegment"": 203, ""selectedText"": ""opt-in"", ""value"": ""Opt-in""}, ""Choice Scope"": {""endIndexInSegment"": 224, ""startIndexInSegment"": 120, ""selectedText"": ""we include the contact information you provide us on the Zacks Investment Research opt-in marketing list"", ""value"": ""First party use""}, ""User Type"": {""endIndexInSegment"": -1, ""startIndexInSegment"": -1, ""value"": ""Unspecified""}, ""Purpose"": {""endIndexInSegment"": 219, ""startIndexInSegment"": 210, ""selectedText"": ""marketing"", ""value"": ""Marketing""}, ""Personal Information Type"": {""endIndexInSegment"": 154, ""startIndexInSegment"": 135, ""selectedText"": ""contact information"", ""value"": ""Contact""}}",5/1/14,http://www.zacks.com/privacy.php
15324,test_category_labeling_highlight_upitt,95,3740,3,User Choice/Control,"{""Choice Type"": {""endIndexInSegment"": 1110, ""startIndexInSegment"": 1019, ""selectedText"": ""unsubscribe from these e-mails at any time by going to http://register.zacks.com/unisub.php"", ""value"": ""Opt-out link""}, ""Choice Scope"": {""endIndexInSegment"": 1049, ""startIndexInSegment"": 1019, ""selectedText"": ""unsubscribe from these e-mails"", ""value"": ""First party use""}, ""User Type"": {""endIndexInSegment"": -1, ""startIndexInSegment"": -1, ""value"": ""Unspecified""}, ""Purpose"": {""endIndexInSegment"": 939, ""startIndexInSegment"": 933, ""selectedText"": ""Market"", ""value"": ""Marketing""}, ""Personal Information Type"": {""endIndexInSegment"": 1049, ""startIndexInSegment"": 1042, ""selectedText"": ""e-mails"", ""value"": ""Contact""}}",5/1/14,http://www.zacks.com/privacy.php
24652,test_category_labeling_highlight_fordham_ddddd,118,3740,3,Third Party Sharing/Collection,"{""Third Party Entity"": {""selectedText"": ""to outside marketers"", ""startIndexInSegment"": 262, ""endIndexInSegment"": 282, ""value"": ""Named third party""}, ""Choice Scope"": {""selectedText"": ""As always, you can unsubscribe from these e-mails at any time"", ""startIndexInSegment"": 1000, ""endIndexInSegment"": 1061, ""value"": ""Use""}, ""Purpose"": {""selectedText"": ""who have special offers that may be of interest to you."", ""startIndexInSegment"": 283, ""endIndexInSegment"": 338, ""value"": ""Marketing""}, ""Personal Information Type"": {""selectedText"": ""our opt-in marketing list"", ""startIndexInSegment"": 236, ""endIndexInSegment"": 261, ""value"": ""Contact""}, ""Choice Type"": {""selectedText"": ""by going to http://register.zacks.com/unisub.php."", ""startIndexInSegment"": 1062, ""endIndexInSegment"": 1111, ""value"": ""Opt-out link""}, ""Identifiability"": {""selectedText"": ""Not selected"", ""startIndexInSegment"": -1, ""endIndexInSegment"": -1, ""value"": ""Unspecified""}, ""Does/Does Not"": {""selectedText"": ""We \""rent\"""", ""startIndexInSegment"": 226, ""endIndexInSegment"": 235, ""value"": ""Does""}, ""User Type"": {""selectedText"": ""Not selected"", ""startIndexInSegment"": -1, ""endIndexInSegment"": -1, ""value"": ""Unspecified""}, ""Action Third Party"": {""selectedText"": ""\""rent\"""", ""startIndexInSegment"": 229, ""endIndexInSegment"": 235, ""value"": ""Other""}}",5/1/14,http://www.zacks.com/privacy.php
24653,test_category_labeling_highlight_fordham_ddddd,118,3740,3,Other,"{""Other Type"": {""selectedText"": ""http://register.zacks.com/unisub.php"", ""startIndexInSegment"": 1074, ""endIndexInSegment"": 1110, ""value"": ""Other""}}",5/1/14,http://www.zacks.com/privacy.php
24654,test_category_labeling_highlight_fordham_ddddd,118,3740,3,Third Party Sharing/Collection,"{""Third Party Entity"": {""selectedText"": ""to third parties."", ""startIndexInSegment"": 422, ""endIndexInSegment"": 439, ""value"": ""Unnamed third party""}, ""Choice Scope"": {""selectedText"": ""Not selected"", ""startIndexInSegment"": -1, ""endIndexInSegment"": -1, ""value"": ""Unspecified""}, ""Purpose"": {""selectedText"": ""Not selected"", ""startIndexInSegment"": -1, ""endIndexInSegment"": -1, ""value"": ""Unspecified""}, ""Personal Information Type"": {""selectedText"": ""your information"", ""startIndexInSegment"": 405, ""endIndexInSegment"": 421, ""value"": ""Unspecified""}, ""Choice Type"": {""selectedText"": ""Not selected"", ""startIndexInSegment"": -1, ""endIndexInSegment"": -1, ""value"": ""Unspecified""}, ""Identifiability"": {""selectedText"": ""Not selected"", ""startIndexInSegment"": -1, ""endIndexInSegment"": -1, ""value"": ""Unspecified""}, ""Does/Does Not"": {""selectedText"": ""we do not"", ""startIndexInSegment"": 390, ""endIndexInSegment"": 399, ""value"": ""Does Not""}, ""User Type"": {""selectedText"": ""Not selected"", ""startIndexInSegment"": -1, ""endIndexInSegment"": -1, ""value"": ""Unspecified""}, ""Action Third Party"": {""selectedText"": ""sell"", ""startIndexInSegment"": 400, ""endIndexInSegment"": 404, ""value"": ""Other""}}",5/1/14,http://www.zacks.com/privacy.php
24656,test_category_labeling_highlight_fordham_ddddd,118,3740,3,Other,"{""Other Type"": {""selectedText"": ""Our goal is for the e-mails to be of value to you."", ""startIndexInSegment"": 949, ""endIndexInSegment"": 999, ""value"": ""Introductory/Generic""}}",5/1/14,http://www.zacks.com/privacy.php
24657,test_category_labeling_highlight_fordham_ddddd,118,3740,3,Data Security,"{""Security Measure"": {""selectedText"": ""Zacks Investment Research controls the process through an agreement with an e-mail service provider, which handles the distribution of e-mails from Zacks Investment Research and its business partners. We keep tight control over our marketing list at all times. We only give outside marketers the right to send you an e-mail through our e-mail service provider. Additionally, Zacks Investment Research is selective about which companies we permit to send you an offer. Zacks will use names for Market Research"", ""startIndexInSegment"": 440, ""endIndexInSegment"": 948, ""value"": ""Privacy/Security program""}}",5/1/14,http://www.zacks.com/privacy.php
C2858,test_category_labeling_highlight_upitt,95,3740,4,First Party Collection/Use,"{""Collection Mode"": {""endIndexInSegment"": 187, ""startIndexInSegment"": 99, ""selectedText"": ""submits personal postal and phone number information to Zacks Investment Research online"", ""value"": ""Explicit""}, ""Choice Scope"": {""endIndexInSegment"": 199, ""startIndexInSegment"": 188, ""selectedText"": ""may receive"", ""value"": ""Use""}, ""Action First-Party"": {""endIndexInSegment"": 187, ""startIndexInSegment"": 99, ""selectedText"": ""submits personal postal and phone number information to Zacks Investment Research online"", ""value"": ""Collect on website""}, ""Personal Information Type"": {""endIndexInSegment"": 151, ""startIndexInSegment"": 116, ""selectedText"": ""postal and phone number information"", ""value"": ""Contact""}, ""Choice Type"": {""endIndexInSegment"": 106, ""startIndexInSegment"": 86, ""selectedText"": ""Everyone who submits"", ""value"": ""Opt-in""}, ""Identifiability"": {""endIndexInSegment"": 151, ""startIndexInSegment"": 107, ""selectedText"": ""personal postal and phone number information"", ""value"": ""Unspecified""}, ""Does/Does Not"": {""endIndexInSegment"": 187, ""startIndexInSegment"": 86, ""selectedText"": ""Everyone who submits personal postal and phone number information to Zacks Investment Research online"", ""value"": ""Does""}, ""User Type"": {""endIndexInSegment"": -1, ""startIndexInSegment"": -1, ""value"": ""Unspecified""}, ""Purpose"": {""endIndexInSegment"": 244, ""startIndexInSegment"": 200, ""selectedText"": ""special direct mail and telemarketing offers"", ""value"": ""Marketing""}}",5/1/14,http://www.zacks.com/privacy.php
C2859,test_category_labeling_highlight_upitt,95,3740,4,Third Party Sharing/Collection,"{""Third Party Entity"": {""endIndexInSegment"": 421, ""startIndexInSegment"": 408, ""selectedText"": ""third parties"", ""value"": ""Unnamed third party""}, ""Choice Scope"": {""endIndexInSegment"": 199, ""startIndexInSegment"": 188, ""selectedText"": ""may receive"", ""value"": ""Use""}, ""Purpose"": {""endIndexInSegment"": 371, ""startIndexInSegment"": 356, ""selectedText"": ""marketing lists"", ""value"": ""Marketing""}, ""Personal Information Type"": {""endIndexInSegment"": 404, ""startIndexInSegment"": 388, ""selectedText"": ""your information"", ""value"": ""Unspecified""}, ""Choice Type"": {""endIndexInSegment"": 106, ""startIndexInSegment"": 86, ""selectedText"": ""Everyone who submits"", ""value"": ""Opt-in""}, ""Identifiability"": {""endIndexInSegment"": -1, ""startIndexInSegment"": -1, ""value"": ""Unspecified""}, ""Does/Does Not"": {""endIndexInSegment"": 382, ""startIndexInSegment"": 376, ""selectedText"": ""do not"", ""value"": ""Does Not""}, ""User Type"": {""endIndexInSegment"": -1, ""startIndexInSegment"": -1, ""value"": ""Unspecified""}, ""Action Third Party"": {""endIndexInSegment"": 387, ""startIndexInSegment"": 383, ""selectedText"": ""sell"", ""value"": ""Other""}}",5/1/14,http://www.zacks.com/privacy.php
13767,test_category_labeling_highlight_upitt,103,3740,4,Third Party Sharing/Collection,"{""Third Party Entity"": {""endIndexInSegment"": 421, ""startIndexInSegment"": 408, ""selectedText"": ""third parties"", ""value"": ""Unnamed third party""}, ""Choice Scope"": {""endIndexInSegment"": 1158, ""startIndexInSegment"": 1112, ""selectedText"": ""unsubscribe from these direct marketing offers"", ""value"": ""Use""}, ""Purpose"": {""endIndexInSegment"": 1092, ""startIndexInSegment"": 678, ""selectedText"": ""Outside marketers are only given the right to send you a piece of direct mail through our bureau or call you through a telemarketing firm with our approval. All phone numbers on the Zacks telemarketing list are processed through the National Do Not Call Directory to remove anyone registered there. Zacks Investment Research is selective about the companies we permit to send your offers and the offers being sent."", ""value"": ""Marketing""}, ""Personal Information Type"": {""endIndexInSegment"": 371, ""startIndexInSegment"": 335, ""selectedText"": ""our postal and phone marketing lists"", ""value"": ""Contact""}, ""Choice Type"": {""endIndexInSegment"": 1258, ""startIndexInSegment"": 1093, ""selectedText"": ""Naturally, you can unsubscribe from these direct marketing offers at any time by calling us at 1-800-767-3771 ext. 9339 or emailing your request to support@zacks.com"", ""value"": ""Opt-out via contacting company""}, ""Identifiability"": {""endIndexInSegment"": -1, ""startIndexInSegment"": -1, ""value"": ""not-selected""}, ""Does/Does Not"": {""endIndexInSegment"": -1, ""startIndexInSegment"": -1, ""value"": ""Does""}, ""User Type"": {""endIndexInSegment"": 187, ""startIndexInSegment"": 86, ""selectedText"": ""Everyone who submits personal postal and phone number information to Zacks Investment Research online"", ""value"": ""Other""}, ""Action Third Party"": {""endIndexInSegment"": 334, ""startIndexInSegment"": 300, ""selectedText"": ""As with our other lists, we \""rent\"""", ""value"": ""Receive/Shared with""}}",5/1/14,http://www.zacks.com/privacy.php
13768,test_category_labeling_highlight_upitt,103,3740,4,Third Party Sharing/Collection,"{""Third Party Entity"": {""endIndexInSegment"": 422, ""startIndexInSegment"": 408, ""selectedText"": ""third parties."", ""value"": ""Unnamed third party""}, ""Choice Scope"": {""endIndexInSegment"": -1, ""startIndexInSegment"": -1, ""value"": ""not-selected""}, ""Purpose"": {""endIndexInSegment"": -1, ""startIndexInSegment"": -1, ""value"": ""Unspecified""}, ""Personal Information Type"": {""endIndexInSegment"": 404, ""startIndexInSegment"": 388, ""selectedText"": ""your information"", ""value"": ""Unspecified""}, ""Choice Type"": {""endIndexInSegment"": -1, ""startIndexInSegment"": -1, ""value"": ""not-selected""}, ""Identifiability"": {""endIndexInSegment"": -1, ""startIndexInSegment"": -1, ""value"": ""not-selected""}, ""Does/Does Not"": {""endIndexInSegment"": 382, ""startIndexInSegment"": 376, ""selectedText"": ""do not"", ""value"": ""Does Not""}, ""User Type"": {""endIndexInSegment"": -1, ""startIndexInSegment"": -1, ""value"": ""not-selected""}, ""Action Third Party"": {""endIndexInSegment"": 387, ""startIndexInSegment"": 376, ""selectedText"": ""do not sell"", ""value"": ""Other""}}",5/1/14,http://www.zacks.com/privacy.php
15347,test_category_labeling_highlight_upitt,95,3740,4,Third Party Sharing/Collection,"{""Third Party Entity"": {""endIndexInSegment"": 267, ""startIndexInSegment"": 250, ""selectedText"": ""outside marketers"", ""value"": ""Unnamed third party""}, ""Choice Scope"": {""endIndexInSegment"": 199, ""startIndexInSegment"": 188, ""selectedText"": ""may receive"", ""value"": ""Use""}, ""Purpose"": {""endIndexInSegment"": 371, ""startIndexInSegment"": 356, ""selectedText"": ""marketing lists"", ""value"": ""Marketing""}, ""Personal Information Type"": {""endIndexInSegment"": 355, ""startIndexInSegment"": 339, ""selectedText"": ""postal and phone"", ""value"": ""Contact""}, ""Choice Type"": {""endIndexInSegment"": 106, ""startIndexInSegment"": 86, ""selectedText"": ""Everyone who submits"", ""value"": ""Opt-in""}, ""Identifiability"": {""endIndexInSegment"": -1, ""startIndexInSegment"": -1, ""value"": ""Unspecified""}, ""Does/Does Not"": {""endIndexInSegment"": 199, ""startIndexInSegment"": 188, ""selectedText"": ""may receive"", ""value"": ""Does""}, ""User Type"": {""endIndexInSegment"": -1, ""startIndexInSegment"": -1, ""value"": ""Unspecified""}, ""Action Third Party"": {""endIndexInSegment"": 334, ""startIndexInSegment"": 328, ""selectedText"": ""\""rent\"""", ""value"": ""Other""}}",5/1/14,http://www.zacks.com/privacy.php
15352,test_category_labeling_highlight_upitt,95,3740,4,User Choice/Control,"{""Choice Type"": {""endIndexInSegment"": 1258, ""startIndexInSegment"": 1174, ""selectedText"": ""calling us at 1-800-767-3771 ext. 9339 or emailing your request to support@zacks.com"", ""value"": ""Opt-out via contacting company""}, ""Choice Scope"": {""endIndexInSegment"": 1158, ""startIndexInSegment"": 1135, ""selectedText"": ""direct marketing offers"", ""value"": ""First party use""}, ""User Type"": {""endIndexInSegment"": -1, ""startIndexInSegment"": -1, ""value"": ""Unspecified""}, ""Purpose"": {""endIndexInSegment"": 1151, ""startIndexInSegment"": 1142, ""selectedText"": ""marketing"", ""value"": ""Marketing""}, ""Personal Information Type"": {""endIndexInSegment"": -1, ""startIndexInSegment"": -1, ""value"": ""Unspecified""}}",5/1/14,http://www.zacks.com/privacy.php
24658,test_category_labeling_highlight_fordham_ddddd,118,3740,4,Data Security,"{""Security Measure"": {""selectedText"": ""Zacks Investment Research controls the process through an agreement with a postal list service bureau and phone call centers, which handles the distribution of direct mail and telemarketing offers from Zacks Investment Research and its business partners. Outside marketers are only given the right to send you a piece of direct mail through our bureau or call you through a telemarketing firm with our approval. All phone numbers on the Zacks telemarketing list are processed through the National Do Not Call Directory to remove anyone registered there. Zacks Investment Research is selective about the companies we permit to send your offers and the offers being sent."", ""startIndexInSegment"": 423, ""endIndexInSegment"": 1092, ""value"": ""Privacy/Security program""}}",5/1/14,http://www.zacks.com/privacy.php
24660,test_category_labeling_highlight_fordham_ddddd,118,3740,4,Third Party Sharing/Collection,"{""Third Party Entity"": {""selectedText"": ""outside marketers"", ""startIndexInSegment"": 250, ""endIndexInSegment"": 267, ""value"": ""Named third party""}, ""Choice Scope"": {""selectedText"": ""personal postal and phone number information to Zacks Investment Research online"", ""startIndexInSegment"": 107, ""endIndexInSegment"": 187, ""value"": ""Collection""}, ""Purpose"": {""selectedText"": ""may receive special direct mail and telemarketing offers from outside marketers that may be of interest to you."", ""startIndexInSegment"": 188, ""endIndexInSegment"": 299, ""value"": ""Marketing""}, ""Personal Information Type"": {""selectedText"": ""personal postal and phone number information"", ""startIndexInSegment"": 107, ""endIndexInSegment"": 151, ""value"": ""Contact""}, ""Choice Type"": {""selectedText"": ""submits"", ""startIndexInSegment"": 99, ""endIndexInSegment"": 106, ""value"": ""Opt-in""}, ""Identifiability"": {""selectedText"": ""Not selected"", ""startIndexInSegment"": -1, ""endIndexInSegment"": -1, ""value"": ""Unspecified""}, ""Does/Does Not"": {""selectedText"": ""null"", ""startIndexInSegment"": -1, ""endIndexInSegment"": -1, ""value"": ""Does""}, ""User Type"": {""selectedText"": ""Everyone who"", ""startIndexInSegment"": 86, ""endIndexInSegment"": 98, ""value"": ""Unspecified""}, ""Action Third Party"": {""selectedText"": ""As with our other lists, we \""rent\"" our postal and phone marketing lists"", ""startIndexInSegment"": 300, ""endIndexInSegment"": 371, ""value"": ""Other""}}",5/1/14,http://www.zacks.com/privacy.php
24662,test_category_labeling_highlight_fordham_ddddd,118,3740,4,Third Party Sharing/Collection,"{""Third Party Entity"": {""selectedText"": ""outside marketers"", ""startIndexInSegment"": 250, ""endIndexInSegment"": 267, ""value"": ""Named third party""}, ""Choice Scope"": {""selectedText"": ""Naturally, you can unsubscribe from these direct marketing offers at any time"", ""startIndexInSegment"": 1093, ""endIndexInSegment"": 1170, ""value"": ""Use""}, ""Purpose"": {""selectedText"": ""may receive special direct mail and telemarketing offers from outside marketers that may be of interest to you."", ""startIndexInSegment"": 188, ""endIndexInSegment"": 299, ""value"": ""Marketing""}, ""Personal Information Type"": {""selectedText"": ""personal postal and phone number information"", ""startIndexInSegment"": 107, ""endIndexInSegment"": 151, ""value"": ""Contact""}, ""Choice Type"": {""selectedText"": ""by calling us at 1-800-767-3771 ext. 9339 or emailing your request to support@zacks.com."", ""startIndexInSegment"": 1171, ""endIndexInSegment"": 1259, ""value"": ""Opt-out via contacting company""}, ""Identifiability"": {""selectedText"": ""Not selected"", ""startIndexInSegment"": -1, ""endIndexInSegment"": -1, ""value"": ""Unspecified""}, ""Does/Does Not"": {""selectedText"": ""null"", ""startIndexInSegment"": -1, ""endIndexInSegment"": -1, ""value"": ""Does""}, ""User Type"": {""selectedText"": ""Everyone who"", ""startIndexInSegment"": 86, ""endIndexInSegment"": 98, ""value"": ""Unspecified""}, ""Action Third Party"": {""selectedText"": ""As with our other lists, we \""rent\"" our postal and phone marketing lists"", ""startIndexInSegment"": 300, ""endIndexInSegment"": 371, ""value"": ""Other""}}",5/1/14,http://www.zacks.com/privacy.php
24663,test_category_labeling_highlight_fordham_ddddd,118,3740,4,Other,"{""Other Type"": {""selectedText"": ""calling us at 1-800-767-3771 ext. 9339 or emailing your request to support@zacks.com."", ""startIndexInSegment"": 1174, ""endIndexInSegment"": 1259, ""value"": ""Privacy contact information""}}",5/1/14,http://www.zacks.com/privacy.php
C2860,test_category_labeling_highlight_upitt,103,3740,5,Third Party Sharing/Collection,"{""Third Party Entity"": {""endIndexInSegment"": 425, ""startIndexInSegment"": 400, ""selectedText"": ""our credit card processor"", ""value"": ""Named third party""}, ""Choice Scope"": {""endIndexInSegment"": -1, ""startIndexInSegment"": -1, ""value"": ""not-selected""}, ""Purpose"": {""endIndexInSegment"": 463, ""startIndexInSegment"": 426, ""selectedText"": ""in order to complete the transaction."", ""value"": ""Basic service/feature""}, ""Personal Information Type"": {""endIndexInSegment"": 335, ""startIndexInSegment"": 307, ""selectedText"": ""your credit card information"", ""value"": ""Financial""}, ""Choice Type"": {""endIndexInSegment"": -1, ""startIndexInSegment"": -1, ""value"": ""not-selected""}, ""Identifiability"": {""endIndexInSegment"": -1, ""startIndexInSegment"": -1, ""value"": ""not-selected""}, ""Does/Does Not"": {""endIndexInSegment"": -1, ""startIndexInSegment"": -1, ""value"": ""Does""}, ""User Type"": {""endIndexInSegment"": 375, ""startIndexInSegment"": 358, ""selectedText"": ""your subscription"", ""value"": ""User with account""}, ""Action Third Party"": {""endIndexInSegment"": 389, ""startIndexInSegment"": 376, ""selectedText"": ""It is shared"", ""value"": ""Receive/Shared with""}}",5/1/14,http://www.zacks.com/privacy.php
C2861,test_category_labeling_highlight_fordham_ddddd,118,3740,5,First Party Collection/Use,"{""Collection Mode"": {""selectedText"": ""Not selected"", ""startIndexInSegment"": -1, ""endIndexInSegment"": -1, ""value"": ""Unspecified""}, ""Choice Scope"": {""selectedText"": ""Not selected"", ""startIndexInSegment"": -1, ""endIndexInSegment"": -1, ""value"": ""Unspecified""}, ""Action First-Party"": {""selectedText"": ""Not selected"", ""startIndexInSegment"": -1, ""endIndexInSegment"": -1, ""value"": ""Unspecified""}, ""Personal Information Type"": {""selectedText"": ""your credit card information"", ""startIndexInSegment"": 307, ""endIndexInSegment"": 335, ""value"": ""Financial""}, ""Choice Type"": {""selectedText"": ""Not selected"", ""startIndexInSegment"": -1, ""endIndexInSegment"": -1, ""value"": ""Unspecified""}, ""Identifiability"": {""selectedText"": ""Not selected"", ""startIndexInSegment"": -1, ""endIndexInSegment"": -1, ""value"": ""Unspecified""}, ""Does/Does Not"": {""selectedText"": ""We collect"", ""startIndexInSegment"": 296, ""endIndexInSegment"": 306, ""value"": ""Does""}, ""User Type"": {""selectedText"": ""registration."", ""startIndexInSegment"": 282, ""endIndexInSegment"": 295, ""value"": ""User with account""}, ""Purpose"": {""selectedText"": ""solely for payment of your subscription."", ""startIndexInSegment"": 336, ""endIndexInSegment"": 376, ""value"": ""Basic service/feature""}}",5/1/14,http://www.zacks.com/privacy.php
13782,test_category_labeling_highlight_upitt,103,3740,5,User Choice/Control,"{""Choice Type"": {""endIndexInSegment"": 295, ""startIndexInSegment"": 43, ""selectedText"": ""If you subscribe to the Zacks Premium subscription service, you will be included in our internal email and postal marketing lists. You will only be added to the Opt-In Marketing list if you do not uncheck the offer box included as part of registration."", ""value"": ""Opt-in""}, ""Choice Scope"": {""endIndexInSegment"": 173, ""startIndexInSegment"": 101, ""selectedText"": "", you will be included in our internal email and postal marketing lists."", ""value"": ""First party use""}, ""User Type"": {""endIndexInSegment"": 101, ""startIndexInSegment"": 43, ""selectedText"": ""If you subscribe to the Zacks Premium subscription service"", ""value"": ""User with account""}, ""Purpose"": {""endIndexInSegment"": 173, ""startIndexInSegment"": 131, ""selectedText"": ""internal email and postal marketing lists."", ""value"": ""Marketing""}, ""Personal Information Type"": {""endIndexInSegment"": -1, ""startIndexInSegment"": -1, ""value"": ""Unspecified""}}",5/1/14,http://www.zacks.com/privacy.php
15353,test_category_labeling_highlight_upitt,95,3740,5,User Choice/Control,"{""Choice Type"": {""endIndexInSegment"": 59, ""startIndexInSegment"": 43, ""selectedText"": ""If you subscribe"", ""value"": ""Opt-in""}, ""Choice Scope"": {""endIndexInSegment"": 173, ""startIndexInSegment"": 103, ""selectedText"": ""you will be included in our internal email and postal marketing lists."", ""value"": ""First party use""}, ""User Type"": {""endIndexInSegment"": -1, ""startIndexInSegment"": -1, ""value"": ""Unspecified""}, ""Purpose"": {""endIndexInSegment"": 166, ""startIndexInSegment"": 157, ""selectedText"": ""marketing"", ""value"": ""Marketing""}, ""Personal Information Type"": {""endIndexInSegment"": 156, ""startIndexInSegment"": 140, ""selectedText"": ""email and postal"", ""value"": ""Contact""}}",5/1/14,http://www.zacks.com/privacy.php
15355,test_category_labeling_highlight_upitt,95,3740,5,First Party Collection/Use,"{""Collection Mode"": {""endIndexInSegment"": -1, ""startIndexInSegment"": -1, ""value"": ""Unspecified""}, ""Choice Scope"": {""endIndexInSegment"": 306, ""startIndexInSegment"": 299, ""selectedText"": ""collect"", ""value"": ""Collection""}, ""Action First-Party"": {""endIndexInSegment"": -1, ""startIndexInSegment"": -1, ""value"": ""Unspecified""}, ""Personal Information Type"": {""endIndexInSegment"": 335, ""startIndexInSegment"": 312, ""selectedText"": ""credit card information"", ""value"": ""Financial""}, ""Choice Type"": {""endIndexInSegment"": 375, ""startIndexInSegment"": 296, ""selectedText"": ""We collect your credit card information solely for payment of your subscription"", ""value"": ""Dont use service/feature""}, ""Identifiability"": {""endIndexInSegment"": 335, ""startIndexInSegment"": 312, ""selectedText"": ""credit card information"", ""value"": ""Identifiable""}, ""Does/Does Not"": {""endIndexInSegment"": 306, ""startIndexInSegment"": 296, ""selectedText"": ""We collect"", ""value"": ""Does""}, ""User Type"": {""endIndexInSegment"": -1, ""startIndexInSegment"": -1, ""value"": ""Unspecified""}, ""Purpose"": {""endIndexInSegment"": 375, ""startIndexInSegment"": 347, ""selectedText"": ""payment of your subscription"", ""value"": ""Basic service/feature""}}",5/1/14,http://www.zacks.com/privacy.php
24625,test_category_labeling_highlight_fordham_ddddd,118,3740,5,First Party Collection/Use,"{""Collection Mode"": {""selectedText"": ""if you do not uncheck the offer box"", ""startIndexInSegment"": 226, ""endIndexInSegment"": 261, ""value"": ""Explicit""}, ""Choice Scope"": {""selectedText"": ""added to the Opt-In Marketing list"", ""startIndexInSegment"": 191, ""endIndexInSegment"": 225, ""value"": ""Use""}, ""Action First-Party"": {""selectedText"": ""Not selected"", ""startIndexInSegment"": -1, ""endIndexInSegment"": -1, ""value"": ""Unspecified""}, ""Personal Information Type"": {""selectedText"": ""email and postal"", ""startIndexInSegment"": 140, ""endIndexInSegment"": 156, ""value"": ""Contact""}, ""Choice Type"": {""selectedText"": ""uncheck the offer box"", ""startIndexInSegment"": 240, ""endIndexInSegment"": 261, ""value"": ""Other""}, ""Identifiability"": {""selectedText"": ""Not selected"", ""startIndexInSegment"": -1, ""endIndexInSegment"": -1, ""value"": ""Unspecified""}, ""Does/Does Not"": {""selectedText"": ""you will be included in our internal email and postal marketing lists."", ""startIndexInSegment"": 103, ""endIndexInSegment"": 173, ""value"": ""Does""}, ""User Type"": {""selectedText"": ""You will only be added to the Opt-In Marketing list if you do not uncheck the offer box included as part of registration."", ""startIndexInSegment"": 174, ""endIndexInSegment"": 295, ""value"": ""User with account""}, ""Purpose"": {""selectedText"": ""marketing"", ""startIndexInSegment"": 157, ""endIndexInSegment"": 166, ""value"": ""Marketing""}}",5/1/14,http://www.zacks.com/privacy.php
24627,test_category_labeling_highlight_fordham_ddddd,118,3740,5,Third Party Sharing/Collection,"{""Third Party Entity"": {""selectedText"": ""our credit card processor"", ""startIndexInSegment"": 400, ""endIndexInSegment"": 425, ""value"": ""Named third party""}, ""Choice Scope"": {""selectedText"": ""Not selected"", ""startIndexInSegment"": -1, ""endIndexInSegment"": -1, ""value"": ""Unspecified""}, ""Purpose"": {""selectedText"": ""in order to complete the transaction."", ""startIndexInSegment"": 426, ""endIndexInSegment"": 463, ""value"": ""Basic service/feature""}, ""Personal Information Type"": {""selectedText"": ""your credit card information"", ""startIndexInSegment"": 307, ""endIndexInSegment"": 335, ""value"": ""Financial""}, ""Choice Type"": {""selectedText"": ""Not selected"", ""startIndexInSegment"": -1, ""endIndexInSegment"": -1, ""value"": ""Unspecified""}, ""Identifiability"": {""selectedText"": ""Not selected"", ""startIndexInSegment"": -1, ""endIndexInSegment"": -1, ""value"": ""Unspecified""}, ""Does/Does Not"": {""selectedText"": ""It is"", ""startIndexInSegment"": 377, ""endIndexInSegment"": 382, ""value"": ""Does""}, ""User Type"": {""selectedText"": ""registration."", ""startIndexInSegment"": 282, ""endIndexInSegment"": 295, ""value"": ""User with account""}, ""Action Third Party"": {""selectedText"": ""shared only with"", ""startIndexInSegment"": 383, ""endIndexInSegment"": 399, ""value"": ""Receive/Shared with""}}",5/1/14,http://www.zacks.com/privacy.php
13787,test_category_labeling_highlight_upitt,103,3740,6,User Choice/Control,"{""Choice Type"": {""endIndexInSegment"": 221, ""startIndexInSegment"": 45, ""selectedText"": ""In various registration processes on the Zacks web site, we offer you the opportunity to take free offers from third-party publishers by checking an \""opt-in\"" box by each offer."", ""value"": ""Opt-in""}, ""Choice Scope"": {""endIndexInSegment"": 359, ""startIndexInSegment"": 313, ""selectedText"": ""will be shared with the appropriate publisher."", ""value"": ""Third party sharing/collection""}, ""User Type"": {""endIndexInSegment"": 78, ""startIndexInSegment"": 56, ""selectedText"": ""registration processes"", ""value"": ""User with account""}, ""Purpose"": {""endIndexInSegment"": 178, ""startIndexInSegment"": 100, ""selectedText"": "", we offer you the opportunity to take free offers from third-party publishers"", ""value"": ""Advertising""}, ""Personal Information Type"": {""endIndexInSegment"": 312, ""startIndexInSegment"": 221, ""selectedText"": ""If you check any box to receive an offer, your name, email address, and/or mailing address"", ""value"": ""Contact""}}",5/1/14,http://www.zacks.com/privacy.php
15359,test_category_labeling_highlight_upitt,95,3740,6,User Choice/Control,"{""Choice Type"": {""endIndexInSegment"": 206, ""startIndexInSegment"": 194, ""selectedText"": ""\""opt-in\"" box"", ""value"": ""Opt-in""}, ""Choice Scope"": {""endIndexInSegment"": 359, ""startIndexInSegment"": 264, ""selectedText"": ""your name, email address, and/or mailing address will be shared with the appropriate publisher."", ""value"": ""Third party sharing/collection""}, ""User Type"": {""endIndexInSegment"": -1, ""startIndexInSegment"": -1, ""value"": ""Unspecified""}, ""Purpose"": {""endIndexInSegment"": 150, ""startIndexInSegment"": 139, ""selectedText"": ""free offers"", ""value"": ""Marketing""}, ""Personal Information Type"": {""endIndexInSegment"": 312, ""startIndexInSegment"": 269, ""selectedText"": ""name, email address, and/or mailing address"", ""value"": ""Contact""}}",5/1/14,http://www.zacks.com/privacy.php
24628,test_category_labeling_highlight_fordham_ddddd,118,3740,6,Third Party Sharing/Collection,"{""Third Party Entity"": {""selectedText"": ""the appropriate publisher."", ""startIndexInSegment"": 333, ""endIndexInSegment"": 359, ""value"": ""Named third party""}, ""Choice Scope"": {""selectedText"": ""we offer you the opportunity to take free offers from third-party publishers"", ""startIndexInSegment"": 102, ""endIndexInSegment"": 178, ""value"": ""Both""}, ""Purpose"": {""selectedText"": ""If you check any box to receive an offer,"", ""startIndexInSegment"": 222, ""endIndexInSegment"": 263, ""value"": ""Marketing""}, ""Personal Information Type"": {""selectedText"": ""your name, email address, and/or mailing address"", ""startIndexInSegment"": 264, ""endIndexInSegment"": 312, ""value"": ""Contact""}, ""Choice Type"": {""selectedText"": ""by checking an \""opt-in\"" box by each offer."", ""startIndexInSegment"": 179, ""endIndexInSegment"": 221, ""value"": ""Opt-in""}, ""Identifiability"": {""selectedText"": ""Not selected"", ""startIndexInSegment"": -1, ""endIndexInSegment"": -1, ""value"": ""Unspecified""}, ""Does/Does Not"": {""selectedText"": ""will be"", ""startIndexInSegment"": 313, ""endIndexInSegment"": 320, ""value"": ""Does""}, ""User Type"": {""selectedText"": ""In various registration processes on the Zacks web site,"", ""startIndexInSegment"": 45, ""endIndexInSegment"": 101, ""value"": ""User with account""}, ""Action Third Party"": {""selectedText"": ""shared with"", ""startIndexInSegment"": 321, ""endIndexInSegment"": 332, ""value"": ""Receive/Shared with""}}",5/1/14,http://www.zacks.com/privacy.php
C2862,test_category_labeling_highlight_fordham_ddddd,118,3740,7,First Party Collection/Use,"{""Collection Mode"": {""selectedText"": ""If you decide to subscribe to any of our paid newsletters,"", ""startIndexInSegment"": 53, ""endIndexInSegment"": 111, ""value"": ""Explicit""}, ""Choice Scope"": {""selectedText"": ""subscribe to any of our paid newsletters, we collect your credit card information solely for payment of your subscription,"", ""startIndexInSegment"": 70, ""endIndexInSegment"": 192, ""value"": ""Both""}, ""Action First-Party"": {""selectedText"": ""Not selected"", ""startIndexInSegment"": -1, ""endIndexInSegment"": -1, ""value"": ""Unspecified""}, ""Personal Information Type"": {""selectedText"": ""your credit card information"", ""startIndexInSegment"": 123, ""endIndexInSegment"": 151, ""value"": ""Financial""}, ""Choice Type"": {""selectedText"": ""If you decide to"", ""startIndexInSegment"": 53, ""endIndexInSegment"": 69, ""value"": ""Opt-in""}, ""Identifiability"": {""selectedText"": ""Not selected"", ""startIndexInSegment"": -1, ""endIndexInSegment"": -1, ""value"": ""Unspecified""}, ""Does/Does Not"": {""selectedText"": ""we collect"", ""startIndexInSegment"": 112, ""endIndexInSegment"": 122, ""value"": ""Does""}, ""User Type"": {""selectedText"": ""Not selected"", ""startIndexInSegment"": -1, ""endIndexInSegment"": -1, ""value"": ""Unspecified""}, ""Purpose"": {""selectedText"": ""solely for payment of your subscription,"", ""startIndexInSegment"": 152, ""endIndexInSegment"": 192, ""value"": ""Service Operation and Security""}}",5/1/14,http://www.zacks.com/privacy.php
C2863,test_category_labeling_highlight_fordham_ddddd,118,3740,7,Third Party Sharing/Collection,"{""Third Party Entity"": {""selectedText"": ""our credit card processor"", ""startIndexInSegment"": 220, ""endIndexInSegment"": 245, ""value"": ""Named third party""}, ""Choice Scope"": {""selectedText"": ""Not selected"", ""startIndexInSegment"": -1, ""endIndexInSegment"": -1, ""value"": ""Unspecified""}, ""Purpose"": {""selectedText"": ""in order to complete the transaction."", ""startIndexInSegment"": 246, ""endIndexInSegment"": 283, ""value"": ""Service operation and security""}, ""Personal Information Type"": {""selectedText"": ""your credit card information"", ""startIndexInSegment"": 123, ""endIndexInSegment"": 151, ""value"": ""Financial""}, ""Choice Type"": {""selectedText"": ""Not selected"", ""startIndexInSegment"": -1, ""endIndexInSegment"": -1, ""value"": ""Unspecified""}, ""Identifiability"": {""selectedText"": ""Not selected"", ""startIndexInSegment"": -1, ""endIndexInSegment"": -1, ""value"": ""Unspecified""}, ""Does/Does Not"": {""selectedText"": ""is"", ""startIndexInSegment"": 200, ""endIndexInSegment"": 202, ""value"": ""Does""}, ""User Type"": {""selectedText"": ""Not selected"", ""startIndexInSegment"": -1, ""endIndexInSegment"": -1, ""value"": ""Unspecified""}, ""Action Third Party"": {""selectedText"": ""shared only with"", ""startIndexInSegment"": 203, ""endIndexInSegment"": 219, ""value"": ""Receive/Shared with""}}",5/1/14,http://www.zacks.com/privacy.php
15375,test_category_labeling_highlight_upitt,95,3740,7,User Choice/Control,"{""Choice Type"": {""endIndexInSegment"": 79, ""startIndexInSegment"": 53, ""selectedText"": ""If you decide to subscribe"", ""value"": ""Opt-in""}, ""Choice Scope"": {""endIndexInSegment"": 122, ""startIndexInSegment"": 112, ""selectedText"": ""we collect"", ""value"": ""First party collection""}, ""User Type"": {""endIndexInSegment"": -1, ""startIndexInSegment"": -1, ""value"": ""Unspecified""}, ""Purpose"": {""endIndexInSegment"": 191, ""startIndexInSegment"": 152, ""selectedText"": ""solely for payment of your subscription"", ""value"": ""Basic service/feature""}, ""Personal Information Type"": {""endIndexInSegment"": 151, ""startIndexInSegment"": 128, ""selectedText"": ""credit card information"", ""value"": ""Financial""}}",5/1/14,http://www.zacks.com/privacy.php
15376,test_category_labeling_highlight_upitt,95,3740,7,Third Party Sharing/Collection,"{""Third Party Entity"": {""endIndexInSegment"": 245, ""startIndexInSegment"": 224, ""selectedText"": ""credit card processor"", ""value"": ""Unnamed third party""}, ""Choice Scope"": {""endIndexInSegment"": 209, ""startIndexInSegment"": 203, ""selectedText"": ""shared"", ""value"": ""Use""}, ""Purpose"": {""endIndexInSegment"": 283, ""startIndexInSegment"": 258, ""selectedText"": ""complete the transaction."", ""value"": ""Basic service/feature""}, ""Personal Information Type"": {""endIndexInSegment"": 151, ""startIndexInSegment"": 128, ""selectedText"": ""credit card information"", ""value"": ""Financial""}, ""Choice Type"": {""endIndexInSegment"": 79, ""startIndexInSegment"": 53, ""selectedText"": ""If you decide to subscribe"", ""value"": ""Opt-in""}, ""Identifiability"": {""endIndexInSegment"": 151, ""startIndexInSegment"": 128, ""selectedText"": ""credit card information"", ""value"": ""Identifiable""}, ""Does/Does Not"": {""endIndexInSegment"": 209, ""startIndexInSegment"": 197, ""selectedText"": ""it is shared"", ""value"": ""Does""}, ""User Type"": {""endIndexInSegment"": -1, ""startIndexInSegment"": -1, ""value"": ""Unspecified""}, ""Action Third Party"": {""endIndexInSegment"": 209, ""startIndexInSegment"": 203, ""selectedText"": ""shared"", ""value"": ""Receive/Shared with""}}",5/1/14,http://www.zacks.com/privacy.php
C2864,test_category_labeling_highlight_fordham_ddddd,118,3740,8,First Party Collection/Use,"{""Collection Mode"": {""selectedText"": ""These technologies allow us to recognize your preference information, keep track of the choices you make"", ""startIndexInSegment"": 181, ""endIndexInSegment"": 285, ""value"": ""Implicit""}, ""Choice Scope"": {""selectedText"": ""You may elect to refuse cookies."", ""startIndexInSegment"": 383, ""endIndexInSegment"": 415, ""value"": ""Collection""}, ""Action First-Party"": {""selectedText"": ""Not selected"", ""startIndexInSegment"": -1, ""endIndexInSegment"": -1, ""value"": ""Unspecified""}, ""Personal Information Type"": {""selectedText"": ""cookies, tags, pixels and similar technologies"", ""startIndexInSegment"": 90, ""endIndexInSegment"": 136, ""value"": ""Cookies and tracking elements""}, ""Choice Type"": {""selectedText"": ""Please refer to your browser''s Help instructions to learn more about cookies."", ""startIndexInSegment"": 416, ""endIndexInSegment"": 494, ""value"": ""Browser/device privacy controls""}, ""Identifiability"": {""selectedText"": ""Not selected"", ""startIndexInSegment"": -1, ""endIndexInSegment"": -1, ""value"": ""Unspecified""}, ""Does/Does Not"": {""selectedText"": ""Zacks Investment Research uses"", ""startIndexInSegment"": 59, ""endIndexInSegment"": 89, ""value"": ""Does""}, ""User Type"": {""selectedText"": ""Not selected"", ""startIndexInSegment"": -1, ""endIndexInSegment"": -1, ""value"": ""Unspecified""}, ""Purpose"": {""selectedText"": ""recognize your preference information, keep track of the choices you make concerning the e-mails you wish to receive, and to facilitate effective Web site administration."", ""startIndexInSegment"": 212, ""endIndexInSegment"": 382, ""value"": ""Service Operation and Security""}}",5/1/14,http://www.zacks.com/privacy.php
15377,test_category_labeling_highlight_upitt,95,3740,8,User Choice/Control,"{""Choice Type"": {""endIndexInSegment"": 465, ""startIndexInSegment"": 432, ""selectedText"": ""your browser''s Help instructions"", ""value"": ""Browser/device privacy controls""}, ""Choice Scope"": {""endIndexInSegment"": 414, ""startIndexInSegment"": 391, ""selectedText"": ""elect to refuse cookies"", ""value"": ""Unspecified""}, ""User Type"": {""endIndexInSegment"": -1, ""startIndexInSegment"": -1, ""value"": ""Unspecified""}, ""Purpose"": {""endIndexInSegment"": 250, ""startIndexInSegment"": 212, ""selectedText"": ""recognize your preference information,"", ""value"": ""Personalization/Customization""}, ""Personal Information Type"": {""endIndexInSegment"": -1, ""startIndexInSegment"": -1, ""value"": ""Unspecified""}}",5/1/14,http://www.zacks.com/privacy.php
15378,test_category_labeling_highlight_upitt,95,3740,8,User Choice/Control,"{""Choice Type"": {""endIndexInSegment"": 465, ""startIndexInSegment"": 432, ""selectedText"": ""your browser''s Help instructions"", ""value"": ""Browser/device privacy controls""}, ""Choice Scope"": {""endIndexInSegment"": 414, ""startIndexInSegment"": 391, ""selectedText"": ""elect to refuse cookies"", ""value"": ""Unspecified""}, ""User Type"": {""endIndexInSegment"": -1, ""startIndexInSegment"": -1, ""value"": ""Unspecified""}, ""Purpose"": {""endIndexInSegment"": 381, ""startIndexInSegment"": 337, ""selectedText"": ""facilitate effective Web site administration"", ""value"": ""Service Operation and Security""}, ""Personal Information Type"": {""endIndexInSegment"": -1, ""startIndexInSegment"": -1, ""value"": ""Unspecified""}}",5/1/14,http://www.zacks.com/privacy.php
C2865,test_category_labeling_highlight_fordham_ddddd,118,3740,9,User Choice/Control,"{""Choice Type"": {""selectedText"": ""unsubscribe from a Zacks offer sent by another list vendor,"", ""startIndexInSegment"": 119, ""endIndexInSegment"": 178, ""value"": ""Unspecified""}, ""Choice Scope"": {""selectedText"": ""as well as any other Zacks mailings done through a third party."", ""startIndexInSegment"": 358, ""endIndexInSegment"": 421, ""value"": ""Third party use""}, ""User Type"": {""selectedText"": ""Not selected"", ""startIndexInSegment"": -1, ""endIndexInSegment"": -1, ""value"": ""Unspecified""}, ""Purpose"": {""selectedText"": ""Not selected"", ""startIndexInSegment"": -1, ""endIndexInSegment"": -1, ""value"": ""Unspecified""}, ""Personal Information Type"": {""selectedText"": ""mailings"", ""startIndexInSegment"": 385, ""endIndexInSegment"": 393, ""value"": ""Contact""}}",5/1/14,http://www.zacks.com/privacy.php
15379,test_category_labeling_highlight_upitt,95,3740,9,User Choice/Control,"{""Choice Type"": {""endIndexInSegment"": 178, ""startIndexInSegment"": 27, ""selectedText"": ""opt out from a Zacks.com Opt-In Marketing List, Zacks Investment Research Internal List, or unsubscribe from a Zacks offer sent by another list vendor,"", ""value"": ""Opt-out link""}, ""Choice Scope"": {""endIndexInSegment"": 421, ""startIndexInSegment"": 235, ""selectedText"": ""suppress your email address from future mailings to the Zacks Investment Research Internal List and Opt-In Marketing List, as well as any other Zacks mailings done through a third party."", ""value"": ""First party use""}, ""User Type"": {""endIndexInSegment"": -1, ""startIndexInSegment"": -1, ""value"": ""Unspecified""}, ""Purpose"": {""endIndexInSegment"": 68, ""startIndexInSegment"": 59, ""selectedText"": ""Marketing"", ""value"": ""Marketing""}, ""Personal Information Type"": {""endIndexInSegment"": 262, ""startIndexInSegment"": 249, ""selectedText"": ""email address"", ""value"": ""Contact""}}",5/1/14,http://www.zacks.com/privacy.php
15380,test_category_labeling_highlight_upitt,95,3740,9,User Choice/Control,"{""Choice Type"": {""endIndexInSegment"": 178, ""startIndexInSegment"": 27, ""selectedText"": ""opt out from a Zacks.com Opt-In Marketing List, Zacks Investment Research Internal List, or unsubscribe from a Zacks offer sent by another list vendor,"", ""value"": ""Opt-out link""}, ""Choice Scope"": {""endIndexInSegment"": 420, ""startIndexInSegment"": 379, ""selectedText"": ""Zacks mailings done through a third party"", ""value"": ""Third party use""}, ""User Type"": {""endIndexInSegment"": -1, ""startIndexInSegment"": -1, ""value"": ""Unspecified""}, ""Purpose"": {""endIndexInSegment"": 68, ""startIndexInSegment"": 59, ""selectedText"": ""Marketing"", ""value"": ""Marketing""}, ""Personal Information Type"": {""endIndexInSegment"": 262, ""startIndexInSegment"": 249, ""selectedText"": ""email address"", ""value"": ""Contact""}}",5/1/14,http://www.zacks.com/privacy.php
24643,test_category_labeling_highlight_fordham_ddddd,118,3740,9,User Choice/Control,"{""Choice Type"": {""selectedText"": ""If you opt out from a Zacks.com Opt-In Marketing List,"", ""startIndexInSegment"": 20, ""endIndexInSegment"": 74, ""value"": ""Unspecified""}, ""Choice Scope"": {""selectedText"": ""you will be added to our Do Not Email list,"", ""startIndexInSegment"": 179, ""endIndexInSegment"": 222, ""value"": ""First party use""}, ""User Type"": {""selectedText"": ""Not selected"", ""startIndexInSegment"": -1, ""endIndexInSegment"": -1, ""value"": ""Unspecified""}, ""Purpose"": {""selectedText"": ""Marketing"", ""startIndexInSegment"": 59, ""endIndexInSegment"": 68, ""value"": ""Marketing""}, ""Personal Information Type"": {""selectedText"": ""Email"", ""startIndexInSegment"": 211, ""endIndexInSegment"": 216, ""value"": ""Contact""}}",5/1/14,http://www.zacks.com/privacy.php
24644,test_category_labeling_highlight_fordham_ddddd,118,3740,9,User Choice/Control,"{""Choice Type"": {""selectedText"": ""Opt-In"", ""startIndexInSegment"": 52, ""endIndexInSegment"": 58, ""value"": ""Opt-in""}, ""Choice Scope"": {""selectedText"": ""you will be added to our Do Not Email list,"", ""startIndexInSegment"": 179, ""endIndexInSegment"": 222, ""value"": ""First party use""}, ""User Type"": {""selectedText"": ""Not selected"", ""startIndexInSegment"": -1, ""endIndexInSegment"": -1, ""value"": ""Unspecified""}, ""Purpose"": {""selectedText"": ""Marketing"", ""startIndexInSegment"": 59, ""endIndexInSegment"": 68, ""value"": ""Marketing""}, ""Personal Information Type"": {""selectedText"": ""Email"", ""startIndexInSegment"": 211, ""endIndexInSegment"": 216, ""value"": ""Contact""}}",5/1/14,http://www.zacks.com/privacy.php
24645,test_category_labeling_highlight_fordham_ddddd,118,3740,9,User Choice/Control,"{""Choice Type"": {""selectedText"": ""Zacks Investment Research Internal List,"", ""startIndexInSegment"": 75, ""endIndexInSegment"": 115, ""value"": ""Unspecified""}, ""Choice Scope"": {""selectedText"": ""we will suppress your email address from future mailings to the Zacks Investment Research Internal List"", ""startIndexInSegment"": 227, ""endIndexInSegment"": 330, ""value"": ""First party use""}, ""User Type"": {""selectedText"": ""Not selected"", ""startIndexInSegment"": -1, ""endIndexInSegment"": -1, ""value"": ""Unspecified""}, ""Purpose"": {""selectedText"": ""Research"", ""startIndexInSegment"": 308, ""endIndexInSegment"": 316, ""value"": ""Analytics/Research""}, ""Personal Information Type"": {""selectedText"": ""email address"", ""startIndexInSegment"": 249, ""endIndexInSegment"": 262, ""value"": ""Contact""}}",5/1/14,http://www.zacks.com/privacy.php
24647,test_category_labeling_highlight_fordham_ddddd,118,3740,9,Other,"{""Other Type"": {""selectedText"": ""This process usually completes within 72 hours but can take up to 10 days in rare situations. However, if you later register for a Zacks product again, your name will be removed from the Do Not Email list."", ""startIndexInSegment"": 422, ""endIndexInSegment"": 627, ""value"": ""Practice not covered""}}",5/1/14,http://www.zacks.com/privacy.php
C2866,test_category_labeling_highlight_fordham_ddddd,118,3740,10,Third Party Sharing/Collection,"{""Third Party Entity"": {""selectedText"": ""with that marketer"", ""startIndexInSegment"": 243, ""endIndexInSegment"": 261, ""value"": ""Named third party""}, ""Choice Scope"": {""selectedText"": ""from mailings sent to the Zacks.com Opt-In Marketing List from a particular marketer,"", ""startIndexInSegment"": 112, ""endIndexInSegment"": 197, ""value"": ""Use""}, ""Purpose"": {""selectedText"": ""if you click to unsubscribe from mailings sent to the Zacks.com Opt-In Marketing List from a particular marketer, we are obligated to share your email address with that marketer for the purpose of being added to their Do Not Mail list."", ""startIndexInSegment"": 84, ""endIndexInSegment"": 319, ""value"": ""Basic service/feature""}, ""Personal Information Type"": {""selectedText"": ""your email address"", ""startIndexInSegment"": 224, ""endIndexInSegment"": 242, ""value"": ""Contact""}, ""Choice Type"": {""selectedText"": ""if you click to unsubscribe"", ""startIndexInSegment"": 84, ""endIndexInSegment"": 111, ""value"": ""Opt-out link""}, ""Identifiability"": {""selectedText"": ""Not selected"", ""startIndexInSegment"": -1, ""endIndexInSegment"": -1, ""value"": ""Unspecified""}, ""Does/Does Not"": {""selectedText"": ""we are obligated to"", ""startIndexInSegment"": 198, ""endIndexInSegment"": 217, ""value"": ""Does""}, ""User Type"": {""selectedText"": ""Not selected"", ""startIndexInSegment"": -1, ""endIndexInSegment"": -1, ""value"": ""Unspecified""}, ""Action Third Party"": {""selectedText"": ""share"", ""startIndexInSegment"": 218, ""endIndexInSegment"": 223, ""value"": ""Receive/Shared with""}}",5/1/14,http://www.zacks.com/privacy.php
13793,test_category_labeling_highlight_upitt,103,3740,10,User Choice/Control,"{""Choice Type"": {""endIndexInSegment"": 319, ""startIndexInSegment"": 0, ""selectedText"": ""Please note that while Zacks will not freely distribute the information you submit, if you click to unsubscribe from mailings sent to the Zacks.com Opt-In Marketing List from a particular marketer, we are obligated to share your email address with that marketer for the purpose of being added to their Do Not Mail list."", ""value"": ""Opt-out link""}, ""Choice Scope"": {""endIndexInSegment"": 319, ""startIndexInSegment"": 84, ""selectedText"": ""if you click to unsubscribe from mailings sent to the Zacks.com Opt-In Marketing List from a particular marketer, we are obligated to share your email address with that marketer for the purpose of being added to their Do Not Mail list."", ""value"": ""Third party use""}, ""User Type"": {""endIndexInSegment"": -1, ""startIndexInSegment"": -1, ""value"": ""not-selected""}, ""Purpose"": {""endIndexInSegment"": 407, ""startIndexInSegment"": 198, ""selectedText"": ""we are obligated to share your email address with that marketer for the purpose of being added to their Do Not Mail list. How that mailer manages your email address after that time is beyond Zacks.com control."", ""value"": ""Legal requirement""}, ""Personal Information Type"": {""endIndexInSegment"": 242, ""startIndexInSegment"": 224, ""selectedText"": ""your email address"", ""value"": ""Contact""}}",5/1/14,http://www.zacks.com/privacy.php
24633,test_category_labeling_highlight_fordham_ddddd,118,3740,10,Other,"{""Other Type"": {""selectedText"": ""How that mailer manages your email address after that time is beyond Zacks.com control."", ""startIndexInSegment"": 320, ""endIndexInSegment"": 407, ""value"": ""Practice not covered""}}",5/1/14,http://www.zacks.com/privacy.php
24634,test_category_labeling_highlight_fordham_ddddd,118,3740,10,Third Party Sharing/Collection,"{""Third Party Entity"": {""selectedText"": ""Not selected"", ""startIndexInSegment"": -1, ""endIndexInSegment"": -1, ""value"": ""Unspecified""}, ""Choice Scope"": {""selectedText"": ""the information"", ""startIndexInSegment"": 56, ""endIndexInSegment"": 71, ""value"": ""Collection""}, ""Purpose"": {""selectedText"": ""Not selected"", ""startIndexInSegment"": -1, ""endIndexInSegment"": -1, ""value"": ""Unspecified""}, ""Personal Information Type"": {""selectedText"": ""information"", ""startIndexInSegment"": 60, ""endIndexInSegment"": 71, ""value"": ""Unspecified""}, ""Choice Type"": {""selectedText"": ""you submit,"", ""startIndexInSegment"": 72, ""endIndexInSegment"": 83, ""value"": ""Opt-in""}, ""Identifiability"": {""selectedText"": ""Not selected"", ""startIndexInSegment"": -1, ""endIndexInSegment"": -1, ""value"": ""Unspecified""}, ""Does/Does Not"": {""selectedText"": ""will not"", ""startIndexInSegment"": 29, ""endIndexInSegment"": 37, ""value"": ""Does Not""}, ""User Type"": {""selectedText"": ""Not selected"", ""startIndexInSegment"": -1, ""endIndexInSegment"": -1, ""value"": ""Unspecified""}, ""Action Third Party"": {""selectedText"": ""freely distribute"", ""startIndexInSegment"": 38, ""endIndexInSegment"": 55, ""value"": ""See""}}",5/1/14,http://www.zacks.com/privacy.php
C2867,test_category_labeling_highlight_upitt,95,3740,11,International and Specific Audiences,"{""Audience Type"": {""endIndexInSegment"": 419, ""startIndexInSegment"": 0, ""selectedText"": ""Children's Online Privacy Protection Rule: If a child has provided us with private information without parental or guardian consent, the parent or guardian should e-mail us to remove the information and unsubscribe the child from any promotional contact opportunities. Contact Information: If you experience any privacy related difficulties on Zacks.com, please use the following contact information: support@zacks.com."", ""value"": ""Children""}}",5/1/14,http://www.zacks.com/privacy.php
13795,test_category_labeling_highlight_upitt,103,3740,11,Other,"{""Other Type"": {""endIndexInSegment"": 419, ""startIndexInSegment"": 356, ""selectedText"": ""lease use the following contact information: support@zacks.com."", ""value"": ""Privacy contact information""}}",5/1/14,http://www.zacks.com/privacy.php
13796,test_category_labeling_highlight_upitt,103,3740,11,User Choice/Control,"{""Choice Type"": {""endIndexInSegment"": 268, ""startIndexInSegment"": 43, ""selectedText"": ""If a child has provided us with private information without parental or guardian consent, the parent or guardian should e-mail us to remove the information and unsubscribe the child from any promotional contact opportunities."", ""value"": ""Opt-out via contacting company""}, ""Choice Scope"": {""endIndexInSegment"": 268, ""startIndexInSegment"": 134, ""selectedText"": ""he parent or guardian should e-mail us to remove the information and unsubscribe the child from any promotional contact opportunities."", ""value"": ""First party collection""}, ""User Type"": {""endIndexInSegment"": 155, ""startIndexInSegment"": 137, ""selectedText"": ""parent or guardian"", ""value"": ""Other""}, ""Purpose"": {""endIndexInSegment"": 42, ""startIndexInSegment"": 0, ""selectedText"": ""Children's Online Privacy Protection Rule:"", ""value"": ""Legal requirement""}, ""Personal Information Type"": {""endIndexInSegment"": 94, ""startIndexInSegment"": 75, ""selectedText"": ""private information"", ""value"": ""Unspecified""}}",5/1/14,http://www.zacks.com/privacy.php
24637,test_category_labeling_highlight_fordham_ddddd,118,3740,11,Other,"{""Other Type"": {""selectedText"": ""Contact Information: If you experience any privacy related difficulties on Zacks.com, please use the following contact information: support@zacks.com."", ""startIndexInSegment"": 269, ""endIndexInSegment"": 419, ""value"": ""Privacy contact information""}}",5/1/14,http://www.zacks.com/privacy.php
24638,test_category_labeling_highlight_fordham_ddddd,118,3740,11,User Choice/Control,"{""Choice Type"": {""selectedText"": ""the parent or guardian should e-mail us"", ""startIndexInSegment"": 133, ""endIndexInSegment"": 172, ""value"": ""Opt-out via contacting company""}, ""Choice Scope"": {""selectedText"": ""to remove the information"", ""startIndexInSegment"": 173, ""endIndexInSegment"": 198, ""value"": ""First party collection""}, ""User Type"": {""selectedText"": ""the parent or guardian"", ""startIndexInSegment"": 133, ""endIndexInSegment"": 155, ""value"": ""Other""}, ""Purpose"": {""selectedText"": ""any promotional contact opportunities."", ""startIndexInSegment"": 230, ""endIndexInSegment"": 268, ""value"": ""Marketing""}, ""Personal Information Type"": {""selectedText"": ""private information"", ""startIndexInSegment"": 75, ""endIndexInSegment"": 94, ""value"": ""Unspecified""}}",5/1/14,http://www.zacks.com/privacy.php
24639,test_category_labeling_highlight_fordham_ddddd,118,3740,11,User Choice/Control,"{""Choice Type"": {""selectedText"": ""the parent or guardian should e-mail us"", ""startIndexInSegment"": 133, ""endIndexInSegment"": 172, ""value"": ""Opt-out via contacting company""}, ""Choice Scope"": {""selectedText"": ""unsubscribe the child"", ""startIndexInSegment"": 203, ""endIndexInSegment"": 224, ""value"": ""First party use""}, ""User Type"": {""selectedText"": ""the parent or guardian"", ""startIndexInSegment"": 133, ""endIndexInSegment"": 155, ""value"": ""Other""}, ""Purpose"": {""selectedText"": ""any promotional contact opportunities."", ""startIndexInSegment"": 230, ""endIndexInSegment"": 268, ""value"": ""Marketing""}, ""Personal Information Type"": {""selectedText"": ""private information"", ""startIndexInSegment"": 75, ""endIndexInSegment"": 94, ""value"": ""Unspecified""}}",5/1/14,http://www.zacks.com/privacy.php
24640,test_category_labeling_highlight_fordham_ddddd,118,3740,11,User Choice/Control,"{""Choice Type"": {""selectedText"": ""the parent or guardian should e-mail us"", ""startIndexInSegment"": 133, ""endIndexInSegment"": 172, ""value"": ""Opt-out via contacting company""}, ""Choice Scope"": {""selectedText"": ""to remove the information"", ""startIndexInSegment"": 173, ""endIndexInSegment"": 198, ""value"": ""First party collection""}, ""User Type"": {""selectedText"": ""the parent or guardian"", ""startIndexInSegment"": 133, ""endIndexInSegment"": 155, ""value"": ""Other""}, ""Purpose"": {""selectedText"": ""any promotional contact opportunities."", ""startIndexInSegment"": 230, ""endIndexInSegment"": 268, ""value"": ""Marketing""}, ""Personal Information Type"": {""selectedText"": ""contact"", ""startIndexInSegment"": 246, ""endIndexInSegment"": 253, ""value"": ""Contact""}}",5/1/14,http://www.zacks.com/privacy.php
24641,test_category_labeling_highlight_fordham_ddddd,118,3740,11,User Choice/Control,"{""Choice Type"": {""selectedText"": ""the parent or guardian should e-mail us"", ""startIndexInSegment"": 133, ""endIndexInSegment"": 172, ""value"": ""Opt-out via contacting company""}, ""Choice Scope"": {""selectedText"": ""unsubscribe the child"", ""startIndexInSegment"": 203, ""endIndexInSegment"": 224, ""value"": ""First party use""}, ""User Type"": {""selectedText"": ""the parent or guardian"", ""startIndexInSegment"": 133, ""endIndexInSegment"": 155, ""value"": ""Other""}, ""Purpose"": {""selectedText"": ""any promotional contact opportunities."", ""startIndexInSegment"": 230, ""endIndexInSegment"": 268, ""value"": ""Marketing""}, ""Personal Information Type"": {""selectedText"": ""contact"", ""startIndexInSegment"": 246, ""endIndexInSegment"": 253, ""value"": ""Contact""}}",5/1/14,http://www.zacks.com/privacy.php
C2868,test_category_labeling_highlight_fordham_ddddd,118,3740,12,Other,"{""Other Type"": {""selectedText"": ""Updated 5/14"", ""startIndexInSegment"": 0, ""endIndexInSegment"": 12, ""value"": ""Other""}}",5/1/14,http://www.zacks.com/privacy.php
