C2869,test_category_labeling_highlight_fordham_bbbb,116,3787,0,First Party Collection/Use,"{""Collection Mode"": {""endIndexInSegment"": 114, ""startIndexInSegment"": 101, ""selectedText"": ""automatically"", ""value"": ""Implicit""}, ""Choice Scope"": {""endIndexInSegment"": -1, ""startIndexInSegment"": -1, ""value"": ""not-selected""}, ""Action First-Party"": {""endIndexInSegment"": 122, ""startIndexInSegment"": 115, ""selectedText"": ""collect"", ""value"": ""Collect on website""}, ""Personal Information Type"": {""endIndexInSegment"": 143, ""startIndexInSegment"": 123, ""selectedText"": ""personal information"", ""value"": ""Generic personal information""}, ""Choice Type"": {""endIndexInSegment"": -1, ""startIndexInSegment"": -1, ""value"": ""not-selected""}, ""Identifiability"": {""endIndexInSegment"": -1, ""startIndexInSegment"": -1, ""value"": ""not-selected""}, ""Does/Does Not"": {""endIndexInSegment"": 100, ""startIndexInSegment"": 92, ""selectedText"": ""does not"", ""value"": ""Does Not""}, ""User Type"": {""endIndexInSegment"": -1, ""startIndexInSegment"": -1, ""value"": ""not-selected""}, ""Purpose"": {""endIndexInSegment"": 195, ""startIndexInSegment"": 44, ""selectedText"": ""Your privacy is important to us. Public Citizen does not automatically collect personal information from people who visit or interact with our website."", ""value"": ""Unspecified""}}",5/21/15,http://www.citizen.org/Page.aspx?pid=187
11129,test_category_labeling_highlight_fordham_bbbb,116,3787,0,Data Security,"{""Security Measure"": {""endIndexInSegment"": 76, ""startIndexInSegment"": 44, ""selectedText"": ""Your privacy is important to us."", ""value"": ""Generic""}}",5/21/15,http://www.citizen.org/Page.aspx?pid=187
11131,test_category_labeling_highlight_fordham_bbbb,116,3787,0,Other,"{""Other Type"": {""endIndexInSegment"": 255, ""startIndexInSegment"": 196, ""selectedText"": ""This privacy policy applies to the www.citizen.org website."", ""value"": ""Introductory/Generic""}}",5/21/15,http://www.citizen.org/Page.aspx?pid=187
9164,test_category_labeling_highlight_fordham_dddd,118,3787,0,First Party Collection/Use,"{""Collection Mode"": {""endIndexInSegment"": 122, ""startIndexInSegment"": 101, ""selectedText"": ""automatically collect"", ""value"": ""Implicit""}, ""Choice Scope"": {""endIndexInSegment"": -1, ""startIndexInSegment"": -1, ""value"": ""Unspecified""}, ""Action First-Party"": {""endIndexInSegment"": 194, ""startIndexInSegment"": 144, ""selectedText"": ""from people who visit or interact with our website"", ""value"": ""Collect on website""}, ""Personal Information Type"": {""endIndexInSegment"": 143, ""startIndexInSegment"": 123, ""selectedText"": ""personal information"", ""value"": ""Unspecified""}, ""Choice Type"": {""endIndexInSegment"": -1, ""startIndexInSegment"": -1, ""value"": ""Unspecified""}, ""Identifiability"": {""endIndexInSegment"": 143, ""startIndexInSegment"": 123, ""selectedText"": ""personal information"", ""value"": ""Unspecified""}, ""Does/Does Not"": {""endIndexInSegment"": 100, ""startIndexInSegment"": 92, ""selectedText"": ""does not"", ""value"": ""Does Not""}, ""User Type"": {""endIndexInSegment"": 194, ""startIndexInSegment"": 144, ""selectedText"": ""from people who visit or interact with our website"", ""value"": ""Unspecified""}, ""Purpose"": {""endIndexInSegment"": -1, ""startIndexInSegment"": -1, ""value"": ""Unspecified""}}",5/21/15,http://www.citizen.org/Page.aspx?pid=187
C2870,test_category_labeling_highlight_fordham_dddd,118,3787,1,First Party Collection/Use,"{""Collection Mode"": {""endIndexInSegment"": 14, ""startIndexInSegment"": 0, ""selectedText"": ""If you provide"", ""value"": ""Explicit""}, ""Choice Scope"": {""endIndexInSegment"": 148, ""startIndexInSegment"": 126, ""selectedText"": ""store that information"", ""value"": ""Collection""}, ""Action First-Party"": {""endIndexInSegment"": 117, ""startIndexInSegment"": 92, ""selectedText"": ""via a form on the website"", ""value"": ""Collect on website""}, ""Personal Information Type"": {""endIndexInSegment"": 91, ""startIndexInSegment"": 74, ""selectedText"": ""other information"", ""value"": ""Unspecified""}, ""Choice Type"": {""endIndexInSegment"": 14, ""startIndexInSegment"": 0, ""selectedText"": ""If you provide"", ""value"": ""Opt-in""}, ""Identifiability"": {""endIndexInSegment"": 164, ""startIndexInSegment"": 153, ""selectedText"": ""contact you"", ""value"": ""Identifiable""}, ""Does/Does Not"": {""endIndexInSegment"": -1, ""startIndexInSegment"": -1, ""value"": ""Does""}, ""User Type"": {""endIndexInSegment"": -1, ""startIndexInSegment"": -1, ""value"": ""Unspecified""}, ""Purpose"": {""endIndexInSegment"": 179, ""startIndexInSegment"": 153, ""selectedText"": ""contact you about our work"", ""value"": ""Marketing""}}",5/21/15,http://www.citizen.org/Page.aspx?pid=187
C2871,test_category_labeling_highlight_fordham_bbbb,116,3787,1,First Party Collection/Use,"{""Collection Mode"": {""endIndexInSegment"": 14, ""startIndexInSegment"": 3, ""selectedText"": ""you provide"", ""value"": ""Explicit""}, ""Choice Scope"": {""endIndexInSegment"": -1, ""startIndexInSegment"": -1, ""value"": ""not-selected""}, ""Action First-Party"": {""endIndexInSegment"": 131, ""startIndexInSegment"": 103, ""selectedText"": ""on the website, we may store"", ""value"": ""Collect on website""}, ""Personal Information Type"": {""endIndexInSegment"": 69, ""startIndexInSegment"": 15, ""selectedText"": ""your name, postal address, email address, phone number"", ""value"": ""Contact""}, ""Choice Type"": {""endIndexInSegment"": -1, ""startIndexInSegment"": -1, ""value"": ""not-selected""}, ""Identifiability"": {""endIndexInSegment"": -1, ""startIndexInSegment"": -1, ""value"": ""not-selected""}, ""Does/Does Not"": {""endIndexInSegment"": -1, ""startIndexInSegment"": -1, ""value"": ""Does""}, ""User Type"": {""endIndexInSegment"": -1, ""startIndexInSegment"": -1, ""value"": ""not-selected""}, ""Purpose"": {""endIndexInSegment"": 179, ""startIndexInSegment"": 153, ""selectedText"": ""contact you about our work"", ""value"": ""Other""}}",5/21/15,http://www.citizen.org/Page.aspx?pid=187
C2872,test_category_labeling_highlight_fordham_bbbb,116,3787,1,Third Party Sharing/Collection,"{""Third Party Entity"": {""endIndexInSegment"": 324, ""startIndexInSegment"": 258, ""selectedText"": ""to any business, organization, individual, or other outside entity"", ""value"": ""Unnamed third party""}, ""Choice Scope"": {""endIndexInSegment"": -1, ""startIndexInSegment"": -1, ""value"": ""not-selected""}, ""Purpose"": {""endIndexInSegment"": 395, ""startIndexInSegment"": 207, ""selectedText"": ""we do not sell, rent, trade, or otherwise disclose to any business, organization, individual, or other outside entity information provided by people who visit or interact with the website."", ""value"": ""Unspecified""}, ""Personal Information Type"": {""endIndexInSegment"": 336, ""startIndexInSegment"": 325, ""selectedText"": ""information"", ""value"": ""Unspecified""}, ""Choice Type"": {""endIndexInSegment"": -1, ""startIndexInSegment"": -1, ""value"": ""not-selected""}, ""Identifiability"": {""endIndexInSegment"": -1, ""startIndexInSegment"": -1, ""value"": ""not-selected""}, ""Does/Does Not"": {""endIndexInSegment"": 216, ""startIndexInSegment"": 207, ""selectedText"": ""we do not"", ""value"": ""Does Not""}, ""User Type"": {""endIndexInSegment"": -1, ""startIndexInSegment"": -1, ""value"": ""not-selected""}, ""Action Third Party"": {""endIndexInSegment"": 257, ""startIndexInSegment"": 217, ""selectedText"": ""sell, rent, trade, or otherwise disclose"", ""value"": ""Receive/Shared with""}}",5/21/15,http://www.citizen.org/Page.aspx?pid=187
9167,test_category_labeling_highlight_fordham_dddd,118,3787,1,Data Retention,"{""Personal Information Type"": {""endIndexInSegment"": 69, ""startIndexInSegment"": 20, ""selectedText"": ""name, postal address, email address, phone number"", ""value"": ""Contact""}, ""Retention Period"": {""endIndexInSegment"": -1, ""startIndexInSegment"": -1, ""value"": ""Unspecified""}, ""Retention Purpose"": {""endIndexInSegment"": 179, ""startIndexInSegment"": 153, ""selectedText"": ""contact you about our work"", ""value"": ""Marketing""}}",5/21/15,http://www.citizen.org/Page.aspx?pid=187
9168,test_category_labeling_highlight_fordham_dddd,118,3787,1,Data Retention,"{""Personal Information Type"": {""endIndexInSegment"": 91, ""startIndexInSegment"": 74, ""selectedText"": ""other information"", ""value"": ""Unspecified""}, ""Retention Period"": {""endIndexInSegment"": -1, ""startIndexInSegment"": -1, ""value"": ""Unspecified""}, ""Retention Purpose"": {""endIndexInSegment"": 179, ""startIndexInSegment"": 153, ""selectedText"": ""contact you about our work"", ""value"": ""Marketing""}}",5/21/15,http://www.citizen.org/Page.aspx?pid=187
9170,test_category_labeling_highlight_fordham_dddd,118,3787,1,Third Party Sharing/Collection,"{""Third Party Entity"": {""endIndexInSegment"": 324, ""startIndexInSegment"": 304, ""selectedText"": ""other outside entity"", ""value"": ""Unnamed third party""}, ""Choice Scope"": {""endIndexInSegment"": -1, ""startIndexInSegment"": -1, ""value"": ""Unspecified""}, ""Purpose"": {""endIndexInSegment"": -1, ""startIndexInSegment"": -1, ""value"": ""Unspecified""}, ""Personal Information Type"": {""endIndexInSegment"": -1, ""startIndexInSegment"": -1, ""value"": ""Unspecified""}, ""Choice Type"": {""endIndexInSegment"": 395, ""startIndexInSegment"": 325, ""selectedText"": ""information provided by people who visit or interact with the website."", ""value"": ""Opt-in""}, ""Identifiability"": {""endIndexInSegment"": 336, ""startIndexInSegment"": 325, ""selectedText"": ""information"", ""value"": ""Unspecified""}, ""Does/Does Not"": {""endIndexInSegment"": 216, ""startIndexInSegment"": 210, ""selectedText"": ""do not"", ""value"": ""Does Not""}, ""User Type"": {""endIndexInSegment"": 394, ""startIndexInSegment"": 349, ""selectedText"": ""people who visit or interact with the website"", ""value"": ""Unspecified""}, ""Action Third Party"": {""endIndexInSegment"": 257, ""startIndexInSegment"": 217, ""selectedText"": ""sell, rent, trade, or otherwise disclose"", ""value"": ""Receive/Shared with""}}",5/21/15,http://www.citizen.org/Page.aspx?pid=187
9171,test_category_labeling_highlight_fordham_dddd,118,3787,1,Third Party Sharing/Collection,"{""Third Party Entity"": {""endIndexInSegment"": 324, ""startIndexInSegment"": 304, ""selectedText"": ""other outside entity"", ""value"": ""Unnamed third party""}, ""Choice Scope"": {""endIndexInSegment"": -1, ""startIndexInSegment"": -1, ""value"": ""Unspecified""}, ""Purpose"": {""endIndexInSegment"": -1, ""startIndexInSegment"": -1, ""value"": ""Unspecified""}, ""Personal Information Type"": {""endIndexInSegment"": -1, ""startIndexInSegment"": -1, ""value"": ""Unspecified""}, ""Choice Type"": {""endIndexInSegment"": 395, ""startIndexInSegment"": 325, ""selectedText"": ""information provided by people who visit or interact with the website."", ""value"": ""Opt-in""}, ""Identifiability"": {""endIndexInSegment"": 336, ""startIndexInSegment"": 325, ""selectedText"": ""information"", ""value"": ""Unspecified""}, ""Does/Does Not"": {""endIndexInSegment"": 216, ""startIndexInSegment"": 210, ""selectedText"": ""do not"", ""value"": ""Does Not""}, ""User Type"": {""endIndexInSegment"": 394, ""startIndexInSegment"": 349, ""selectedText"": ""people who visit or interact with the website"", ""value"": ""Unspecified""}, ""Action Third Party"": {""endIndexInSegment"": 257, ""startIndexInSegment"": 217, ""selectedText"": ""sell, rent, trade, or otherwise disclose"", ""value"": ""Receive/Shared with""}}",5/21/15,http://www.citizen.org/Page.aspx?pid=187
C2873,test_category_labeling_highlight_fordham_dddd,118,3787,2,Third Party Sharing/Collection,"{""Third Party Entity"": {""endIndexInSegment"": 309, ""startIndexInSegment"": 276, ""selectedText"": ""legislators or other policymakers"", ""value"": ""Named third party""}, ""Choice Scope"": {""endIndexInSegment"": -1, ""startIndexInSegment"": -1, ""value"": ""Unspecified""}, ""Purpose"": {""endIndexInSegment"": -1, ""startIndexInSegment"": -1, ""value"": ""Unspecified""}, ""Personal Information Type"": {""endIndexInSegment"": 202, ""startIndexInSegment"": 197, ""selectedText"": ""state"", ""value"": ""Location""}, ""Choice Type"": {""endIndexInSegment"": -1, ""startIndexInSegment"": -1, ""value"": ""Unspecified""}, ""Identifiability"": {""endIndexInSegment"": 192, ""startIndexInSegment"": 188, ""selectedText"": ""name"", ""value"": ""Identifiable""}, ""Does/Does Not"": {""endIndexInSegment"": -1, ""startIndexInSegment"": -1, ""value"": ""Does""}, ""User Type"": {""endIndexInSegment"": -1, ""startIndexInSegment"": -1, ""value"": ""Unspecified""}, ""Action Third Party"": {""endIndexInSegment"": 275, ""startIndexInSegment"": 263, ""selectedText"": ""delivered to"", ""value"": ""Receive/Shared with""}}",5/21/15,http://www.citizen.org/Page.aspx?pid=187
C2874,test_category_labeling_highlight_fordham_dddd,118,3787,2,Third Party Sharing/Collection,"{""Third Party Entity"": {""endIndexInSegment"": 309, ""startIndexInSegment"": 276, ""selectedText"": ""legislators or other policymakers"", ""value"": ""Named third party""}, ""Choice Scope"": {""endIndexInSegment"": -1, ""startIndexInSegment"": -1, ""value"": ""Unspecified""}, ""Purpose"": {""endIndexInSegment"": -1, ""startIndexInSegment"": -1, ""value"": ""Unspecified""}, ""Personal Information Type"": {""endIndexInSegment"": 192, ""startIndexInSegment"": 188, ""selectedText"": ""name"", ""value"": ""Contact""}, ""Choice Type"": {""endIndexInSegment"": -1, ""startIndexInSegment"": -1, ""value"": ""Unspecified""}, ""Identifiability"": {""endIndexInSegment"": 192, ""startIndexInSegment"": 188, ""selectedText"": ""name"", ""value"": ""Identifiable""}, ""Does/Does Not"": {""endIndexInSegment"": -1, ""startIndexInSegment"": -1, ""value"": ""Does""}, ""User Type"": {""endIndexInSegment"": -1, ""startIndexInSegment"": -1, ""value"": ""Unspecified""}, ""Action Third Party"": {""endIndexInSegment"": 275, ""startIndexInSegment"": 263, ""selectedText"": ""delivered to"", ""value"": ""Receive/Shared with""}}",5/21/15,http://www.citizen.org/Page.aspx?pid=187
C2875,test_category_labeling_highlight_fordham_bbbb,116,3787,2,Third Party Sharing/Collection,"{""Third Party Entity"": {""endIndexInSegment"": 127, ""startIndexInSegment"": 106, ""selectedText"": ""to any outside entity"", ""value"": ""Unspecified""}, ""Choice Scope"": {""endIndexInSegment"": -1, ""startIndexInSegment"": -1, ""value"": ""not-selected""}, ""Purpose"": {""endIndexInSegment"": 148, ""startIndexInSegment"": 43, ""selectedText"": ""We do not disclose the information you enter on an action page to any outside entity - except as follows:"", ""value"": ""Unspecified""}, ""Personal Information Type"": {""endIndexInSegment"": 77, ""startIndexInSegment"": 62, ""selectedText"": ""the information"", ""value"": ""Unspecified""}, ""Choice Type"": {""endIndexInSegment"": -1, ""startIndexInSegment"": -1, ""value"": ""not-selected""}, ""Identifiability"": {""endIndexInSegment"": -1, ""startIndexInSegment"": -1, ""value"": ""not-selected""}, ""Does/Does Not"": {""endIndexInSegment"": 52, ""startIndexInSegment"": 43, ""selectedText"": ""We do not"", ""value"": ""Does Not""}, ""User Type"": {""endIndexInSegment"": -1, ""startIndexInSegment"": -1, ""value"": ""not-selected""}, ""Action Third Party"": {""endIndexInSegment"": 61, ""startIndexInSegment"": 53, ""selectedText"": ""disclose"", ""value"": ""Unspecified""}}",5/21/15,http://www.citizen.org/Page.aspx?pid=187
11138,test_category_labeling_highlight_fordham_bbbb,116,3787,2,Third Party Sharing/Collection,"{""Third Party Entity"": {""endIndexInSegment"": 624, ""startIndexInSegment"": 602, ""selectedText"": ""to that outside entity"", ""value"": ""Named third party""}, ""Choice Scope"": {""endIndexInSegment"": -1, ""startIndexInSegment"": -1, ""value"": ""not-selected""}, ""Purpose"": {""endIndexInSegment"": 535, ""startIndexInSegment"": 333, ""selectedText"": ""If you email a member of Congress or other policymaker, submit a comment to a government agency, send a letter-to-the-editor, or take any other action that generates a communication to an outside entity"", ""value"": ""Other""}, ""Personal Information Type"": {""endIndexInSegment"": 562, ""startIndexInSegment"": 537, ""selectedText"": ""the information you enter"", ""value"": ""Other""}, ""Choice Type"": {""endIndexInSegment"": -1, ""startIndexInSegment"": -1, ""value"": ""not-selected""}, ""Identifiability"": {""endIndexInSegment"": -1, ""startIndexInSegment"": -1, ""value"": ""not-selected""}, ""Does/Does Not"": {""endIndexInSegment"": -1, ""startIndexInSegment"": -1, ""value"": ""Does""}, ""User Type"": {""endIndexInSegment"": -1, ""startIndexInSegment"": -1, ""value"": ""not-selected""}, ""Action Third Party"": {""endIndexInSegment"": 601, ""startIndexInSegment"": 582, ""selectedText"": ""may be passed along"", ""value"": ""Receive/Shared with""}}",5/21/15,http://www.citizen.org/Page.aspx?pid=187
11139,test_category_labeling_highlight_fordham_bbbb,116,3787,2,Third Party Sharing/Collection,"{""Third Party Entity"": {""endIndexInSegment"": 726, ""startIndexInSegment"": 660, ""selectedText"": ""consultants and organizations working with us on specific projects"", ""value"": ""Other part of company/affiliate""}, ""Choice Scope"": {""endIndexInSegment"": -1, ""startIndexInSegment"": -1, ""value"": ""not-selected""}, ""Purpose"": {""endIndexInSegment"": 726, ""startIndexInSegment"": 690, ""selectedText"": ""working with us on specific projects"", ""value"": ""Unspecified""}, ""Personal Information Type"": {""endIndexInSegment"": 758, ""startIndexInSegment"": 744, ""selectedText"": ""to information"", ""value"": ""Unspecified""}, ""Choice Type"": {""endIndexInSegment"": -1, ""startIndexInSegment"": -1, ""value"": ""not-selected""}, ""Identifiability"": {""endIndexInSegment"": -1, ""startIndexInSegment"": -1, ""value"": ""not-selected""}, ""Does/Does Not"": {""endIndexInSegment"": -1, ""startIndexInSegment"": -1, ""value"": ""Does""}, ""User Type"": {""endIndexInSegment"": -1, ""startIndexInSegment"": -1, ""value"": ""not-selected""}, ""Action Third Party"": {""endIndexInSegment"": 659, ""startIndexInSegment"": 648, ""selectedText"": ""We may give"", ""value"": ""Receive/Shared with""}}",5/21/15,http://www.citizen.org/Page.aspx?pid=187
11140,test_category_labeling_highlight_fordham_bbbb,116,3787,2,Other,"{""Other Type"": {""endIndexInSegment"": 888, ""startIndexInSegment"": 791, ""selectedText"": ""They will not retain the information or contact the people whose information they have access to."", ""value"": ""Practice not covered""}}",5/21/15,http://www.citizen.org/Page.aspx?pid=187
11141,test_category_labeling_highlight_fordham_bbbb,116,3787,2,Third Party Sharing/Collection,"{""Third Party Entity"": {""endIndexInSegment"": 981, ""startIndexInSegment"": 939, ""selectedText"": ""to other activists or volunteer organizers"", ""value"": ""Other""}, ""Choice Scope"": {""endIndexInSegment"": -1, ""startIndexInSegment"": -1, ""value"": ""not-selected""}, ""Purpose"": {""endIndexInSegment"": 981, ""startIndexInSegment"": 948, ""selectedText"": ""activists or volunteer organizers"", ""value"": ""Other""}, ""Personal Information Type"": {""endIndexInSegment"": 938, ""startIndexInSegment"": 935, ""selectedText"": ""you"", ""value"": ""Unspecified""}, ""Choice Type"": {""endIndexInSegment"": -1, ""startIndexInSegment"": -1, ""value"": ""not-selected""}, ""Identifiability"": {""endIndexInSegment"": -1, ""startIndexInSegment"": -1, ""value"": ""not-selected""}, ""Does/Does Not"": {""endIndexInSegment"": -1, ""startIndexInSegment"": -1, ""value"": ""Does""}, ""User Type"": {""endIndexInSegment"": -1, ""startIndexInSegment"": -1, ""value"": ""not-selected""}, ""Action Third Party"": {""endIndexInSegment"": 934, ""startIndexInSegment"": 918, ""selectedText"": ""offer to connect"", ""value"": ""Other""}}",5/21/15,http://www.citizen.org/Page.aspx?pid=187
11142,test_category_labeling_highlight_fordham_bbbb,116,3787,2,User Choice/Control,"{""Choice Type"": {""endIndexInSegment"": 1054, ""startIndexInSegment"": 1033, ""selectedText"": ""an option to decline."", ""value"": ""Unspecified""}, ""Choice Scope"": {""endIndexInSegment"": 1032, ""startIndexInSegment"": 983, ""selectedText"": ""Before doing so, we will notify you by email with"", ""value"": ""First party use""}, ""User Type"": {""endIndexInSegment"": -1, ""startIndexInSegment"": -1, ""value"": ""not-selected""}, ""Purpose"": {""endIndexInSegment"": 982, ""startIndexInSegment"": 927, ""selectedText"": ""connect you to other activists or volunteer organizers."", ""value"": ""Other""}, ""Personal Information Type"": {""endIndexInSegment"": 938, ""startIndexInSegment"": 935, ""selectedText"": ""you"", ""value"": ""Unspecified""}}",5/21/15,http://www.citizen.org/Page.aspx?pid=187
9214,test_category_labeling_highlight_fordham_dddd,118,3787,2,Third Party Sharing/Collection,"{""Third Party Entity"": {""endIndexInSegment"": 387, ""startIndexInSegment"": 348, ""selectedText"": ""member of Congress or other policymaker"", ""value"": ""Named third party""}, ""Choice Scope"": {""endIndexInSegment"": -1, ""startIndexInSegment"": -1, ""value"": ""Unspecified""}, ""Purpose"": {""endIndexInSegment"": -1, ""startIndexInSegment"": -1, ""value"": ""Unspecified""}, ""Personal Information Type"": {""endIndexInSegment"": 552, ""startIndexInSegment"": 541, ""selectedText"": ""information"", ""value"": ""Unspecified""}, ""Choice Type"": {""endIndexInSegment"": -1, ""startIndexInSegment"": -1, ""value"": ""Unspecified""}, ""Identifiability"": {""endIndexInSegment"": 552, ""startIndexInSegment"": 541, ""selectedText"": ""information"", ""value"": ""Unspecified""}, ""Does/Does Not"": {""endIndexInSegment"": -1, ""startIndexInSegment"": -1, ""value"": ""Does""}, ""User Type"": {""endIndexInSegment"": -1, ""startIndexInSegment"": -1, ""value"": ""Unspecified""}, ""Action Third Party"": {""endIndexInSegment"": 601, ""startIndexInSegment"": 589, ""selectedText"": ""passed along"", ""value"": ""Receive/Shared with""}}",5/21/15,http://www.citizen.org/Page.aspx?pid=187
9215,test_category_labeling_highlight_fordham_dddd,118,3787,2,Third Party Sharing/Collection,"{""Third Party Entity"": {""endIndexInSegment"": 535, ""startIndexInSegment"": 518, ""selectedText"": ""an outside entity"", ""value"": ""Unnamed third party""}, ""Choice Scope"": {""endIndexInSegment"": -1, ""startIndexInSegment"": -1, ""value"": ""Unspecified""}, ""Purpose"": {""endIndexInSegment"": -1, ""startIndexInSegment"": -1, ""value"": ""Unspecified""}, ""Personal Information Type"": {""endIndexInSegment"": 552, ""startIndexInSegment"": 541, ""selectedText"": ""information"", ""value"": ""Unspecified""}, ""Choice Type"": {""endIndexInSegment"": -1, ""startIndexInSegment"": -1, ""value"": ""Unspecified""}, ""Identifiability"": {""endIndexInSegment"": 552, ""startIndexInSegment"": 541, ""selectedText"": ""information"", ""value"": ""Unspecified""}, ""Does/Does Not"": {""endIndexInSegment"": -1, ""startIndexInSegment"": -1, ""value"": ""Does""}, ""User Type"": {""endIndexInSegment"": -1, ""startIndexInSegment"": -1, ""value"": ""Unspecified""}, ""Action Third Party"": {""endIndexInSegment"": 601, ""startIndexInSegment"": 589, ""selectedText"": ""passed along"", ""value"": ""Receive/Shared with""}}",5/21/15,http://www.citizen.org/Page.aspx?pid=187
9216,test_category_labeling_highlight_fordham_dddd,118,3787,2,Third Party Sharing/Collection,"{""Third Party Entity"": {""endIndexInSegment"": 705, ""startIndexInSegment"": 660, ""selectedText"": ""consultants and organizations working with us"", ""value"": ""Other part of company/affiliate""}, ""Choice Scope"": {""endIndexInSegment"": -1, ""startIndexInSegment"": -1, ""value"": ""Unspecified""}, ""Purpose"": {""endIndexInSegment"": -1, ""startIndexInSegment"": -1, ""value"": ""Unspecified""}, ""Personal Information Type"": {""endIndexInSegment"": 758, ""startIndexInSegment"": 747, ""selectedText"": ""information"", ""value"": ""Unspecified""}, ""Choice Type"": {""endIndexInSegment"": -1, ""startIndexInSegment"": -1, ""value"": ""Unspecified""}, ""Identifiability"": {""endIndexInSegment"": 758, ""startIndexInSegment"": 747, ""selectedText"": ""information"", ""value"": ""Unspecified""}, ""Does/Does Not"": {""endIndexInSegment"": -1, ""startIndexInSegment"": -1, ""value"": ""Does""}, ""User Type"": {""endIndexInSegment"": 789, ""startIndexInSegment"": 769, ""selectedText"": ""online action-takers"", ""value"": ""Other""}, ""Action Third Party"": {""endIndexInSegment"": 743, ""startIndexInSegment"": 727, ""selectedText"": ""temporary access"", ""value"": ""See""}}",5/21/15,http://www.citizen.org/Page.aspx?pid=187
9218,test_category_labeling_highlight_fordham_dddd,118,3787,2,Data Retention,"{""Personal Information Type"": {""endIndexInSegment"": 827, ""startIndexInSegment"": 812, ""selectedText"": ""the information"", ""value"": ""Unspecified""}, ""Retention Period"": {""endIndexInSegment"": 811, ""startIndexInSegment"": 796, ""selectedText"": ""will not retain"", ""value"": ""Other""}, ""Retention Purpose"": {""endIndexInSegment"": -1, ""startIndexInSegment"": -1, ""value"": ""Unspecified""}}",5/21/15,http://www.citizen.org/Page.aspx?pid=187
11143,test_category_labeling_highlight_fordham_bbbb,116,3787,3,User Choice/Control,"{""Choice Type"": {""endIndexInSegment"": 151, ""startIndexInSegment"": 62, ""selectedText"": ""To stop receiving emails, complete the form at http://action.citizen.org/unsubscribe.jsp."", ""value"": ""Other""}, ""Choice Scope"": {""endIndexInSegment"": 87, ""startIndexInSegment"": 62, ""selectedText"": ""To stop receiving emails,"", ""value"": ""First party use""}, ""User Type"": {""endIndexInSegment"": -1, ""startIndexInSegment"": -1, ""value"": ""not-selected""}, ""Purpose"": {""endIndexInSegment"": 61, ""startIndexInSegment"": 22, ""selectedText"": ""we will send you emails about our work."", ""value"": ""Basic service/feature""}, ""Personal Information Type"": {""endIndexInSegment"": 86, ""startIndexInSegment"": 80, ""selectedText"": ""emails"", ""value"": ""Contact""}}",5/21/15,http://www.citizen.org/Page.aspx?pid=187
12303,test_category_labeling_highlight_fordham_cccc,117,3787,3,First Party Collection/Use,"{""Collection Mode"": {""endIndexInSegment"": -1, ""startIndexInSegment"": -1, ""value"": ""not-selected""}, ""Choice Scope"": {""endIndexInSegment"": 86, ""startIndexInSegment"": 65, ""selectedText"": ""stop receiving emails"", ""value"": ""Use""}, ""Action First-Party"": {""endIndexInSegment"": 20, ""startIndexInSegment"": 9, ""selectedText"": ""take action"", ""value"": ""Collect on website""}, ""Personal Information Type"": {""endIndexInSegment"": -1, ""startIndexInSegment"": -1, ""value"": ""Unspecified""}, ""Choice Type"": {""endIndexInSegment"": 150, ""startIndexInSegment"": 88, ""selectedText"": ""complete the form at http://action.citizen.org/unsubscribe.jsp"", ""value"": ""Opt-out link""}, ""Identifiability"": {""endIndexInSegment"": -1, ""startIndexInSegment"": -1, ""value"": ""not-selected""}, ""Does/Does Not"": {""endIndexInSegment"": -1, ""startIndexInSegment"": -1, ""value"": ""Does""}, ""User Type"": {""endIndexInSegment"": -1, ""startIndexInSegment"": -1, ""value"": ""not-selected""}, ""Purpose"": {""endIndexInSegment"": 60, ""startIndexInSegment"": 39, ""selectedText"": ""emails about our work"", ""value"": ""Marketing""}}",5/21/15,http://www.citizen.org/Page.aspx?pid=187
9203,test_category_labeling_highlight_fordham_dddd,118,3787,3,User Choice/Control,"{""Choice Type"": {""endIndexInSegment"": 150, ""startIndexInSegment"": 88, ""selectedText"": ""complete the form at http://action.citizen.org/unsubscribe.jsp"", ""value"": ""Opt-out link""}, ""Choice Scope"": {""endIndexInSegment"": 86, ""startIndexInSegment"": 70, ""selectedText"": ""receiving emails"", ""value"": ""First party use""}, ""User Type"": {""endIndexInSegment"": -1, ""startIndexInSegment"": -1, ""value"": ""Unspecified""}, ""Purpose"": {""endIndexInSegment"": 60, ""startIndexInSegment"": 39, ""selectedText"": ""emails about our work"", ""value"": ""Marketing""}, ""Personal Information Type"": {""endIndexInSegment"": 45, ""startIndexInSegment"": 39, ""selectedText"": ""emails"", ""value"": ""Contact""}}",5/21/15,http://www.citizen.org/Page.aspx?pid=187
C2876,test_category_labeling_highlight_fordham_cccc,117,3787,4,Third Party Sharing/Collection,"{""Third Party Entity"": {""endIndexInSegment"": 236, ""startIndexInSegment"": 191, ""selectedText"": ""consultants and organizations working with us"", ""value"": ""Unnamed third party""}, ""Choice Scope"": {""endIndexInSegment"": -1, ""startIndexInSegment"": -1, ""value"": ""not-selected""}, ""Purpose"": {""endIndexInSegment"": 257, ""startIndexInSegment"": 240, ""selectedText"": ""specific projects"", ""value"": ""Additional service/feature""}, ""Personal Information Type"": {""endIndexInSegment"": 107, ""startIndexInSegment"": 96, ""selectedText"": ""information"", ""value"": ""Unspecified""}, ""Choice Type"": {""endIndexInSegment"": -1, ""startIndexInSegment"": -1, ""value"": ""not-selected""}, ""Identifiability"": {""endIndexInSegment"": -1, ""startIndexInSegment"": -1, ""value"": ""not-selected""}, ""Does/Does Not"": {""endIndexInSegment"": -1, ""startIndexInSegment"": -1, ""value"": ""Does""}, ""User Type"": {""endIndexInSegment"": -1, ""startIndexInSegment"": -1, ""value"": ""not-selected""}, ""Action Third Party"": {""endIndexInSegment"": 294, ""startIndexInSegment"": 258, ""selectedText"": ""temporary access to such information"", ""value"": ""Receive/Shared with""}}",5/21/15,http://www.citizen.org/Page.aspx?pid=187
11144,test_category_labeling_highlight_fordham_bbbb,116,3787,4,Third Party Sharing/Collection,"{""Third Party Entity"": {""endIndexInSegment"": 157, ""startIndexInSegment"": 136, ""selectedText"": ""to any outside entity"", ""value"": ""Unspecified""}, ""Choice Scope"": {""endIndexInSegment"": -1, ""startIndexInSegment"": -1, ""value"": ""not-selected""}, ""Purpose"": {""endIndexInSegment"": 178, ""startIndexInSegment"": 160, ""selectedText"": ""except as follows:"", ""value"": ""Unspecified""}, ""Personal Information Type"": {""endIndexInSegment"": 135, ""startIndexInSegment"": 92, ""selectedText"": ""the information you enter on a sign-up page"", ""value"": ""Other""}, ""Choice Type"": {""endIndexInSegment"": -1, ""startIndexInSegment"": -1, ""value"": ""not-selected""}, ""Identifiability"": {""endIndexInSegment"": -1, ""startIndexInSegment"": -1, ""value"": ""not-selected""}, ""Does/Does Not"": {""endIndexInSegment"": 84, ""startIndexInSegment"": 73, ""selectedText"": ""We do not d"", ""value"": ""Does Not""}, ""User Type"": {""endIndexInSegment"": -1, ""startIndexInSegment"": -1, ""value"": ""not-selected""}, ""Action Third Party"": {""endIndexInSegment"": 91, ""startIndexInSegment"": 83, ""selectedText"": ""disclose"", ""value"": ""Unspecified""}}",5/21/15,http://www.citizen.org/Page.aspx?pid=187
11145,test_category_labeling_highlight_fordham_bbbb,116,3787,4,Third Party Sharing/Collection,"{""Third Party Entity"": {""endIndexInSegment"": 257, ""startIndexInSegment"": 191, ""selectedText"": ""consultants and organizations working with us on specific projects"", ""value"": ""Named third party""}, ""Choice Scope"": {""endIndexInSegment"": -1, ""startIndexInSegment"": -1, ""value"": ""not-selected""}, ""Purpose"": {""endIndexInSegment"": 257, ""startIndexInSegment"": 221, ""selectedText"": ""working with us on specific projects"", ""value"": ""Unspecified""}, ""Personal Information Type"": {""endIndexInSegment"": 294, ""startIndexInSegment"": 275, ""selectedText"": ""to such information"", ""value"": ""Unspecified""}, ""Choice Type"": {""endIndexInSegment"": -1, ""startIndexInSegment"": -1, ""value"": ""not-selected""}, ""Identifiability"": {""endIndexInSegment"": -1, ""startIndexInSegment"": -1, ""value"": ""not-selected""}, ""Does/Does Not"": {""endIndexInSegment"": -1, ""startIndexInSegment"": -1, ""value"": ""Does""}, ""User Type"": {""endIndexInSegment"": -1, ""startIndexInSegment"": -1, ""value"": ""not-selected""}, ""Action Third Party"": {""endIndexInSegment"": 190, ""startIndexInSegment"": 179, ""selectedText"": ""We may give"", ""value"": ""Receive/Shared with""}}",5/21/15,http://www.citizen.org/Page.aspx?pid=187
11146,test_category_labeling_highlight_fordham_bbbb,116,3787,4,Other,"{""Other Type"": {""endIndexInSegment"": 483, ""startIndexInSegment"": 296, ""selectedText"": ""they will not retain the information or contact the people whose information they have access to. To stop receiving emails, complete the form at http://action.citizen.org/unsubscribe.jsp."", ""value"": ""Practice not covered""}}",5/21/15,http://www.citizen.org/Page.aspx?pid=187
9205,test_category_labeling_highlight_fordham_dddd,118,3787,4,Data Retention,"{""Personal Information Type"": {""endIndexInSegment"": 332, ""startIndexInSegment"": 317, ""selectedText"": ""the information"", ""value"": ""Unspecified""}, ""Retention Period"": {""endIndexInSegment"": 316, ""startIndexInSegment"": 301, ""selectedText"": ""will not retain"", ""value"": ""Other""}, ""Retention Purpose"": {""endIndexInSegment"": -1, ""startIndexInSegment"": -1, ""value"": ""Unspecified""}}",5/21/15,http://www.citizen.org/Page.aspx?pid=187
9206,test_category_labeling_highlight_fordham_dddd,118,3787,4,User Choice/Control,"{""Choice Type"": {""endIndexInSegment"": 482, ""startIndexInSegment"": 420, ""selectedText"": ""complete the form at http://action.citizen.org/unsubscribe.jsp"", ""value"": ""Opt-out link""}, ""Choice Scope"": {""endIndexInSegment"": 418, ""startIndexInSegment"": 394, ""selectedText"": ""To stop receiving emails"", ""value"": ""First party use""}, ""User Type"": {""endIndexInSegment"": 135, ""startIndexInSegment"": 123, ""selectedText"": ""sign-up page"", ""value"": ""User with account""}, ""Purpose"": {""endIndexInSegment"": 52, ""startIndexInSegment"": 24, ""selectedText"": ""Email Lists or E-Newsletters"", ""value"": ""Marketing""}, ""Personal Information Type"": {""endIndexInSegment"": 418, ""startIndexInSegment"": 412, ""selectedText"": ""emails"", ""value"": ""Contact""}}",5/21/15,http://www.citizen.org/Page.aspx?pid=187
C2877,test_category_labeling_highlight_fordham_dddd,118,3787,5,Third Party Sharing/Collection,"{""Third Party Entity"": {""endIndexInSegment"": 162, ""startIndexInSegment"": 133, ""selectedText"": ""third-party service providers"", ""value"": ""Unnamed third party""}, ""Choice Scope"": {""endIndexInSegment"": -1, ""startIndexInSegment"": -1, ""value"": ""Unspecified""}, ""Purpose"": {""endIndexInSegment"": -1, ""startIndexInSegment"": -1, ""value"": ""Unspecified""}, ""Personal Information Type"": {""endIndexInSegment"": 113, ""startIndexInSegment"": 89, ""selectedText"": ""donation or payment page"", ""value"": ""Financial""}, ""Choice Type"": {""endIndexInSegment"": -1, ""startIndexInSegment"": -1, ""value"": ""Unspecified""}, ""Identifiability"": {""endIndexInSegment"": -1, ""startIndexInSegment"": -1, ""value"": ""Unspecified""}, ""Does/Does Not"": {""endIndexInSegment"": -1, ""startIndexInSegment"": -1, ""value"": ""Does""}, ""User Type"": {""endIndexInSegment"": -1, ""startIndexInSegment"": -1, ""value"": ""Unspecified""}, ""Action Third Party"": {""endIndexInSegment"": 132, ""startIndexInSegment"": 114, ""selectedText"": ""may be shared with"", ""value"": ""Receive/Shared with""}}",5/21/15,http://www.citizen.org/Page.aspx?pid=187
C2878,test_category_labeling_highlight_fordham_dddd,118,3787,5,Third Party Sharing/Collection,"{""Third Party Entity"": {""endIndexInSegment"": 209, ""startIndexInSegment"": 164, ""selectedText"": ""such as services that verify credit card data"", ""value"": ""Named third party""}, ""Choice Scope"": {""endIndexInSegment"": -1, ""startIndexInSegment"": -1, ""value"": ""Unspecified""}, ""Purpose"": {""endIndexInSegment"": -1, ""startIndexInSegment"": -1, ""value"": ""Unspecified""}, ""Personal Information Type"": {""endIndexInSegment"": 113, ""startIndexInSegment"": 89, ""selectedText"": ""donation or payment page"", ""value"": ""Financial""}, ""Choice Type"": {""endIndexInSegment"": -1, ""startIndexInSegment"": -1, ""value"": ""Unspecified""}, ""Identifiability"": {""endIndexInSegment"": -1, ""startIndexInSegment"": -1, ""value"": ""Unspecified""}, ""Does/Does Not"": {""endIndexInSegment"": -1, ""startIndexInSegment"": -1, ""value"": ""Does""}, ""User Type"": {""endIndexInSegment"": -1, ""startIndexInSegment"": -1, ""value"": ""Unspecified""}, ""Action Third Party"": {""endIndexInSegment"": 132, ""startIndexInSegment"": 114, ""selectedText"": ""may be shared with"", ""value"": ""Receive/Shared with""}}",5/21/15,http://www.citizen.org/Page.aspx?pid=187
12306,test_category_labeling_highlight_fordham_cccc,117,3787,5,Third Party Sharing/Collection,"{""Third Party Entity"": {""endIndexInSegment"": 162, ""startIndexInSegment"": 133, ""selectedText"": ""third-party service providers"", ""value"": ""Unnamed third party""}, ""Choice Scope"": {""endIndexInSegment"": -1, ""startIndexInSegment"": -1, ""value"": ""not-selected""}, ""Purpose"": {""endIndexInSegment"": 113, ""startIndexInSegment"": 89, ""selectedText"": ""donation or payment page"", ""value"": ""Additional service/feature""}, ""Personal Information Type"": {""endIndexInSegment"": 209, ""startIndexInSegment"": 193, ""selectedText"": ""credit card data"", ""value"": ""Financial""}, ""Choice Type"": {""endIndexInSegment"": -1, ""startIndexInSegment"": -1, ""value"": ""not-selected""}, ""Identifiability"": {""endIndexInSegment"": -1, ""startIndexInSegment"": -1, ""value"": ""not-selected""}, ""Does/Does Not"": {""endIndexInSegment"": -1, ""startIndexInSegment"": -1, ""value"": ""Does""}, ""User Type"": {""endIndexInSegment"": -1, ""startIndexInSegment"": -1, ""value"": ""not-selected""}, ""Action Third Party"": {""endIndexInSegment"": 127, ""startIndexInSegment"": 114, ""selectedText"": ""may be shared"", ""value"": ""Receive/Shared with""}}",5/21/15,http://www.citizen.org/Page.aspx?pid=187
C2879,test_category_labeling_highlight_fordham_cccc,117,3787,6,Third Party Sharing/Collection,"{""Third Party Entity"": {""endIndexInSegment"": 136, ""startIndexInSegment"": 105, ""selectedText"": ""other progressive organizations"", ""value"": ""Unnamed third party""}, ""Choice Scope"": {""endIndexInSegment"": -1, ""startIndexInSegment"": -1, ""value"": ""not-selected""}, ""Purpose"": {""endIndexInSegment"": 13, ""startIndexInSegment"": 0, ""selectedText"": ""If you donate"", ""value"": ""Additional service/feature""}, ""Personal Information Type"": {""endIndexInSegment"": 39, ""startIndexInSegment"": 20, ""selectedText"": ""contact information"", ""value"": ""Contact""}, ""Choice Type"": {""endIndexInSegment"": 205, ""startIndexInSegment"": 146, ""selectedText"": ""opt out of such exchanges by contacting our Member Services"", ""value"": ""Opt-out via contacting company""}, ""Identifiability"": {""endIndexInSegment"": -1, ""startIndexInSegment"": -1, ""value"": ""not-selected""}, ""Does/Does Not"": {""endIndexInSegment"": -1, ""startIndexInSegment"": -1, ""value"": ""Does""}, ""User Type"": {""endIndexInSegment"": -1, ""startIndexInSegment"": -1, ""value"": ""not-selected""}, ""Action Third Party"": {""endIndexInSegment"": 99, ""startIndexInSegment"": 77, ""selectedText"": ""occasionally exchanged"", ""value"": ""Receive/Shared with""}}",5/21/15,http://www.citizen.org/Page.aspx?pid=187
C2880,test_category_labeling_highlight_fordham_bbbb,116,3787,6,User Choice/Control,"{""Choice Type"": {""endIndexInSegment"": 228, ""startIndexInSegment"": 146, ""selectedText"": ""opt out of such exchanges by contacting our Member Services team at (800) 289-3787"", ""value"": ""Opt-out via contacting company""}, ""Choice Scope"": {""endIndexInSegment"": 171, ""startIndexInSegment"": 157, ""selectedText"": ""such exchanges"", ""value"": ""Third party sharing/collection""}, ""User Type"": {""endIndexInSegment"": -1, ""startIndexInSegment"": -1, ""value"": ""not-selected""}, ""Purpose"": {""endIndexInSegment"": 137, ""startIndexInSegment"": 47, ""selectedText"": ""added to a donor file that is occasionally exchanged with other progressive organizations."", ""value"": ""Other""}, ""Personal Information Type"": {""endIndexInSegment"": 39, ""startIndexInSegment"": 20, ""selectedText"": ""contact information"", ""value"": ""Contact""}}",5/21/15,http://www.citizen.org/Page.aspx?pid=187
11149,test_category_labeling_highlight_fordham_bbbb,116,3787,6,Third Party Sharing/Collection,"{""Third Party Entity"": {""endIndexInSegment"": 137, ""startIndexInSegment"": 105, ""selectedText"": ""other progressive organizations."", ""value"": ""Unspecified""}, ""Choice Scope"": {""endIndexInSegment"": -1, ""startIndexInSegment"": -1, ""value"": ""not-selected""}, ""Purpose"": {""endIndexInSegment"": 137, ""startIndexInSegment"": 40, ""selectedText"": ""may be added to a donor file that is occasionally exchanged with other progressive organizations."", ""value"": ""Unspecified""}, ""Personal Information Type"": {""endIndexInSegment"": 39, ""startIndexInSegment"": 20, ""selectedText"": ""contact information"", ""value"": ""Contact""}, ""Choice Type"": {""endIndexInSegment"": -1, ""startIndexInSegment"": -1, ""value"": ""not-selected""}, ""Identifiability"": {""endIndexInSegment"": -1, ""startIndexInSegment"": -1, ""value"": ""not-selected""}, ""Does/Does Not"": {""endIndexInSegment"": -1, ""startIndexInSegment"": -1, ""value"": ""Does""}, ""User Type"": {""endIndexInSegment"": -1, ""startIndexInSegment"": -1, ""value"": ""not-selected""}, ""Action Third Party"": {""endIndexInSegment"": 68, ""startIndexInSegment"": 40, ""selectedText"": ""may be added to a donor file"", ""value"": ""Receive/Shared with""}}",5/21/15,http://www.citizen.org/Page.aspx?pid=187
C2881,test_category_labeling_highlight_fordham_cccc,117,3787,7,Third Party Sharing/Collection,"{""Third Party Entity"": {""endIndexInSegment"": 57, ""startIndexInSegment"": 12, ""selectedText"": ""consultants and organizations working with us"", ""value"": ""Unnamed third party""}, ""Choice Scope"": {""endIndexInSegment"": -1, ""startIndexInSegment"": -1, ""value"": ""not-selected""}, ""Purpose"": {""endIndexInSegment"": 78, ""startIndexInSegment"": 61, ""selectedText"": ""specific projects"", ""value"": ""Additional service/feature""}, ""Personal Information Type"": {""endIndexInSegment"": 154, ""startIndexInSegment"": 99, ""selectedText"": ""information about people who make donations or payments"", ""value"": ""Financial""}, ""Choice Type"": {""endIndexInSegment"": -1, ""startIndexInSegment"": -1, ""value"": ""not-selected""}, ""Identifiability"": {""endIndexInSegment"": -1, ""startIndexInSegment"": -1, ""value"": ""not-selected""}, ""Does/Does Not"": {""endIndexInSegment"": -1, ""startIndexInSegment"": -1, ""value"": ""Does""}, ""User Type"": {""endIndexInSegment"": -1, ""startIndexInSegment"": -1, ""value"": ""not-selected""}, ""Action Third Party"": {""endIndexInSegment"": 95, ""startIndexInSegment"": 79, ""selectedText"": ""temporary access"", ""value"": ""Receive/Shared with""}}",5/21/15,http://www.citizen.org/Page.aspx?pid=187
11151,test_category_labeling_highlight_fordham_bbbb,116,3787,7,Third Party Sharing/Collection,"{""Third Party Entity"": {""endIndexInSegment"": 78, ""startIndexInSegment"": 12, ""selectedText"": ""consultants and organizations working with us on specific projects"", ""value"": ""Named third party""}, ""Choice Scope"": {""endIndexInSegment"": -1, ""startIndexInSegment"": -1, ""value"": ""not-selected""}, ""Purpose"": {""endIndexInSegment"": 154, ""startIndexInSegment"": 0, ""selectedText"": ""We may give consultants and organizations working with us on specific projects temporary access to information about people who make donations or payments"", ""value"": ""Unspecified""}, ""Personal Information Type"": {""endIndexInSegment"": 154, ""startIndexInSegment"": 99, ""selectedText"": ""information about people who make donations or payments"", ""value"": ""Unspecified""}, ""Choice Type"": {""endIndexInSegment"": -1, ""startIndexInSegment"": -1, ""value"": ""not-selected""}, ""Identifiability"": {""endIndexInSegment"": -1, ""startIndexInSegment"": -1, ""value"": ""not-selected""}, ""Does/Does Not"": {""endIndexInSegment"": -1, ""startIndexInSegment"": -1, ""value"": ""Does""}, ""User Type"": {""endIndexInSegment"": -1, ""startIndexInSegment"": -1, ""value"": ""not-selected""}, ""Action Third Party"": {""endIndexInSegment"": 11, ""startIndexInSegment"": 0, ""selectedText"": ""We may give"", ""value"": ""Receive/Shared with""}}",5/21/15,http://www.citizen.org/Page.aspx?pid=187
9191,test_category_labeling_highlight_fordham_dddd,118,3787,7,Data Retention,"{""Personal Information Type"": {""endIndexInSegment"": 192, ""startIndexInSegment"": 181, ""selectedText"": ""information"", ""value"": ""Unspecified""}, ""Retention Period"": {""endIndexInSegment"": 176, ""startIndexInSegment"": 161, ""selectedText"": ""will not retain"", ""value"": ""Other""}, ""Retention Purpose"": {""endIndexInSegment"": -1, ""startIndexInSegment"": -1, ""value"": ""Unspecified""}}",5/21/15,http://www.citizen.org/Page.aspx?pid=187
C2882,test_category_labeling_highlight_fordham_bbbb,116,3787,8,Data Security,"{""Security Measure"": {""endIndexInSegment"": 199, ""startIndexInSegment"": 38, ""selectedText"": ""Public Citizen is fully compliant with PCI-DSS (Payment Card Industry Data Security Standard) and does not maintain credit card information on any of our servers"", ""value"": ""Other""}}",5/21/15,http://www.citizen.org/Page.aspx?pid=187
C2883,test_category_labeling_highlight_fordham_bbbb,116,3787,8,Data Security,"{""Security Measure"": {""endIndexInSegment"": 501, ""startIndexInSegment"": 407, ""selectedText"": ""Servers and workstations are patched regularly and monitored for signs of suspicious activity."", ""value"": ""Privacy review/audit""}}",5/21/15,http://www.citizen.org/Page.aspx?pid=187
C2884,test_category_labeling_highlight_fordham_dddd,118,3787,8,Data Security,"{""Security Measure"": {""endIndexInSegment"": 656, ""startIndexInSegment"": 584, ""selectedText"": ""Data in transit outside of Public Citizen's secure network is encrypted."", ""value"": ""Secure data transfer""}}",5/21/15,http://www.citizen.org/Page.aspx?pid=187
C2885,test_category_labeling_highlight_fordham_dddd,118,3787,8,Data Security,"{""Security Measure"": {""endIndexInSegment"": 550, ""startIndexInSegment"": 502, ""selectedText"": ""Access to Public Citizen's network is restricted"", ""value"": ""Data access limitation""}}",5/21/15,http://www.citizen.org/Page.aspx?pid=187
11153,test_category_labeling_highlight_fordham_bbbb,116,3787,8,Data Security,"{""Security Measure"": {""endIndexInSegment"": 406, ""startIndexInSegment"": 201, ""selectedText"": ""Public Citizen's network is protected at the perimeter by firewalls that include intrusion detection and prevention capabilities, and all servers and workstations have centrally managed antivirus software."", ""value"": ""Generic""}}",5/21/15,http://www.citizen.org/Page.aspx?pid=187
C2886,test_category_labeling_highlight_fordham_bbbb,116,3787,9,Third Party Sharing/Collection,"{""Third Party Entity"": {""endIndexInSegment"": 220, ""startIndexInSegment"": 200, ""selectedText"": ""o any outside entity"", ""value"": ""Unspecified""}, ""Choice Scope"": {""endIndexInSegment"": -1, ""startIndexInSegment"": -1, ""value"": ""not-selected""}, ""Purpose"": {""endIndexInSegment"": 300, ""startIndexInSegment"": 270, ""selectedText"": ""disclosure is compelled by law"", ""value"": ""Legal requirement""}, ""Personal Information Type"": {""endIndexInSegment"": 183, ""startIndexInSegment"": 168, ""selectedText"": ""the information"", ""value"": ""Unspecified""}, ""Choice Type"": {""endIndexInSegment"": -1, ""startIndexInSegment"": -1, ""value"": ""not-selected""}, ""Identifiability"": {""endIndexInSegment"": -1, ""startIndexInSegment"": -1, ""value"": ""not-selected""}, ""Does/Does Not"": {""endIndexInSegment"": 227, ""startIndexInSegment"": 221, ""selectedText"": ""unless"", ""value"": ""Does""}, ""User Type"": {""endIndexInSegment"": -1, ""startIndexInSegment"": -1, ""value"": ""not-selected""}, ""Action Third Party"": {""endIndexInSegment"": 167, ""startIndexInSegment"": 159, ""selectedText"": ""disclose"", ""value"": ""Receive/Shared with""}}",5/21/15,http://www.citizen.org/Page.aspx?pid=187
11157,test_category_labeling_highlight_fordham_bbbb,116,3787,9,Third Party Sharing/Collection,"{""Third Party Entity"": {""endIndexInSegment"": 220, ""startIndexInSegment"": 200, ""selectedText"": ""o any outside entity"", ""value"": ""Unspecified""}, ""Choice Scope"": {""endIndexInSegment"": -1, ""startIndexInSegment"": -1, ""value"": ""not-selected""}, ""Purpose"": {""endIndexInSegment"": 220, ""startIndexInSegment"": 149, ""selectedText"": ""We do not disclose the information in that record to any outside entity"", ""value"": ""Unspecified""}, ""Personal Information Type"": {""endIndexInSegment"": 183, ""startIndexInSegment"": 168, ""selectedText"": ""the information"", ""value"": ""Unspecified""}, ""Choice Type"": {""endIndexInSegment"": -1, ""startIndexInSegment"": -1, ""value"": ""not-selected""}, ""Identifiability"": {""endIndexInSegment"": -1, ""startIndexInSegment"": -1, ""value"": ""not-selected""}, ""Does/Does Not"": {""endIndexInSegment"": 158, ""startIndexInSegment"": 149, ""selectedText"": ""We do not"", ""value"": ""Does Not""}, ""User Type"": {""endIndexInSegment"": -1, ""startIndexInSegment"": -1, ""value"": ""not-selected""}, ""Action Third Party"": {""endIndexInSegment"": 167, ""startIndexInSegment"": 159, ""selectedText"": ""disclose"", ""value"": ""Receive/Shared with""}}",5/21/15,http://www.citizen.org/Page.aspx?pid=187
11158,test_category_labeling_highlight_fordham_bbbb,116,3787,9,Third Party Sharing/Collection,"{""Third Party Entity"": {""endIndexInSegment"": 220, ""startIndexInSegment"": 200, ""selectedText"": ""o any outside entity"", ""value"": ""Unspecified""}, ""Choice Scope"": {""endIndexInSegment"": 252, ""startIndexInSegment"": 228, ""selectedText"": ""you give us permission t"", ""value"": ""Unspecified""}, ""Purpose"": {""endIndexInSegment"": 250, ""startIndexInSegment"": 228, ""selectedText"": ""you give us permission"", ""value"": ""Unspecified""}, ""Personal Information Type"": {""endIndexInSegment"": 183, ""startIndexInSegment"": 168, ""selectedText"": ""the information"", ""value"": ""Unspecified""}, ""Choice Type"": {""endIndexInSegment"": 250, ""startIndexInSegment"": 228, ""selectedText"": ""you give us permission"", ""value"": ""Opt-in""}, ""Identifiability"": {""endIndexInSegment"": -1, ""startIndexInSegment"": -1, ""value"": ""not-selected""}, ""Does/Does Not"": {""endIndexInSegment"": 227, ""startIndexInSegment"": 221, ""selectedText"": ""unless"", ""value"": ""Does""}, ""User Type"": {""endIndexInSegment"": -1, ""startIndexInSegment"": -1, ""value"": ""not-selected""}, ""Action Third Party"": {""endIndexInSegment"": 167, ""startIndexInSegment"": 159, ""selectedText"": ""disclose"", ""value"": ""Receive/Shared with""}}",5/21/15,http://www.citizen.org/Page.aspx?pid=187
9192,test_category_labeling_highlight_fordham_dddd,118,3787,9,Data Retention,"{""Personal Information Type"": {""endIndexInSegment"": 100, ""startIndexInSegment"": 50, ""selectedText"": ""contact us by phone or email, we may keep a record"", ""value"": ""Contact""}, ""Retention Period"": {""endIndexInSegment"": -1, ""startIndexInSegment"": -1, ""value"": ""Unspecified""}, ""Retention Purpose"": {""endIndexInSegment"": 125, ""startIndexInSegment"": 116, ""selectedText"": ""follow up"", ""value"": ""Perform service""}}",5/21/15,http://www.citizen.org/Page.aspx?pid=187
9193,test_category_labeling_highlight_fordham_dddd,118,3787,9,Third Party Sharing/Collection,"{""Third Party Entity"": {""endIndexInSegment"": 220, ""startIndexInSegment"": 202, ""selectedText"": ""any outside entity"", ""value"": ""Unnamed third party""}, ""Choice Scope"": {""endIndexInSegment"": 183, ""startIndexInSegment"": 159, ""selectedText"": ""disclose the information"", ""value"": ""Collection""}, ""Purpose"": {""endIndexInSegment"": -1, ""startIndexInSegment"": -1, ""value"": ""Unspecified""}, ""Personal Information Type"": {""endIndexInSegment"": 78, ""startIndexInSegment"": 64, ""selectedText"": ""phone or email"", ""value"": ""Contact""}, ""Choice Type"": {""endIndexInSegment"": 250, ""startIndexInSegment"": 221, ""selectedText"": ""unless you give us permission"", ""value"": ""Opt-in""}, ""Identifiability"": {""endIndexInSegment"": 78, ""startIndexInSegment"": 50, ""selectedText"": ""contact us by phone or email"", ""value"": ""Identifiable""}, ""Does/Does Not"": {""endIndexInSegment"": 158, ""startIndexInSegment"": 152, ""selectedText"": ""do not"", ""value"": ""Does Not""}, ""User Type"": {""endIndexInSegment"": -1, ""startIndexInSegment"": -1, ""value"": ""Unspecified""}, ""Action Third Party"": {""endIndexInSegment"": 183, ""startIndexInSegment"": 159, ""selectedText"": ""disclose the information"", ""value"": ""Receive/Shared with""}}",5/21/15,http://www.citizen.org/Page.aspx?pid=187
9194,test_category_labeling_highlight_fordham_dddd,118,3787,9,Third Party Sharing/Collection,"{""Third Party Entity"": {""endIndexInSegment"": 220, ""startIndexInSegment"": 202, ""selectedText"": ""any outside entity"", ""value"": ""Unnamed third party""}, ""Choice Scope"": {""endIndexInSegment"": -1, ""startIndexInSegment"": -1, ""value"": ""Unspecified""}, ""Purpose"": {""endIndexInSegment"": 300, ""startIndexInSegment"": 270, ""selectedText"": ""disclosure is compelled by law"", ""value"": ""Legal requirement""}, ""Personal Information Type"": {""endIndexInSegment"": 78, ""startIndexInSegment"": 64, ""selectedText"": ""phone or email"", ""value"": ""Contact""}, ""Choice Type"": {""endIndexInSegment"": -1, ""startIndexInSegment"": -1, ""value"": ""Unspecified""}, ""Identifiability"": {""endIndexInSegment"": 78, ""startIndexInSegment"": 50, ""selectedText"": ""contact us by phone or email"", ""value"": ""Identifiable""}, ""Does/Does Not"": {""endIndexInSegment"": 227, ""startIndexInSegment"": 221, ""selectedText"": ""unless"", ""value"": ""Does""}, ""User Type"": {""endIndexInSegment"": -1, ""startIndexInSegment"": -1, ""value"": ""Unspecified""}, ""Action Third Party"": {""endIndexInSegment"": 183, ""startIndexInSegment"": 159, ""selectedText"": ""disclose the information"", ""value"": ""Receive/Shared with""}}",5/21/15,http://www.citizen.org/Page.aspx?pid=187
C2887,test_category_labeling_highlight_fordham_bbbb,116,3787,10,First Party Collection/Use,"{""Collection Mode"": {""endIndexInSegment"": -1, ""startIndexInSegment"": -1, ""value"": ""not-selected""}, ""Choice Scope"": {""endIndexInSegment"": -1, ""startIndexInSegment"": -1, ""value"": ""not-selected""}, ""Action First-Party"": {""endIndexInSegment"": 70, ""startIndexInSegment"": 54, ""selectedText"": ""Our website uses"", ""value"": ""Collect on website""}, ""Personal Information Type"": {""endIndexInSegment"": 78, ""startIndexInSegment"": 71, ""selectedText"": ""cookies"", ""value"": ""Cookies and tracking elements""}, ""Choice Type"": {""endIndexInSegment"": -1, ""startIndexInSegment"": -1, ""value"": ""not-selected""}, ""Identifiability"": {""endIndexInSegment"": -1, ""startIndexInSegment"": -1, ""value"": ""not-selected""}, ""Does/Does Not"": {""endIndexInSegment"": -1, ""startIndexInSegment"": -1, ""value"": ""Does""}, ""User Type"": {""endIndexInSegment"": -1, ""startIndexInSegment"": -1, ""value"": ""not-selected""}, ""Purpose"": {""endIndexInSegment"": 281, ""startIndexInSegment"": 213, ""selectedText"": ""for tracking traffic so that we can evaluate and improve the website"", ""value"": ""Analytics/Research""}}",5/21/15,http://www.citizen.org/Page.aspx?pid=187
C2888,test_category_labeling_highlight_fordham_cccc,117,3787,10,First Party Collection/Use,"{""Collection Mode"": {""endIndexInSegment"": -1, ""startIndexInSegment"": -1, ""value"": ""not-selected""}, ""Choice Scope"": {""endIndexInSegment"": -1, ""startIndexInSegment"": -1, ""value"": ""not-selected""}, ""Action First-Party"": {""endIndexInSegment"": 70, ""startIndexInSegment"": 54, ""selectedText"": ""Our website uses"", ""value"": ""Collect on website""}, ""Personal Information Type"": {""endIndexInSegment"": 78, ""startIndexInSegment"": 71, ""selectedText"": ""cookies"", ""value"": ""Cookies and tracking elements""}, ""Choice Type"": {""endIndexInSegment"": -1, ""startIndexInSegment"": -1, ""value"": ""not-selected""}, ""Identifiability"": {""endIndexInSegment"": -1, ""startIndexInSegment"": -1, ""value"": ""not-selected""}, ""Does/Does Not"": {""endIndexInSegment"": -1, ""startIndexInSegment"": -1, ""value"": ""Does""}, ""User Type"": {""endIndexInSegment"": -1, ""startIndexInSegment"": -1, ""value"": ""not-selected""}, ""Purpose"": {""endIndexInSegment"": 360, ""startIndexInSegment"": 309, ""selectedText"": ""to facilitate outreach based on visitors' interests"", ""value"": ""Marketing""}}",5/21/15,http://www.citizen.org/Page.aspx?pid=187
C2889,test_category_labeling_highlight_fordham_dddd,118,3787,10,First Party Collection/Use,"{""Collection Mode"": {""endIndexInSegment"": -1, ""startIndexInSegment"": -1, ""value"": ""not-selected""}, ""Choice Scope"": {""endIndexInSegment"": -1, ""startIndexInSegment"": -1, ""value"": ""Unspecified""}, ""Action First-Party"": {""endIndexInSegment"": -1, ""startIndexInSegment"": -1, ""value"": ""Unspecified""}, ""Personal Information Type"": {""endIndexInSegment"": 78, ""startIndexInSegment"": 71, ""selectedText"": ""cookies"", ""value"": ""Cookies and tracking elements""}, ""Choice Type"": {""endIndexInSegment"": -1, ""startIndexInSegment"": -1, ""value"": ""Unspecified""}, ""Identifiability"": {""endIndexInSegment"": -1, ""startIndexInSegment"": -1, ""value"": ""Unspecified""}, ""Does/Does Not"": {""endIndexInSegment"": 70, ""startIndexInSegment"": 66, ""selectedText"": ""uses"", ""value"": ""Does""}, ""User Type"": {""endIndexInSegment"": -1, ""startIndexInSegment"": -1, ""value"": ""Unspecified""}, ""Purpose"": {""endIndexInSegment"": 189, ""startIndexInSegment"": 108, ""selectedText"": ""so that you don't have to reenter information on action, donate, or payment pages"", ""value"": ""Basic service/feature""}}",5/21/15,http://www.citizen.org/Page.aspx?pid=187
C2890,test_category_labeling_highlight_fordham_bbbb,116,3787,10,First Party Collection/Use,"{""Collection Mode"": {""endIndexInSegment"": -1, ""startIndexInSegment"": -1, ""value"": ""not-selected""}, ""Choice Scope"": {""endIndexInSegment"": -1, ""startIndexInSegment"": -1, ""value"": ""not-selected""}, ""Action First-Party"": {""endIndexInSegment"": 70, ""startIndexInSegment"": 54, ""selectedText"": ""Our website uses"", ""value"": ""Collect on website""}, ""Personal Information Type"": {""endIndexInSegment"": 78, ""startIndexInSegment"": 71, ""selectedText"": ""cookies"", ""value"": ""Cookies and tracking elements""}, ""Choice Type"": {""endIndexInSegment"": -1, ""startIndexInSegment"": -1, ""value"": ""not-selected""}, ""Identifiability"": {""endIndexInSegment"": -1, ""startIndexInSegment"": -1, ""value"": ""not-selected""}, ""Does/Does Not"": {""endIndexInSegment"": -1, ""startIndexInSegment"": -1, ""value"": ""Does""}, ""User Type"": {""endIndexInSegment"": -1, ""startIndexInSegment"": -1, ""value"": ""not-selected""}, ""Purpose"": {""endIndexInSegment"": 361, ""startIndexInSegment"": 309, ""selectedText"": ""to facilitate outreach based on visitors' interests."", ""value"": ""Personalization/Customization""}}",5/21/15,http://www.citizen.org/Page.aspx?pid=187
9196,test_category_labeling_highlight_fordham_dddd,118,3787,10,First Party Collection/Use,"{""Collection Mode"": {""endIndexInSegment"": -1, ""startIndexInSegment"": -1, ""value"": ""not-selected""}, ""Choice Scope"": {""endIndexInSegment"": -1, ""startIndexInSegment"": -1, ""value"": ""Unspecified""}, ""Action First-Party"": {""endIndexInSegment"": -1, ""startIndexInSegment"": -1, ""value"": ""Unspecified""}, ""Personal Information Type"": {""endIndexInSegment"": 78, ""startIndexInSegment"": 71, ""selectedText"": ""cookies"", ""value"": ""Cookies and tracking elements""}, ""Choice Type"": {""endIndexInSegment"": -1, ""startIndexInSegment"": -1, ""value"": ""Unspecified""}, ""Identifiability"": {""endIndexInSegment"": -1, ""startIndexInSegment"": -1, ""value"": ""Unspecified""}, ""Does/Does Not"": {""endIndexInSegment"": 70, ""startIndexInSegment"": 66, ""selectedText"": ""uses"", ""value"": ""Does""}, ""User Type"": {""endIndexInSegment"": -1, ""startIndexInSegment"": -1, ""value"": ""Unspecified""}, ""Purpose"": {""endIndexInSegment"": 281, ""startIndexInSegment"": 213, ""selectedText"": ""for tracking traffic so that we can evaluate and improve the website"", ""value"": ""Analytics/Research""}}",5/21/15,http://www.citizen.org/Page.aspx?pid=187
C2891,test_category_labeling_highlight_fordham_dddd,118,3787,11,First Party Collection/Use,"{""Collection Mode"": {""endIndexInSegment"": 191, ""startIndexInSegment"": 167, ""selectedText"": ""We also use IP addresses"", ""value"": ""Implicit""}, ""Choice Scope"": {""endIndexInSegment"": -1, ""startIndexInSegment"": -1, ""value"": ""Unspecified""}, ""Action First-Party"": {""endIndexInSegment"": 165, ""startIndexInSegment"": 158, ""selectedText"": ""website"", ""value"": ""Collect on website""}, ""Personal Information Type"": {""endIndexInSegment"": 191, ""startIndexInSegment"": 179, ""selectedText"": ""IP addresses"", ""value"": ""IP address and device IDs""}, ""Choice Type"": {""endIndexInSegment"": -1, ""startIndexInSegment"": -1, ""value"": ""Unspecified""}, ""Identifiability"": {""endIndexInSegment"": 208, ""startIndexInSegment"": 199, ""selectedText"": ""aggregate"", ""value"": ""Aggregated or anonymized""}, ""Does/Does Not"": {""endIndexInSegment"": 178, ""startIndexInSegment"": 167, ""selectedText"": ""We also use"", ""value"": ""Does""}, ""User Type"": {""endIndexInSegment"": 165, ""startIndexInSegment"": 139, ""selectedText"": ""someone visits the website"", ""value"": ""Unspecified""}, ""Purpose"": {""endIndexInSegment"": 273, ""startIndexInSegment"": 209, ""selectedText"": ""to track traffic so that we can evaluate and improve the website"", ""value"": ""Analytics/Research""}}",5/21/15,http://www.citizen.org/Page.aspx?pid=187
C2892,test_category_labeling_highlight_fordham_cccc,117,3787,11,First Party Collection/Use,"{""Collection Mode"": {""endIndexInSegment"": -1, ""startIndexInSegment"": -1, ""value"": ""not-selected""}, ""Choice Scope"": {""endIndexInSegment"": -1, ""startIndexInSegment"": -1, ""value"": ""not-selected""}, ""Action First-Party"": {""endIndexInSegment"": 165, ""startIndexInSegment"": 101, ""selectedText"": ""of the computer or network from which someone visits the website"", ""value"": ""Collect on website""}, ""Personal Information Type"": {""endIndexInSegment"": 69, ""startIndexInSegment"": 48, ""selectedText"": ""we log the IP address"", ""value"": ""IP address and device IDs""}, ""Choice Type"": {""endIndexInSegment"": -1, ""startIndexInSegment"": -1, ""value"": ""not-selected""}, ""Identifiability"": {""endIndexInSegment"": -1, ""startIndexInSegment"": -1, ""value"": ""not-selected""}, ""Does/Does Not"": {""endIndexInSegment"": -1, ""startIndexInSegment"": -1, ""value"": ""Does""}, ""User Type"": {""endIndexInSegment"": -1, ""startIndexInSegment"": -1, ""value"": ""not-selected""}, ""Purpose"": {""endIndexInSegment"": 46, ""startIndexInSegment"": 4, ""selectedText"": ""systems administration and troubleshooting"", ""value"": ""Service Operation and Security""}}",5/21/15,http://www.citizen.org/Page.aspx?pid=187
11163,test_category_labeling_highlight_fordham_bbbb,116,3787,11,First Party Collection/Use,"{""Collection Mode"": {""endIndexInSegment"": -1, ""startIndexInSegment"": -1, ""value"": ""not-selected""}, ""Choice Scope"": {""endIndexInSegment"": -1, ""startIndexInSegment"": -1, ""value"": ""not-selected""}, ""Action First-Party"": {""endIndexInSegment"": 54, ""startIndexInSegment"": 48, ""selectedText"": ""we log"", ""value"": ""Collect on website""}, ""Personal Information Type"": {""endIndexInSegment"": 116, ""startIndexInSegment"": 56, ""selectedText"": ""he IP address (the location on the Internet) of the computer"", ""value"": ""IP address and device IDs""}, ""Choice Type"": {""endIndexInSegment"": -1, ""startIndexInSegment"": -1, ""value"": ""not-selected""}, ""Identifiability"": {""endIndexInSegment"": -1, ""startIndexInSegment"": -1, ""value"": ""not-selected""}, ""Does/Does Not"": {""endIndexInSegment"": -1, ""startIndexInSegment"": -1, ""value"": ""Does""}, ""User Type"": {""endIndexInSegment"": -1, ""startIndexInSegment"": -1, ""value"": ""not-selected""}, ""Purpose"": {""endIndexInSegment"": 47, ""startIndexInSegment"": 0, ""selectedText"": ""For systems administration and troubleshooting,"", ""value"": ""Service Operation and Security""}}",5/21/15,http://www.citizen.org/Page.aspx?pid=187
C2893,test_category_labeling_highlight_fordham_bbbb,116,3787,12,Policy Change,"{""Change Type"": {""endIndexInSegment"": 186, ""startIndexInSegment"": 52, ""selectedText"": ""This page reflects the current policy at any given time. It may be updated occasionally. It was most recently updated on May 21, 2015."", ""value"": ""Unspecified""}, ""User Choice"": {""endIndexInSegment"": 186, ""startIndexInSegment"": 52, ""selectedText"": ""This page reflects the current policy at any given time. It may be updated occasionally. It was most recently updated on May 21, 2015."", ""value"": ""Unspecified""}, ""Notification Type"": {""endIndexInSegment"": 186, ""startIndexInSegment"": 52, ""selectedText"": ""This page reflects the current policy at any given time. It may be updated occasionally. It was most recently updated on May 21, 2015."", ""value"": ""General notice in privacy policy""}}",5/21/15,http://www.citizen.org/Page.aspx?pid=187
9202,test_category_labeling_highlight_fordham_dddd,118,3787,12,Other,"{""Other Type"": {""endIndexInSegment"": 31, ""startIndexInSegment"": 9, ""selectedText"": ""Updates to This Policy"", ""value"": ""Introductory/Generic""}}",5/21/15,http://www.citizen.org/Page.aspx?pid=187
C2894,test_category_labeling_highlight_fordham_bbbb,116,3787,13,Other,"{""Other Type"": {""endIndexInSegment"": 161, ""startIndexInSegment"": 39, ""selectedText"": ""If you have questions about this privacy policy, contact our Member Services team at (800) 289-3787 or member@citizen.org."", ""value"": ""Privacy contact information""}}",5/21/15,http://www.citizen.org/Page.aspx?pid=187
