C282,test_category_labeling_highlight_fordham_aaaa,121,3826,0,Other,"{""Other Type"": {""endIndexInSegment"": 45, ""startIndexInSegment"": 0, ""selectedText"": ""Privacy, Security, and Accessibility Policies"", ""value"": ""Introductory/Generic""}}",Not specified,https://www.usa.gov/policies
C283,test_category_labeling_highlight_fordham_aaaa,121,3826,1,First Party Collection/Use,"{""Collection Mode"": {""endIndexInSegment"": 119, ""startIndexInSegment"": 73, ""selectedText"": ""unless you choose to provide that information."", ""value"": ""Implicit""}, ""Choice Scope"": {""endIndexInSegment"": -1, ""startIndexInSegment"": -1, ""value"": ""Unspecified""}, ""Action First-Party"": {""endIndexInSegment"": 72, ""startIndexInSegment"": 45, ""selectedText"": ""when you visit our web site"", ""value"": ""Collect on website""}, ""Personal Information Type"": {""endIndexInSegment"": 44, ""startIndexInSegment"": 24, ""selectedText"": ""personal information"", ""value"": ""Generic personal information""}, ""Choice Type"": {""endIndexInSegment"": 119, ""startIndexInSegment"": 73, ""selectedText"": ""unless you choose to provide that information."", ""value"": ""Opt-in""}, ""Identifiability"": {""endIndexInSegment"": -1, ""startIndexInSegment"": -1, ""value"": ""Unspecified""}, ""Does/Does Not"": {""endIndexInSegment"": 23, ""startIndexInSegment"": 8, ""selectedText"": ""doesn't collect"", ""value"": ""Does Not""}, ""User Type"": {""endIndexInSegment"": -1, ""startIndexInSegment"": -1, ""value"": ""not-selected""}, ""Purpose"": {""endIndexInSegment"": -1, ""startIndexInSegment"": -1, ""value"": ""Unspecified""}}",Not specified,https://www.usa.gov/policies
11935,test_category_labeling_highlight_fordham_dddd,118,3826,1,First Party Collection/Use,"{""Collection Mode"": {""endIndexInSegment"": 72, ""startIndexInSegment"": 45, ""selectedText"": ""when you visit our web site"", ""value"": ""Implicit""}, ""Choice Scope"": {""endIndexInSegment"": 118, ""startIndexInSegment"": 94, ""selectedText"": ""provide that information"", ""value"": ""Collection""}, ""Action First-Party"": {""endIndexInSegment"": 23, ""startIndexInSegment"": 0, ""selectedText"": ""USA.gov doesn't collect"", ""value"": ""Collect on website""}, ""Personal Information Type"": {""endIndexInSegment"": 44, ""startIndexInSegment"": 24, ""selectedText"": ""personal information"", ""value"": ""Generic personal information""}, ""Choice Type"": {""endIndexInSegment"": 119, ""startIndexInSegment"": 73, ""selectedText"": ""unless you choose to provide that information."", ""value"": ""Opt-in""}, ""Identifiability"": {""endIndexInSegment"": -1, ""startIndexInSegment"": -1, ""value"": ""Unspecified""}, ""Does/Does Not"": {""endIndexInSegment"": 15, ""startIndexInSegment"": 8, ""selectedText"": ""doesn't"", ""value"": ""Does Not""}, ""User Type"": {""endIndexInSegment"": -1, ""startIndexInSegment"": -1, ""value"": ""Unspecified""}, ""Purpose"": {""endIndexInSegment"": -1, ""startIndexInSegment"": -1, ""value"": ""Unspecified""}}",Not specified,https://www.usa.gov/policies
C284,test_category_labeling_highlight_fordham_dddd,118,3826,2,Other,"{""Other Type"": {""endIndexInSegment"": 308, ""startIndexInSegment"": 0, ""selectedText"": ""What's on This Page Information Collected and Stored Automatically Site Security Use of Persistent Cookies Accessibility Policy External Links If You Send Us Personal Information"", ""value"": ""Introductory/Generic""}}",Not specified,https://www.usa.gov/policies
12890,test_category_labeling_highlight_fordham_cccc,117,3826,2,Other,"{""Other Type"": {""endIndexInSegment"": 19, ""startIndexInSegment"": 0, ""selectedText"": ""What's on This Page"", ""value"": ""Introductory/Generic""}}",Not specified,https://www.usa.gov/policies
C285,test_category_labeling_highlight_fordham_cccc,117,3826,3,First Party Collection/Use,"{""Collection Mode"": {""endIndexInSegment"": -1, ""startIndexInSegment"": -1, ""value"": ""not-selected""}, ""Choice Scope"": {""endIndexInSegment"": -1, ""startIndexInSegment"": -1, ""value"": ""not-selected""}, ""Action First-Party"": {""endIndexInSegment"": 142, ""startIndexInSegment"": 100, ""selectedText"": ""we may store some or all of the following:"", ""value"": ""Collect on website""}, ""Personal Information Type"": {""endIndexInSegment"": 172, ""startIndexInSegment"": 147, ""selectedText"": ""Internet protocol address"", ""value"": ""IP address and device IDs""}, ""Choice Type"": {""endIndexInSegment"": -1, ""startIndexInSegment"": -1, ""value"": ""not-selected""}, ""Identifiability"": {""endIndexInSegment"": -1, ""startIndexInSegment"": -1, ""value"": ""not-selected""}, ""Does/Does Not"": {""endIndexInSegment"": -1, ""startIndexInSegment"": -1, ""value"": ""Does""}, ""User Type"": {""endIndexInSegment"": -1, ""startIndexInSegment"": -1, ""value"": ""not-selected""}, ""Purpose"": {""endIndexInSegment"": -1, ""startIndexInSegment"": -1, ""value"": ""Unspecified""}}",Not specified,https://www.usa.gov/policies
C286,test_category_labeling_highlight_fordham_cccc,117,3826,3,First Party Collection/Use,"{""Collection Mode"": {""endIndexInSegment"": -1, ""startIndexInSegment"": -1, ""value"": ""not-selected""}, ""Choice Scope"": {""endIndexInSegment"": -1, ""startIndexInSegment"": -1, ""value"": ""not-selected""}, ""Action First-Party"": {""endIndexInSegment"": 142, ""startIndexInSegment"": 100, ""selectedText"": ""we may store some or all of the following:"", ""value"": ""Collect on website""}, ""Personal Information Type"": {""endIndexInSegment"": 345, ""startIndexInSegment"": 173, ""selectedText"": ""from which you access USA.gov, date and time, the name of the web site from which you linked to USA.gov, the name of the file or words you searched, items clicked on a page"", ""value"": ""User online activities""}, ""Choice Type"": {""endIndexInSegment"": -1, ""startIndexInSegment"": -1, ""value"": ""not-selected""}, ""Identifiability"": {""endIndexInSegment"": -1, ""startIndexInSegment"": -1, ""value"": ""not-selected""}, ""Does/Does Not"": {""endIndexInSegment"": -1, ""startIndexInSegment"": -1, ""value"": ""Does""}, ""User Type"": {""endIndexInSegment"": -1, ""startIndexInSegment"": -1, ""value"": ""not-selected""}, ""Purpose"": {""endIndexInSegment"": -1, ""startIndexInSegment"": -1, ""value"": ""Unspecified""}}",Not specified,https://www.usa.gov/policies
13129,test_category_labeling_highlight_fordham_aaaa,121,3826,3,First Party Collection/Use,"{""Collection Mode"": {""endIndexInSegment"": 55, ""startIndexInSegment"": 42, ""selectedText"": ""Automatically"", ""value"": ""Implicit""}, ""Choice Scope"": {""endIndexInSegment"": -1, ""startIndexInSegment"": -1, ""value"": ""Unspecified""}, ""Action First-Party"": {""endIndexInSegment"": 98, ""startIndexInSegment"": 76, ""selectedText"": ""When you visit USA.gov"", ""value"": ""Collect on website""}, ""Personal Information Type"": {""endIndexInSegment"": 172, ""startIndexInSegment"": 143, ""selectedText"": ""the Internet protocol address"", ""value"": ""IP address and device IDs""}, ""Choice Type"": {""endIndexInSegment"": -1, ""startIndexInSegment"": -1, ""value"": ""Unspecified""}, ""Identifiability"": {""endIndexInSegment"": -1, ""startIndexInSegment"": -1, ""value"": ""not-selected""}, ""Does/Does Not"": {""endIndexInSegment"": 30, ""startIndexInSegment"": 21, ""selectedText"": ""Collected"", ""value"": ""Does""}, ""User Type"": {""endIndexInSegment"": -1, ""startIndexInSegment"": -1, ""value"": ""Unspecified""}, ""Purpose"": {""endIndexInSegment"": -1, ""startIndexInSegment"": -1, ""value"": ""Unspecified""}}",Not specified,https://www.usa.gov/policies
13130,test_category_labeling_highlight_fordham_aaaa,121,3826,3,First Party Collection/Use,"{""Collection Mode"": {""endIndexInSegment"": 55, ""startIndexInSegment"": 42, ""selectedText"": ""Automatically"", ""value"": ""Implicit""}, ""Choice Scope"": {""endIndexInSegment"": -1, ""startIndexInSegment"": -1, ""value"": ""Unspecified""}, ""Action First-Party"": {""endIndexInSegment"": 98, ""startIndexInSegment"": 76, ""selectedText"": ""When you visit USA.gov"", ""value"": ""Collect on website""}, ""Personal Information Type"": {""endIndexInSegment"": 388, ""startIndexInSegment"": 351, ""selectedText"": ""the browser and operating system used"", ""value"": ""Computer information""}, ""Choice Type"": {""endIndexInSegment"": -1, ""startIndexInSegment"": -1, ""value"": ""Unspecified""}, ""Identifiability"": {""endIndexInSegment"": -1, ""startIndexInSegment"": -1, ""value"": ""not-selected""}, ""Does/Does Not"": {""endIndexInSegment"": 30, ""startIndexInSegment"": 21, ""selectedText"": ""Collected"", ""value"": ""Does""}, ""User Type"": {""endIndexInSegment"": -1, ""startIndexInSegment"": -1, ""value"": ""Unspecified""}, ""Purpose"": {""endIndexInSegment"": -1, ""startIndexInSegment"": -1, ""value"": ""Unspecified""}}",Not specified,https://www.usa.gov/policies
13131,test_category_labeling_highlight_fordham_aaaa,121,3826,3,First Party Collection/Use,"{""Collection Mode"": {""endIndexInSegment"": 55, ""startIndexInSegment"": 42, ""selectedText"": ""Automatically"", ""value"": ""Implicit""}, ""Choice Scope"": {""endIndexInSegment"": -1, ""startIndexInSegment"": -1, ""value"": ""Unspecified""}, ""Action First-Party"": {""endIndexInSegment"": 98, ""startIndexInSegment"": 76, ""selectedText"": ""When you visit USA.gov"", ""value"": ""Collect on website""}, ""Personal Information Type"": {""endIndexInSegment"": 345, ""startIndexInSegment"": 219, ""selectedText"": ""the name of the web site from which you linked to USA.gov, the name of the file or words you searched, items clicked on a page"", ""value"": ""User online activities""}, ""Choice Type"": {""endIndexInSegment"": -1, ""startIndexInSegment"": -1, ""value"": ""Unspecified""}, ""Identifiability"": {""endIndexInSegment"": -1, ""startIndexInSegment"": -1, ""value"": ""not-selected""}, ""Does/Does Not"": {""endIndexInSegment"": 30, ""startIndexInSegment"": 21, ""selectedText"": ""Collected"", ""value"": ""Does""}, ""User Type"": {""endIndexInSegment"": -1, ""startIndexInSegment"": -1, ""value"": ""Unspecified""}, ""Purpose"": {""endIndexInSegment"": -1, ""startIndexInSegment"": -1, ""value"": ""Unspecified""}}",Not specified,https://www.usa.gov/policies
13132,test_category_labeling_highlight_fordham_aaaa,121,3826,3,First Party Collection/Use,"{""Collection Mode"": {""endIndexInSegment"": 55, ""startIndexInSegment"": 42, ""selectedText"": ""Automatically"", ""value"": ""Implicit""}, ""Choice Scope"": {""endIndexInSegment"": -1, ""startIndexInSegment"": -1, ""value"": ""Unspecified""}, ""Action First-Party"": {""endIndexInSegment"": 98, ""startIndexInSegment"": 76, ""selectedText"": ""When you visit USA.gov"", ""value"": ""Collect on website""}, ""Personal Information Type"": {""endIndexInSegment"": 217, ""startIndexInSegment"": 204, ""selectedText"": ""date and time"", ""value"": ""Other""}, ""Choice Type"": {""endIndexInSegment"": -1, ""startIndexInSegment"": -1, ""value"": ""Unspecified""}, ""Identifiability"": {""endIndexInSegment"": -1, ""startIndexInSegment"": -1, ""value"": ""not-selected""}, ""Does/Does Not"": {""endIndexInSegment"": 30, ""startIndexInSegment"": 21, ""selectedText"": ""Collected"", ""value"": ""Does""}, ""User Type"": {""endIndexInSegment"": -1, ""startIndexInSegment"": -1, ""value"": ""Unspecified""}, ""Purpose"": {""endIndexInSegment"": -1, ""startIndexInSegment"": -1, ""value"": ""Unspecified""}}",Not specified,https://www.usa.gov/policies
13134,test_category_labeling_highlight_fordham_aaaa,121,3826,3,Data Retention,"{""Personal Information Type"": {""endIndexInSegment"": 172, ""startIndexInSegment"": 143, ""selectedText"": ""the Internet protocol address"", ""value"": ""IP address and device IDs""}, ""Retention Period"": {""endIndexInSegment"": 41, ""startIndexInSegment"": 35, ""selectedText"": ""Stored"", ""value"": ""Unspecified""}, ""Retention Purpose"": {""endIndexInSegment"": -1, ""startIndexInSegment"": -1, ""value"": ""Unspecified""}}",Not specified,https://www.usa.gov/policies
13135,test_category_labeling_highlight_fordham_aaaa,121,3826,3,Data Retention,"{""Personal Information Type"": {""endIndexInSegment"": 217, ""startIndexInSegment"": 204, ""selectedText"": ""date and time"", ""value"": ""Other""}, ""Retention Period"": {""endIndexInSegment"": 41, ""startIndexInSegment"": 35, ""selectedText"": ""Stored"", ""value"": ""Unspecified""}, ""Retention Purpose"": {""endIndexInSegment"": -1, ""startIndexInSegment"": -1, ""value"": ""Unspecified""}}",Not specified,https://www.usa.gov/policies
13136,test_category_labeling_highlight_fordham_aaaa,121,3826,3,Data Retention,"{""Personal Information Type"": {""endIndexInSegment"": 346, ""startIndexInSegment"": 219, ""selectedText"": ""the name of the web site from which you linked to USA.gov, the name of the file or words you searched, items clicked on a page,"", ""value"": ""User online activities""}, ""Retention Period"": {""endIndexInSegment"": 41, ""startIndexInSegment"": 35, ""selectedText"": ""Stored"", ""value"": ""Unspecified""}, ""Retention Purpose"": {""endIndexInSegment"": -1, ""startIndexInSegment"": -1, ""value"": ""Unspecified""}}",Not specified,https://www.usa.gov/policies
13137,test_category_labeling_highlight_fordham_aaaa,121,3826,3,Data Retention,"{""Personal Information Type"": {""endIndexInSegment"": 388, ""startIndexInSegment"": 351, ""selectedText"": ""the browser and operating system used"", ""value"": ""Computer information""}, ""Retention Period"": {""endIndexInSegment"": 41, ""startIndexInSegment"": 35, ""selectedText"": ""Stored"", ""value"": ""Unspecified""}, ""Retention Purpose"": {""endIndexInSegment"": -1, ""startIndexInSegment"": -1, ""value"": ""Unspecified""}}",Not specified,https://www.usa.gov/policies
12893,test_category_labeling_highlight_fordham_cccc,117,3826,3,First Party Collection/Use,"{""Collection Mode"": {""endIndexInSegment"": -1, ""startIndexInSegment"": -1, ""value"": ""not-selected""}, ""Choice Scope"": {""endIndexInSegment"": -1, ""startIndexInSegment"": -1, ""value"": ""not-selected""}, ""Action First-Party"": {""endIndexInSegment"": 142, ""startIndexInSegment"": 100, ""selectedText"": ""we may store some or all of the following:"", ""value"": ""Collect on website""}, ""Personal Information Type"": {""endIndexInSegment"": 388, ""startIndexInSegment"": 347, ""selectedText"": ""and the browser and operating system used"", ""value"": ""Computer information""}, ""Choice Type"": {""endIndexInSegment"": -1, ""startIndexInSegment"": -1, ""value"": ""not-selected""}, ""Identifiability"": {""endIndexInSegment"": -1, ""startIndexInSegment"": -1, ""value"": ""not-selected""}, ""Does/Does Not"": {""endIndexInSegment"": -1, ""startIndexInSegment"": -1, ""value"": ""Does""}, ""User Type"": {""endIndexInSegment"": -1, ""startIndexInSegment"": -1, ""value"": ""not-selected""}, ""Purpose"": {""endIndexInSegment"": -1, ""startIndexInSegment"": -1, ""value"": ""Unspecified""}}",Not specified,https://www.usa.gov/policies
11952,test_category_labeling_highlight_fordham_dddd,118,3826,3,First Party Collection/Use,"{""Collection Mode"": {""endIndexInSegment"": 388, ""startIndexInSegment"": 143, ""selectedText"": ""the Internet protocol address from which you access USA.gov, date and time, the name of the web site from which you linked to USA.gov, the name of the file or words you searched, items clicked on a page, and the browser and operating system used"", ""value"": ""Implicit""}, ""Choice Scope"": {""endIndexInSegment"": -1, ""startIndexInSegment"": -1, ""value"": ""not-selected""}, ""Action First-Party"": {""endIndexInSegment"": 112, ""startIndexInSegment"": 76, ""selectedText"": ""When you visit USA.gov, we may store"", ""value"": ""Collect on website""}, ""Personal Information Type"": {""endIndexInSegment"": 383, ""startIndexInSegment"": 355, ""selectedText"": ""browser and operating system"", ""value"": ""Computer information""}, ""Choice Type"": {""endIndexInSegment"": -1, ""startIndexInSegment"": -1, ""value"": ""Unspecified""}, ""Identifiability"": {""endIndexInSegment"": -1, ""startIndexInSegment"": -1, ""value"": ""Unspecified""}, ""Does/Does Not"": {""endIndexInSegment"": -1, ""startIndexInSegment"": -1, ""value"": ""Does""}, ""User Type"": {""endIndexInSegment"": -1, ""startIndexInSegment"": -1, ""value"": ""Unspecified""}, ""Purpose"": {""endIndexInSegment"": -1, ""startIndexInSegment"": -1, ""value"": ""Unspecified""}}",Not specified,https://www.usa.gov/policies
C287,test_category_labeling_highlight_fordham_dddd,118,3826,4,First Party Collection/Use,"{""Collection Mode"": {""endIndexInSegment"": -1, ""startIndexInSegment"": -1, ""value"": ""Unspecified""}, ""Choice Scope"": {""endIndexInSegment"": -1, ""startIndexInSegment"": -1, ""value"": ""Unspecified""}, ""Action First-Party"": {""endIndexInSegment"": -1, ""startIndexInSegment"": -1, ""value"": ""Unspecified""}, ""Personal Information Type"": {""endIndexInSegment"": 16, ""startIndexInSegment"": 0, ""selectedText"": ""This information"", ""value"": ""Unspecified""}, ""Choice Type"": {""endIndexInSegment"": -1, ""startIndexInSegment"": -1, ""value"": ""Unspecified""}, ""Identifiability"": {""endIndexInSegment"": 375, ""startIndexInSegment"": 264, ""selectedText"": ""This information is not used for associating search terms or patterns of site navigation with individual users."", ""value"": ""Aggregated or anonymized""}, ""Does/Does Not"": {""endIndexInSegment"": 19, ""startIndexInSegment"": 17, ""selectedText"": ""is"", ""value"": ""Does""}, ""User Type"": {""endIndexInSegment"": 58, ""startIndexInSegment"": 50, ""selectedText"": ""visitors"", ""value"": ""Other""}, ""Purpose"": {""endIndexInSegment"": 263, ""startIndexInSegment"": 17, ""selectedText"": ""is used to measure the number of visitors to the various sections of our site and identify system performance or problem areas. We also use this information to help us develop the site, analyze patterns of usage, and to make the site more useful."", ""value"": ""Analytics/Research""}}",Not specified,https://www.usa.gov/policies
C288,test_category_labeling_highlight_fordham_aaaa,121,3826,4,Third Party Sharing/Collection,"{""Third Party Entity"": {""endIndexInSegment"": 450, ""startIndexInSegment"": 430, ""selectedText"": ""third party entities"", ""value"": ""Unnamed third party""}, ""Choice Scope"": {""endIndexInSegment"": -1, ""startIndexInSegment"": -1, ""value"": ""not-selected""}, ""Purpose"": {""endIndexInSegment"": 488, ""startIndexInSegment"": 459, ""selectedText"": ""purposes of research analysis"", ""value"": ""Analytics/Research""}, ""Personal Information Type"": {""endIndexInSegment"": 426, ""startIndexInSegment"": 410, ""selectedText"": ""this information"", ""value"": ""Other""}, ""Choice Type"": {""endIndexInSegment"": -1, ""startIndexInSegment"": -1, ""value"": ""not-selected""}, ""Identifiability"": {""endIndexInSegment"": 397, ""startIndexInSegment"": 388, ""selectedText"": ""anonymize"", ""value"": ""Aggregated or anonymized""}, ""Does/Does Not"": {""endIndexInSegment"": -1, ""startIndexInSegment"": -1, ""value"": ""Does""}, ""User Type"": {""endIndexInSegment"": -1, ""startIndexInSegment"": -1, ""value"": ""not-selected""}, ""Action Third Party"": {""endIndexInSegment"": 426, ""startIndexInSegment"": 402, ""selectedText"": ""provide this information"", ""value"": ""Receive/Shared with""}}",Not specified,https://www.usa.gov/policies
12894,test_category_labeling_highlight_fordham_cccc,117,3826,4,First Party Collection/Use,"{""Collection Mode"": {""endIndexInSegment"": -1, ""startIndexInSegment"": -1, ""value"": ""not-selected""}, ""Choice Scope"": {""endIndexInSegment"": -1, ""startIndexInSegment"": -1, ""value"": ""not-selected""}, ""Action First-Party"": {""endIndexInSegment"": -1, ""startIndexInSegment"": -1, ""value"": ""Unspecified""}, ""Personal Information Type"": {""endIndexInSegment"": -1, ""startIndexInSegment"": -1, ""value"": ""Unspecified""}, ""Choice Type"": {""endIndexInSegment"": -1, ""startIndexInSegment"": -1, ""value"": ""not-selected""}, ""Identifiability"": {""endIndexInSegment"": -1, ""startIndexInSegment"": -1, ""value"": ""not-selected""}, ""Does/Does Not"": {""endIndexInSegment"": -1, ""startIndexInSegment"": -1, ""value"": ""Does""}, ""User Type"": {""endIndexInSegment"": -1, ""startIndexInSegment"": -1, ""value"": ""not-selected""}, ""Purpose"": {""endIndexInSegment"": 263, ""startIndexInSegment"": 28, ""selectedText"": ""measure the number of visitors to the various sections of our site and identify system performance or problem areas. We also use this information to help us develop the site, analyze patterns of usage, and to make the site more useful."", ""value"": ""Analytics/Research""}}",Not specified,https://www.usa.gov/policies
11977,test_category_labeling_highlight_fordham_dddd,118,3826,4,Third Party Sharing/Collection,"{""Third Party Entity"": {""endIndexInSegment"": 450, ""startIndexInSegment"": 430, ""selectedText"": ""third party entities"", ""value"": ""Unnamed third party""}, ""Choice Scope"": {""endIndexInSegment"": -1, ""startIndexInSegment"": -1, ""value"": ""Unspecified""}, ""Purpose"": {""endIndexInSegment"": 558, ""startIndexInSegment"": 527, ""selectedText"": ""for the purposes of advertising"", ""value"": ""Advertising""}, ""Personal Information Type"": {""endIndexInSegment"": 526, ""startIndexInSegment"": 514, ""selectedText"": ""visitor data"", ""value"": ""Other""}, ""Choice Type"": {""endIndexInSegment"": -1, ""startIndexInSegment"": -1, ""value"": ""Unspecified""}, ""Identifiability"": {""endIndexInSegment"": -1, ""startIndexInSegment"": -1, ""value"": ""Unspecified""}, ""Does/Does Not"": {""endIndexInSegment"": 499, ""startIndexInSegment"": 493, ""selectedText"": ""do not"", ""value"": ""Does Not""}, ""User Type"": {""endIndexInSegment"": 521, ""startIndexInSegment"": 514, ""selectedText"": ""visitor"", ""value"": ""Other""}, ""Action Third Party"": {""endIndexInSegment"": 505, ""startIndexInSegment"": 500, ""selectedText"": ""share"", ""value"": ""Receive/Shared with""}}",Not specified,https://www.usa.gov/policies
11978,test_category_labeling_highlight_fordham_dddd,118,3826,4,Third Party Sharing/Collection,"{""Third Party Entity"": {""endIndexInSegment"": 450, ""startIndexInSegment"": 430, ""selectedText"": ""third party entities"", ""value"": ""Unnamed third party""}, ""Choice Scope"": {""endIndexInSegment"": -1, ""startIndexInSegment"": -1, ""value"": ""Unspecified""}, ""Purpose"": {""endIndexInSegment"": 569, ""startIndexInSegment"": 560, ""selectedText"": ""marketing"", ""value"": ""Marketing""}, ""Personal Information Type"": {""endIndexInSegment"": 526, ""startIndexInSegment"": 514, ""selectedText"": ""visitor data"", ""value"": ""Other""}, ""Choice Type"": {""endIndexInSegment"": -1, ""startIndexInSegment"": -1, ""value"": ""Unspecified""}, ""Identifiability"": {""endIndexInSegment"": -1, ""startIndexInSegment"": -1, ""value"": ""Unspecified""}, ""Does/Does Not"": {""endIndexInSegment"": 499, ""startIndexInSegment"": 493, ""selectedText"": ""do not"", ""value"": ""Does Not""}, ""User Type"": {""endIndexInSegment"": 521, ""startIndexInSegment"": 514, ""selectedText"": ""visitor"", ""value"": ""Other""}, ""Action Third Party"": {""endIndexInSegment"": 505, ""startIndexInSegment"": 500, ""selectedText"": ""share"", ""value"": ""Receive/Shared with""}}",Not specified,https://www.usa.gov/policies
11980,test_category_labeling_highlight_fordham_dddd,118,3826,4,Third Party Sharing/Collection,"{""Third Party Entity"": {""endIndexInSegment"": 450, ""startIndexInSegment"": 430, ""selectedText"": ""third party entities"", ""value"": ""Unnamed third party""}, ""Choice Scope"": {""endIndexInSegment"": -1, ""startIndexInSegment"": -1, ""value"": ""Unspecified""}, ""Purpose"": {""endIndexInSegment"": 603, ""startIndexInSegment"": 571, ""selectedText"": ""or any other commercial purpose."", ""value"": ""Other""}, ""Personal Information Type"": {""endIndexInSegment"": 526, ""startIndexInSegment"": 514, ""selectedText"": ""visitor data"", ""value"": ""Other""}, ""Choice Type"": {""endIndexInSegment"": -1, ""startIndexInSegment"": -1, ""value"": ""Unspecified""}, ""Identifiability"": {""endIndexInSegment"": -1, ""startIndexInSegment"": -1, ""value"": ""Unspecified""}, ""Does/Does Not"": {""endIndexInSegment"": 499, ""startIndexInSegment"": 493, ""selectedText"": ""do not"", ""value"": ""Does Not""}, ""User Type"": {""endIndexInSegment"": 521, ""startIndexInSegment"": 514, ""selectedText"": ""visitor"", ""value"": ""Other""}, ""Action Third Party"": {""endIndexInSegment"": 505, ""startIndexInSegment"": 500, ""selectedText"": ""share"", ""value"": ""Receive/Shared with""}}",Not specified,https://www.usa.gov/policies
C289,test_category_labeling_highlight_fordham_cccc,117,3826,5,Data Security,"{""Security Measure"": {""endIndexInSegment"": 323, ""startIndexInSegment"": 43, ""selectedText"": ""For site security purposes and to ensure that this service remains available to all users, this government computer system employs commercial software programs to monitor network traffic to identify unauthorized attempts to upload or change information, or otherwise cause damage."", ""value"": ""Generic""}}",Not specified,https://www.usa.gov/policies
C290,test_category_labeling_highlight_fordham_aaaa,121,3826,6,Data Retention,"{""Personal Information Type"": {""endIndexInSegment"": -1, ""startIndexInSegment"": -1, ""value"": ""Unspecified""}, ""Retention Period"": {""endIndexInSegment"": 219, ""startIndexInSegment"": 186, ""selectedText"": ""scheduled for regular destruction"", ""value"": ""Limited""}, ""Retention Purpose"": {""endIndexInSegment"": 52, ""startIndexInSegment"": 0, ""selectedText"": ""Except for authorized law enforcement investigations"", ""value"": ""Legal requirement""}}",Not specified,https://www.usa.gov/policies
C291,test_category_labeling_highlight_fordham_cccc,117,3826,6,First Party Collection/Use,"{""Collection Mode"": {""endIndexInSegment"": -1, ""startIndexInSegment"": -1, ""value"": ""not-selected""}, ""Choice Scope"": {""endIndexInSegment"": -1, ""startIndexInSegment"": -1, ""value"": ""not-selected""}, ""Action First-Party"": {""endIndexInSegment"": -1, ""startIndexInSegment"": -1, ""value"": ""Unspecified""}, ""Personal Information Type"": {""endIndexInSegment"": 131, ""startIndexInSegment"": 84, ""selectedText"": ""identify individual users or their usage habits"", ""value"": ""User online activities""}, ""Choice Type"": {""endIndexInSegment"": -1, ""startIndexInSegment"": -1, ""value"": ""not-selected""}, ""Identifiability"": {""endIndexInSegment"": -1, ""startIndexInSegment"": -1, ""value"": ""not-selected""}, ""Does/Does Not"": {""endIndexInSegment"": -1, ""startIndexInSegment"": -1, ""value"": ""Does""}, ""User Type"": {""endIndexInSegment"": -1, ""startIndexInSegment"": -1, ""value"": ""not-selected""}, ""Purpose"": {""endIndexInSegment"": 52, ""startIndexInSegment"": 11, ""selectedText"": ""authorized law enforcement investigations"", ""value"": ""Legal requirement""}}",Not specified,https://www.usa.gov/policies
11958,test_category_labeling_highlight_fordham_dddd,118,3826,6,First Party Collection/Use,"{""Collection Mode"": {""endIndexInSegment"": -1, ""startIndexInSegment"": -1, ""value"": ""Unspecified""}, ""Choice Scope"": {""endIndexInSegment"": -1, ""startIndexInSegment"": -1, ""value"": ""not-selected""}, ""Action First-Party"": {""endIndexInSegment"": 92, ""startIndexInSegment"": 63, ""selectedText"": ""attempts are made to identify"", ""value"": ""Other""}, ""Personal Information Type"": {""endIndexInSegment"": 131, ""startIndexInSegment"": 119, ""selectedText"": ""usage habits"", ""value"": ""User online activities""}, ""Choice Type"": {""endIndexInSegment"": -1, ""startIndexInSegment"": -1, ""value"": ""Unspecified""}, ""Identifiability"": {""endIndexInSegment"": 131, ""startIndexInSegment"": 119, ""selectedText"": ""usage habits"", ""value"": ""Unspecified""}, ""Does/Does Not"": {""endIndexInSegment"": 10, ""startIndexInSegment"": 0, ""selectedText"": ""Except for"", ""value"": ""Does""}, ""User Type"": {""endIndexInSegment"": 109, ""startIndexInSegment"": 104, ""selectedText"": ""users"", ""value"": ""Unspecified""}, ""Purpose"": {""endIndexInSegment"": 52, ""startIndexInSegment"": 11, ""selectedText"": ""authorized law enforcement investigations"", ""value"": ""Legal requirement""}}",Not specified,https://www.usa.gov/policies
C292,test_category_labeling_highlight_fordham_aaaa,121,3826,7,Other,"{""Other Type"": {""endIndexInSegment"": 234, ""startIndexInSegment"": 0, ""selectedText"": ""Unauthorized attempts to upload information or change information on this service are strictly prohibited and may be punishable under the Computer Fraud and Abuse Act of 1986 and the National Information Infrastructure Protection Act."", ""value"": ""Practice not covered""}}",Not specified,https://www.usa.gov/policies
13142,test_category_labeling_highlight_fordham_aaaa,121,3826,8,First Party Collection/Use,"{""Collection Mode"": {""endIndexInSegment"": 205, ""startIndexInSegment"": 166, ""selectedText"": ""this website places on your web browser"", ""value"": ""Implicit""}, ""Choice Scope"": {""endIndexInSegment"": -1, ""startIndexInSegment"": -1, ""value"": ""not-selected""}, ""Action First-Party"": {""endIndexInSegment"": 227, ""startIndexInSegment"": 214, ""selectedText"": ""it can gather"", ""value"": ""Collect on website""}, ""Personal Information Type"": {""endIndexInSegment"": 118, ""startIndexInSegment"": 88, ""selectedText"": ""\""persistent cookie\"" technology"", ""value"": ""Cookies and tracking elements""}, ""Choice Type"": {""endIndexInSegment"": -1, ""startIndexInSegment"": -1, ""value"": ""not-selected""}, ""Identifiability"": {""endIndexInSegment"": 269, ""startIndexInSegment"": 206, ""selectedText"": ""so that it can gather anonymous summary demographic information"", ""value"": ""Aggregated or anonymized""}, ""Does/Does Not"": {""endIndexInSegment"": 87, ""startIndexInSegment"": 75, ""selectedText"": ""USA.gov uses"", ""value"": ""Does""}, ""User Type"": {""endIndexInSegment"": -1, ""startIndexInSegment"": -1, ""value"": ""not-selected""}, ""Purpose"": {""endIndexInSegment"": 846, ""startIndexInSegment"": 723, ""selectedText"": ""We use persistent cookies in two ways, both of which enhance your experience on USA.gov while also protecting your privacy:"", ""value"": ""Unspecified""}}",Not specified,https://www.usa.gov/policies
12898,test_category_labeling_highlight_fordham_cccc,117,3826,8,First Party Collection/Use,"{""Collection Mode"": {""endIndexInSegment"": -1, ""startIndexInSegment"": -1, ""value"": ""not-selected""}, ""Choice Scope"": {""endIndexInSegment"": -1, ""startIndexInSegment"": -1, ""value"": ""not-selected""}, ""Action First-Party"": {""endIndexInSegment"": 87, ""startIndexInSegment"": 55, ""selectedText"": ""Like many websites, USA.gov uses"", ""value"": ""Collect on website""}, ""Personal Information Type"": {""endIndexInSegment"": 118, ""startIndexInSegment"": 88, ""selectedText"": ""\""persistent cookie\"" technology"", ""value"": ""Cookies and tracking elements""}, ""Choice Type"": {""endIndexInSegment"": -1, ""startIndexInSegment"": -1, ""value"": ""not-selected""}, ""Identifiability"": {""endIndexInSegment"": 245, ""startIndexInSegment"": 228, ""selectedText"": ""anonymous summary"", ""value"": ""Aggregated or anonymized""}, ""Does/Does Not"": {""endIndexInSegment"": -1, ""startIndexInSegment"": -1, ""value"": ""Does""}, ""User Type"": {""endIndexInSegment"": -1, ""startIndexInSegment"": -1, ""value"": ""not-selected""}, ""Purpose"": {""endIndexInSegment"": -1, ""startIndexInSegment"": -1, ""value"": ""Unspecified""}}",Not specified,https://www.usa.gov/policies
11963,test_category_labeling_highlight_fordham_dddd,118,3826,8,First Party Collection/Use,"{""Collection Mode"": {""endIndexInSegment"": 118, ""startIndexInSegment"": 75, ""selectedText"": ""USA.gov uses \""persistent cookie\"" technology"", ""value"": ""Implicit""}, ""Choice Scope"": {""endIndexInSegment"": -1, ""startIndexInSegment"": -1, ""value"": ""not-selected""}, ""Action First-Party"": {""endIndexInSegment"": 205, ""startIndexInSegment"": 166, ""selectedText"": ""this website places on your web browser"", ""value"": ""Unspecified""}, ""Personal Information Type"": {""endIndexInSegment"": 269, ""startIndexInSegment"": 246, ""selectedText"": ""demographic information"", ""value"": ""Demographic""}, ""Choice Type"": {""endIndexInSegment"": -1, ""startIndexInSegment"": -1, ""value"": ""Unspecified""}, ""Identifiability"": {""endIndexInSegment"": 237, ""startIndexInSegment"": 228, ""selectedText"": ""anonymous"", ""value"": ""Aggregated or anonymized""}, ""Does/Does Not"": {""endIndexInSegment"": 87, ""startIndexInSegment"": 83, ""selectedText"": ""uses"", ""value"": ""Does""}, ""User Type"": {""endIndexInSegment"": -1, ""startIndexInSegment"": -1, ""value"": ""Unspecified""}, ""Purpose"": {""endIndexInSegment"": 760, ""startIndexInSegment"": 752, ""selectedText"": ""two ways"", ""value"": ""Unspecified""}}",Not specified,https://www.usa.gov/policies
11964,test_category_labeling_highlight_fordham_dddd,118,3826,8,First Party Collection/Use,"{""Collection Mode"": {""endIndexInSegment"": 118, ""startIndexInSegment"": 75, ""selectedText"": ""USA.gov uses \""persistent cookie\"" technology"", ""value"": ""Implicit""}, ""Choice Scope"": {""endIndexInSegment"": -1, ""startIndexInSegment"": -1, ""value"": ""not-selected""}, ""Action First-Party"": {""endIndexInSegment"": 205, ""startIndexInSegment"": 166, ""selectedText"": ""this website places on your web browser"", ""value"": ""Unspecified""}, ""Personal Information Type"": {""endIndexInSegment"": 269, ""startIndexInSegment"": 246, ""selectedText"": ""demographic information"", ""value"": ""Demographic""}, ""Choice Type"": {""endIndexInSegment"": -1, ""startIndexInSegment"": -1, ""value"": ""Unspecified""}, ""Identifiability"": {""endIndexInSegment"": 237, ""startIndexInSegment"": 228, ""selectedText"": ""anonymous"", ""value"": ""Aggregated or anonymized""}, ""Does/Does Not"": {""endIndexInSegment"": 87, ""startIndexInSegment"": 83, ""selectedText"": ""uses"", ""value"": ""Does""}, ""User Type"": {""endIndexInSegment"": -1, ""startIndexInSegment"": -1, ""value"": ""Unspecified""}, ""Purpose"": {""endIndexInSegment"": 342, ""startIndexInSegment"": 275, ""selectedText"": ""remember your browser when it is used to visit our site again later"", ""value"": ""Other""}}",Not specified,https://www.usa.gov/policies
C293,test_category_labeling_highlight_fordham_cccc,117,3826,9,First Party Collection/Use,"{""Collection Mode"": {""endIndexInSegment"": -1, ""startIndexInSegment"": -1, ""value"": ""not-selected""}, ""Choice Scope"": {""endIndexInSegment"": -1, ""startIndexInSegment"": -1, ""value"": ""not-selected""}, ""Action First-Party"": {""endIndexInSegment"": -1, ""startIndexInSegment"": -1, ""value"": ""Unspecified""}, ""Personal Information Type"": {""endIndexInSegment"": -1, ""startIndexInSegment"": -1, ""value"": ""Unspecified""}, ""Choice Type"": {""endIndexInSegment"": -1, ""startIndexInSegment"": -1, ""value"": ""not-selected""}, ""Identifiability"": {""endIndexInSegment"": -1, ""startIndexInSegment"": -1, ""value"": ""not-selected""}, ""Does/Does Not"": {""endIndexInSegment"": -1, ""startIndexInSegment"": -1, ""value"": ""Does""}, ""User Type"": {""endIndexInSegment"": -1, ""startIndexInSegment"": -1, ""value"": ""not-selected""}, ""Purpose"": {""endIndexInSegment"": 153, ""startIndexInSegment"": 10, ""selectedText"": ""To remember you when your browser comes back to the site, so we don't invite you to take our customer satisfaction survey every time you visit."", ""value"": ""Basic service/feature""}}",Not specified,https://www.usa.gov/policies
13143,test_category_labeling_highlight_fordham_aaaa,121,3826,9,First Party Collection/Use,"{""Collection Mode"": {""endIndexInSegment"": -1, ""startIndexInSegment"": -1, ""value"": ""not-selected""}, ""Choice Scope"": {""endIndexInSegment"": -1, ""startIndexInSegment"": -1, ""value"": ""Unspecified""}, ""Action First-Party"": {""endIndexInSegment"": 211, ""startIndexInSegment"": 154, ""selectedText"": ""Our customer satisfaction survey uses a persistent cookie"", ""value"": ""Collect on website""}, ""Personal Information Type"": {""endIndexInSegment"": 211, ""startIndexInSegment"": 205, ""selectedText"": ""cookie"", ""value"": ""Cookies and tracking elements""}, ""Choice Type"": {""endIndexInSegment"": -1, ""startIndexInSegment"": -1, ""value"": ""Unspecified""}, ""Identifiability"": {""endIndexInSegment"": -1, ""startIndexInSegment"": -1, ""value"": ""not-selected""}, ""Does/Does Not"": {""endIndexInSegment"": -1, ""startIndexInSegment"": -1, ""value"": ""Does""}, ""User Type"": {""endIndexInSegment"": -1, ""startIndexInSegment"": -1, ""value"": ""Unspecified""}, ""Purpose"": {""endIndexInSegment"": 330, ""startIndexInSegment"": 212, ""selectedText"": ""to ensure we won't invite you to take a customer satisfaction survey within 90 days of completing a survey on USA.gov."", ""value"": ""Other""}}",Not specified,https://www.usa.gov/policies
C294,test_category_labeling_highlight_fordham_cccc,117,3826,10,First Party Collection/Use,"{""Collection Mode"": {""endIndexInSegment"": -1, ""startIndexInSegment"": -1, ""value"": ""not-selected""}, ""Choice Scope"": {""endIndexInSegment"": -1, ""startIndexInSegment"": -1, ""value"": ""not-selected""}, ""Action First-Party"": {""endIndexInSegment"": 181, ""startIndexInSegment"": 155, ""selectedText"": ""track activity on USA.gov."", ""value"": ""Collect on website""}, ""Personal Information Type"": {""endIndexInSegment"": -1, ""startIndexInSegment"": -1, ""value"": ""Unspecified""}, ""Choice Type"": {""endIndexInSegment"": -1, ""startIndexInSegment"": -1, ""value"": ""not-selected""}, ""Identifiability"": {""endIndexInSegment"": 272, ""startIndexInSegment"": 239, ""selectedText"": ""anonymously and in the aggregate."", ""value"": ""Aggregated or anonymized""}, ""Does/Does Not"": {""endIndexInSegment"": -1, ""startIndexInSegment"": -1, ""value"": ""Does""}, ""User Type"": {""endIndexInSegment"": -1, ""startIndexInSegment"": -1, ""value"": ""not-selected""}, ""Purpose"": {""endIndexInSegment"": 123, ""startIndexInSegment"": 10, ""selectedText"": ""To get aggregate metrics on site usage to understand how people are using the site and how we can make it better."", ""value"": ""Analytics/Research""}}",Not specified,https://www.usa.gov/policies
13144,test_category_labeling_highlight_fordham_aaaa,121,3826,10,First Party Collection/Use,"{""Collection Mode"": {""endIndexInSegment"": -1, ""startIndexInSegment"": -1, ""value"": ""not-selected""}, ""Choice Scope"": {""endIndexInSegment"": -1, ""startIndexInSegment"": -1, ""value"": ""Unspecified""}, ""Action First-Party"": {""endIndexInSegment"": -1, ""startIndexInSegment"": -1, ""value"": ""Unspecified""}, ""Personal Information Type"": {""endIndexInSegment"": 48, ""startIndexInSegment"": 27, ""selectedText"": ""metrics on site usage"", ""value"": ""User online activities""}, ""Choice Type"": {""endIndexInSegment"": -1, ""startIndexInSegment"": -1, ""value"": ""Unspecified""}, ""Identifiability"": {""endIndexInSegment"": 26, ""startIndexInSegment"": 17, ""selectedText"": ""aggregate"", ""value"": ""Aggregated or anonymized""}, ""Does/Does Not"": {""endIndexInSegment"": -1, ""startIndexInSegment"": -1, ""value"": ""Does""}, ""User Type"": {""endIndexInSegment"": -1, ""startIndexInSegment"": -1, ""value"": ""Unspecified""}, ""Purpose"": {""endIndexInSegment"": 122, ""startIndexInSegment"": 49, ""selectedText"": ""to understand how people are using the site and how we can make it better"", ""value"": ""Analytics/Research""}}",Not specified,https://www.usa.gov/policies
11967,test_category_labeling_highlight_fordham_dddd,118,3826,10,Third Party Sharing/Collection,"{""Third Party Entity"": {""endIndexInSegment"": 201, ""startIndexInSegment"": 182, ""selectedText"": ""Government agencies"", ""value"": ""Other""}, ""Choice Scope"": {""endIndexInSegment"": -1, ""startIndexInSegment"": -1, ""value"": ""Unspecified""}, ""Purpose"": {""endIndexInSegment"": -1, ""startIndexInSegment"": -1, ""value"": ""Unspecified""}, ""Personal Information Type"": {""endIndexInSegment"": 238, ""startIndexInSegment"": 220, ""selectedText"": ""traffic statistics"", ""value"": ""User online activities""}, ""Choice Type"": {""endIndexInSegment"": -1, ""startIndexInSegment"": -1, ""value"": ""Unspecified""}, ""Identifiability"": {""endIndexInSegment"": 272, ""startIndexInSegment"": 239, ""selectedText"": ""anonymously and in the aggregate."", ""value"": ""Aggregated or anonymized""}, ""Does/Does Not"": {""endIndexInSegment"": 219, ""startIndexInSegment"": 212, ""selectedText"": ""receive"", ""value"": ""Does""}, ""User Type"": {""endIndexInSegment"": -1, ""startIndexInSegment"": -1, ""value"": ""Unspecified""}, ""Action Third Party"": {""endIndexInSegment"": 219, ""startIndexInSegment"": 212, ""selectedText"": ""receive"", ""value"": ""Receive/Shared with""}}",Not specified,https://www.usa.gov/policies
13145,test_category_labeling_highlight_fordham_aaaa,121,3826,11,First Party Collection/Use,"{""Collection Mode"": {""endIndexInSegment"": -1, ""startIndexInSegment"": -1, ""value"": ""not-selected""}, ""Choice Scope"": {""endIndexInSegment"": -1, ""startIndexInSegment"": -1, ""value"": ""not-selected""}, ""Action First-Party"": {""endIndexInSegment"": 388, ""startIndexInSegment"": 300, ""selectedText"": ""Google stores a number in your browser using a persistent cookie to remember your visits"", ""value"": ""Collect on website""}, ""Personal Information Type"": {""endIndexInSegment"": 160, ""startIndexInSegment"": 38, ""selectedText"": ""demographic information about our visitors such as gender, age range, and areas of interest for adults over the age of 18."", ""value"": ""Demographic""}, ""Choice Type"": {""endIndexInSegment"": -1, ""startIndexInSegment"": -1, ""value"": ""not-selected""}, ""Identifiability"": {""endIndexInSegment"": 29, ""startIndexInSegment"": 20, ""selectedText"": ""anonymous"", ""value"": ""Aggregated or anonymized""}, ""Does/Does Not"": {""endIndexInSegment"": -1, ""startIndexInSegment"": -1, ""value"": ""Does""}, ""User Type"": {""endIndexInSegment"": -1, ""startIndexInSegment"": -1, ""value"": ""not-selected""}, ""Purpose"": {""endIndexInSegment"": 732, ""startIndexInSegment"": 615, ""selectedText"": ""used to help us better understand our visitors' interests and needs to more effectively develop content to serve you."", ""value"": ""Analytics/Research""}}",Not specified,https://www.usa.gov/policies
12902,test_category_labeling_highlight_fordham_cccc,117,3826,11,First Party Collection/Use,"{""Collection Mode"": {""endIndexInSegment"": -1, ""startIndexInSegment"": -1, ""value"": ""not-selected""}, ""Choice Scope"": {""endIndexInSegment"": -1, ""startIndexInSegment"": -1, ""value"": ""not-selected""}, ""Action First-Party"": {""endIndexInSegment"": 80, ""startIndexInSegment"": 62, ""selectedText"": ""about our visitors"", ""value"": ""Collect on website""}, ""Personal Information Type"": {""endIndexInSegment"": 160, ""startIndexInSegment"": 89, ""selectedText"": ""gender, age range, and areas of interest for adults over the age of 18."", ""value"": ""Demographic""}, ""Choice Type"": {""endIndexInSegment"": -1, ""startIndexInSegment"": -1, ""value"": ""not-selected""}, ""Identifiability"": {""endIndexInSegment"": 37, ""startIndexInSegment"": 20, ""selectedText"": ""anonymous summary"", ""value"": ""Aggregated or anonymized""}, ""Does/Does Not"": {""endIndexInSegment"": -1, ""startIndexInSegment"": -1, ""value"": ""Does""}, ""User Type"": {""endIndexInSegment"": -1, ""startIndexInSegment"": -1, ""value"": ""not-selected""}, ""Purpose"": {""endIndexInSegment"": 732, ""startIndexInSegment"": 583, ""selectedText"": ""This demographic information is used to help us better understand our visitors' interests and needs to more effectively develop content to serve you."", ""value"": ""Analytics/Research""}}",Not specified,https://www.usa.gov/policies
11982,test_category_labeling_highlight_fordham_dddd,118,3826,11,First Party Collection/Use,"{""Collection Mode"": {""endIndexInSegment"": 389, ""startIndexInSegment"": 223, ""selectedText"": ""When you visit a website that has partnered with the Google Display Network, Google stores a number in your browser using a persistent cookie to remember your visits."", ""value"": ""Implicit""}, ""Choice Scope"": {""endIndexInSegment"": -1, ""startIndexInSegment"": -1, ""value"": ""Unspecified""}, ""Action First-Party"": {""endIndexInSegment"": 221, ""startIndexInSegment"": 172, ""selectedText"": ""by using Google Demographic and Interests reports"", ""value"": ""Receive from other service/third-party (named)""}, ""Personal Information Type"": {""endIndexInSegment"": 61, ""startIndexInSegment"": 38, ""selectedText"": ""demographic information"", ""value"": ""Demographic""}, ""Choice Type"": {""endIndexInSegment"": -1, ""startIndexInSegment"": -1, ""value"": ""Unspecified""}, ""Identifiability"": {""endIndexInSegment"": 29, ""startIndexInSegment"": 20, ""selectedText"": ""anonymous"", ""value"": ""Aggregated or anonymized""}, ""Does/Does Not"": {""endIndexInSegment"": 171, ""startIndexInSegment"": 161, ""selectedText"": ""We do this"", ""value"": ""Does""}, ""User Type"": {""endIndexInSegment"": 80, ""startIndexInSegment"": 72, ""selectedText"": ""visitors"", ""value"": ""Unspecified""}, ""Purpose"": {""endIndexInSegment"": 732, ""startIndexInSegment"": 583, ""selectedText"": ""This demographic information is used to help us better understand our visitors' interests and needs to more effectively develop content to serve you."", ""value"": ""Analytics/Research""}}",Not specified,https://www.usa.gov/policies
13146,test_category_labeling_highlight_fordham_aaaa,121,3826,12,User Choice/Control,"{""Choice Type"": {""endIndexInSegment"": 359, ""startIndexInSegment"": 216, ""selectedText"": ""you can edit your browser's options to stop accepting persistent cookies or to prompt you before accepting a cookie from the websites you visit"", ""value"": ""Browser/device privacy controls""}, ""Choice Scope"": {""endIndexInSegment"": 56, ""startIndexInSegment"": 21, ""selectedText"": ""s automatically accept persistent c"", ""value"": ""Unspecified""}, ""User Type"": {""endIndexInSegment"": -1, ""startIndexInSegment"": -1, ""value"": ""not-selected""}, ""Purpose"": {""endIndexInSegment"": 138, ""startIndexInSegment"": 98, ""selectedText"": ""creates a much better experience for you"", ""value"": ""Personalization/Customization""}, ""Personal Information Type"": {""endIndexInSegment"": 331, ""startIndexInSegment"": 255, ""selectedText"": ""stop accepting persistent cookies or to prompt you before accepting a cookie"", ""value"": ""Cookies and tracking elements""}}",Not specified,https://www.usa.gov/policies
12903,test_category_labeling_highlight_fordham_cccc,117,3826,12,User Choice/Control,"{""Choice Type"": {""endIndexInSegment"": 360, ""startIndexInSegment"": 216, ""selectedText"": ""you can edit your browser's options to stop accepting persistent cookies or to prompt you before accepting a cookie from the websites you visit."", ""value"": ""Browser/device privacy controls""}, ""Choice Scope"": {""endIndexInSegment"": 178, ""startIndexInSegment"": 140, ""selectedText"": ""this site will also work without them."", ""value"": ""First party use""}, ""User Type"": {""endIndexInSegment"": -1, ""startIndexInSegment"": -1, ""value"": ""not-selected""}, ""Purpose"": {""endIndexInSegment"": -1, ""startIndexInSegment"": -1, ""value"": ""Unspecified""}, ""Personal Information Type"": {""endIndexInSegment"": 62, ""startIndexInSegment"": 44, ""selectedText"": ""persistent cookies"", ""value"": ""Cookies and tracking elements""}}",Not specified,https://www.usa.gov/policies
11939,test_category_labeling_highlight_fordham_dddd,118,3826,12,Other,"{""Other Type"": {""endIndexInSegment"": 178, ""startIndexInSegment"": 0, ""selectedText"": ""Most Internet browsers automatically accept persistent cookies. Although using persistent cookies creates a much better experience for you, this site will also work without them."", ""value"": ""Other""}}",Not specified,https://www.usa.gov/policies
11940,test_category_labeling_highlight_fordham_dddd,118,3826,12,User Choice/Control,"{""Choice Type"": {""endIndexInSegment"": 251, ""startIndexInSegment"": 224, ""selectedText"": ""edit your browser's options"", ""value"": ""Browser/device privacy controls""}, ""Choice Scope"": {""endIndexInSegment"": 214, ""startIndexInSegment"": 179, ""selectedText"": ""If you don't want to accept cookies"", ""value"": ""First party collection""}, ""User Type"": {""endIndexInSegment"": -1, ""startIndexInSegment"": -1, ""value"": ""Unspecified""}, ""Purpose"": {""endIndexInSegment"": -1, ""startIndexInSegment"": -1, ""value"": ""Unspecified""}, ""Personal Information Type"": {""endIndexInSegment"": 214, ""startIndexInSegment"": 207, ""selectedText"": ""cookies"", ""value"": ""Cookies and tracking elements""}}",Not specified,https://www.usa.gov/policies
11941,test_category_labeling_highlight_fordham_dddd,118,3826,12,Other,"{""Other Type"": {""endIndexInSegment"": 444, ""startIndexInSegment"": 361, ""selectedText"": ""Here's how you can disable cookies and/or Google Demographic and Interests reports."", ""value"": ""Other""}}",Not specified,https://www.usa.gov/policies
C295,test_category_labeling_highlight_fordham_aaaa,121,3826,13,Other,"{""Other Type"": {""endIndexInSegment"": 565, ""startIndexInSegment"": 9, ""selectedText"": ""Accessibility Policy USA.gov is committed to providing access to all individualswith or without disabilitiesseeking information on USA.gov. To provide this information, we've built USA.gov to conform to Section 508 of the Rehabilitation Act (as amended). Section 508 requires that all individuals with disabilities (whether federal employees or members of the general public) have access to, and use of, information and data comparable to that provided to individuals without disabilities, unless an undue burden would be imposed on us."", ""value"": ""Other""}}",Not specified,https://www.usa.gov/policies
11942,test_category_labeling_highlight_fordham_dddd,118,3826,13,Other,"{""Other Type"": {""endIndexInSegment"": 283, ""startIndexInSegment"": 198, ""selectedText"": ""we've built USA.gov to conform to Section 508 of the Rehabilitation Act (as amended)."", ""value"": ""Practice not covered""}}",Not specified,https://www.usa.gov/policies
C296,test_category_labeling_highlight_fordham_aaaa,121,3826,14,Other,"{""Other Type"": {""endIndexInSegment"": 386, ""startIndexInSegment"": 0, ""selectedText"": ""If you use assistive technology (such as a screen reader, eye tracking device, voice recognition software, etc.) and have difficulty accessing information on USA.gov, please e-mail us and provide the URL (web address) of the material you tried to access, the problem you experienced, and your contact information. We'll contact you and attempt to provide the information you're seeking."", ""value"": ""Other""}}",Not specified,https://www.usa.gov/policies
C297,test_category_labeling_highlight_fordham_aaaa,121,3826,15,Other,"{""Other Type"": {""endIndexInSegment"": 381, ""startIndexInSegment"": 9, ""selectedText"": ""External Links USA.gov links to many websites created and maintained by other public and/or private organizations as outlined in our Linking Policy. If you click a link to an outside website, such as Facebook or YouTube, you will leave the USA.gov site and are subject to the privacy and security policies of the owners/sponsors of the outside website."", ""value"": ""Practice not covered""}}",Not specified,https://www.usa.gov/policies
12906,test_category_labeling_highlight_fordham_cccc,117,3826,15,Third Party Sharing/Collection,"{""Third Party Entity"": {""endIndexInSegment"": 142, ""startIndexInSegment"": 101, ""selectedText"": ""other public and/or private organizations"", ""value"": ""Unnamed third party""}, ""Choice Scope"": {""endIndexInSegment"": -1, ""startIndexInSegment"": -1, ""value"": ""not-selected""}, ""Purpose"": {""endIndexInSegment"": -1, ""startIndexInSegment"": -1, ""value"": ""Unspecified""}, ""Personal Information Type"": {""endIndexInSegment"": -1, ""startIndexInSegment"": -1, ""value"": ""Unspecified""}, ""Choice Type"": {""endIndexInSegment"": -1, ""startIndexInSegment"": -1, ""value"": ""not-selected""}, ""Identifiability"": {""endIndexInSegment"": -1, ""startIndexInSegment"": -1, ""value"": ""not-selected""}, ""Does/Does Not"": {""endIndexInSegment"": -1, ""startIndexInSegment"": -1, ""value"": ""Does""}, ""User Type"": {""endIndexInSegment"": -1, ""startIndexInSegment"": -1, ""value"": ""not-selected""}, ""Action Third Party"": {""endIndexInSegment"": 74, ""startIndexInSegment"": 52, ""selectedText"": ""links to many websites"", ""value"": ""Other""}}",Not specified,https://www.usa.gov/policies
C298,test_category_labeling_highlight_fordham_aaaa,121,3826,16,First Party Collection/Use,"{""Collection Mode"": {""endIndexInSegment"": -1, ""startIndexInSegment"": -1, ""value"": ""not-selected""}, ""Choice Scope"": {""endIndexInSegment"": -1, ""startIndexInSegment"": -1, ""value"": ""Unspecified""}, ""Action First-Party"": {""endIndexInSegment"": 283, ""startIndexInSegment"": 215, ""selectedText"": ""collect any Personally Identifiable Information through those sites."", ""value"": ""Collect from user on other websites""}, ""Personal Information Type"": {""endIndexInSegment"": 262, ""startIndexInSegment"": 227, ""selectedText"": ""Personally Identifiable Information"", ""value"": ""Personal identifier""}, ""Choice Type"": {""endIndexInSegment"": -1, ""startIndexInSegment"": -1, ""value"": ""Unspecified""}, ""Identifiability"": {""endIndexInSegment"": -1, ""startIndexInSegment"": -1, ""value"": ""Unspecified""}, ""Does/Does Not"": {""endIndexInSegment"": 214, ""startIndexInSegment"": 205, ""selectedText"": ""we do not"", ""value"": ""Does Not""}, ""User Type"": {""endIndexInSegment"": -1, ""startIndexInSegment"": -1, ""value"": ""Unspecified""}, ""Purpose"": {""endIndexInSegment"": -1, ""startIndexInSegment"": -1, ""value"": ""Unspecified""}}",Not specified,https://www.usa.gov/policies
13152,test_category_labeling_highlight_fordham_aaaa,121,3826,16,First Party Collection/Use,"{""Collection Mode"": {""endIndexInSegment"": -1, ""startIndexInSegment"": -1, ""value"": ""not-selected""}, ""Choice Scope"": {""endIndexInSegment"": -1, ""startIndexInSegment"": -1, ""value"": ""Unspecified""}, ""Action First-Party"": {""endIndexInSegment"": 377, ""startIndexInSegment"": 299, ""selectedText"": ""use personal information made available by the user to these third-party sites"", ""value"": ""Other""}, ""Personal Information Type"": {""endIndexInSegment"": 323, ""startIndexInSegment"": 303, ""selectedText"": ""personal information"", ""value"": ""Generic personal information""}, ""Choice Type"": {""endIndexInSegment"": -1, ""startIndexInSegment"": -1, ""value"": ""Unspecified""}, ""Identifiability"": {""endIndexInSegment"": -1, ""startIndexInSegment"": -1, ""value"": ""Unspecified""}, ""Does/Does Not"": {""endIndexInSegment"": 214, ""startIndexInSegment"": 205, ""selectedText"": ""we do not"", ""value"": ""Does Not""}, ""User Type"": {""endIndexInSegment"": -1, ""startIndexInSegment"": -1, ""value"": ""Unspecified""}, ""Purpose"": {""endIndexInSegment"": -1, ""startIndexInSegment"": -1, ""value"": ""Unspecified""}}",Not specified,https://www.usa.gov/policies
12907,test_category_labeling_highlight_fordham_cccc,117,3826,16,Third Party Sharing/Collection,"{""Third Party Entity"": {""endIndexInSegment"": 135, ""startIndexInSegment"": 62, ""selectedText"": ""manages presence on social media sites (e.g., Facebook, Twitter, YouTube)"", ""value"": ""Named third party""}, ""Choice Scope"": {""endIndexInSegment"": -1, ""startIndexInSegment"": -1, ""value"": ""not-selected""}, ""Purpose"": {""endIndexInSegment"": 203, ""startIndexInSegment"": 148, ""selectedText"": ""share government information and engage with the public"", ""value"": ""Basic service/feature""}, ""Personal Information Type"": {""endIndexInSegment"": 262, ""startIndexInSegment"": 227, ""selectedText"": ""Personally Identifiable Information"", ""value"": ""Generic personal information""}, ""Choice Type"": {""endIndexInSegment"": -1, ""startIndexInSegment"": -1, ""value"": ""not-selected""}, ""Identifiability"": {""endIndexInSegment"": -1, ""startIndexInSegment"": -1, ""value"": ""not-selected""}, ""Does/Does Not"": {""endIndexInSegment"": 222, ""startIndexInSegment"": 205, ""selectedText"": ""we do not collect"", ""value"": ""Does Not""}, ""User Type"": {""endIndexInSegment"": -1, ""startIndexInSegment"": -1, ""value"": ""not-selected""}, ""Action Third Party"": {""endIndexInSegment"": 262, ""startIndexInSegment"": 215, ""selectedText"": ""collect any Personally Identifiable Information"", ""value"": ""Receive/Shared with""}}",Not specified,https://www.usa.gov/policies
11946,test_category_labeling_highlight_fordham_dddd,118,3826,16,First Party Collection/Use,"{""Collection Mode"": {""endIndexInSegment"": -1, ""startIndexInSegment"": -1, ""value"": ""not-selected""}, ""Choice Scope"": {""endIndexInSegment"": -1, ""startIndexInSegment"": -1, ""value"": ""not-selected""}, ""Action First-Party"": {""endIndexInSegment"": 302, ""startIndexInSegment"": 284, ""selectedText"": ""We also do not use"", ""value"": ""Other""}, ""Personal Information Type"": {""endIndexInSegment"": 323, ""startIndexInSegment"": 303, ""selectedText"": ""personal information"", ""value"": ""Generic personal information""}, ""Choice Type"": {""endIndexInSegment"": -1, ""startIndexInSegment"": -1, ""value"": ""not-selected""}, ""Identifiability"": {""endIndexInSegment"": -1, ""startIndexInSegment"": -1, ""value"": ""Unspecified""}, ""Does/Does Not"": {""endIndexInSegment"": 298, ""startIndexInSegment"": 292, ""selectedText"": ""do not"", ""value"": ""Does Not""}, ""User Type"": {""endIndexInSegment"": 350, ""startIndexInSegment"": 346, ""selectedText"": ""user"", ""value"": ""Unspecified""}, ""Purpose"": {""endIndexInSegment"": -1, ""startIndexInSegment"": -1, ""value"": ""Unspecified""}}",Not specified,https://www.usa.gov/policies
13153,test_category_labeling_highlight_fordham_aaaa,121,3826,17,User Choice/Control,"{""Choice Type"": {""endIndexInSegment"": 234, ""startIndexInSegment"": 208, ""selectedText"": ""what you decide to give us"", ""value"": ""Other""}, ""Choice Scope"": {""endIndexInSegment"": 103, ""startIndexInSegment"": 75, ""selectedText"": ""collect personal information"", ""value"": ""First party collection""}, ""User Type"": {""endIndexInSegment"": -1, ""startIndexInSegment"": -1, ""value"": ""Unspecified""}, ""Purpose"": {""endIndexInSegment"": 157, ""startIndexInSegment"": 131, ""selectedText"": ""to respond to your request"", ""value"": ""Basic service/feature""}, ""Personal Information Type"": {""endIndexInSegment"": 103, ""startIndexInSegment"": 83, ""selectedText"": ""personal information"", ""value"": ""Generic personal information""}}",Not specified,https://www.usa.gov/policies
12908,test_category_labeling_highlight_fordham_cccc,117,3826,17,First Party Collection/Use,"{""Collection Mode"": {""endIndexInSegment"": -1, ""startIndexInSegment"": -1, ""value"": ""not-selected""}, ""Choice Scope"": {""endIndexInSegment"": -1, ""startIndexInSegment"": -1, ""value"": ""not-selected""}, ""Action First-Party"": {""endIndexInSegment"": 505, ""startIndexInSegment"": 466, ""selectedText"": ""submitting it to us through the website"", ""value"": ""Collect on website""}, ""Personal Information Type"": {""endIndexInSegment"": 461, ""startIndexInSegment"": 368, ""selectedText"": ""personal information like filling out a Contact Us form, with an e-mail address and ZIP code,"", ""value"": ""Contact""}, ""Choice Type"": {""endIndexInSegment"": 359, ""startIndexInSegment"": 335, ""selectedText"": ""If you choose to provide"", ""value"": ""Opt-in""}, ""Identifiability"": {""endIndexInSegment"": -1, ""startIndexInSegment"": -1, ""value"": ""not-selected""}, ""Does/Does Not"": {""endIndexInSegment"": -1, ""startIndexInSegment"": -1, ""value"": ""Does""}, ""User Type"": {""endIndexInSegment"": -1, ""startIndexInSegment"": -1, ""value"": ""not-selected""}, ""Purpose"": {""endIndexInSegment"": 607, ""startIndexInSegment"": 533, ""selectedText"": ""respond to your message, and to help get you the information you requested"", ""value"": ""Basic service/feature""}}",Not specified,https://www.usa.gov/policies
11962,test_category_labeling_highlight_fordham_dddd,118,3826,17,First Party Collection/Use,"{""Collection Mode"": {""endIndexInSegment"": -1, ""startIndexInSegment"": -1, ""value"": ""not-selected""}, ""Choice Scope"": {""endIndexInSegment"": -1, ""startIndexInSegment"": -1, ""value"": ""not-selected""}, ""Action First-Party"": {""endIndexInSegment"": 82, ""startIndexInSegment"": 75, ""selectedText"": ""collect"", ""value"": ""Unspecified""}, ""Personal Information Type"": {""endIndexInSegment"": 103, ""startIndexInSegment"": 83, ""selectedText"": ""personal information"", ""value"": ""Generic personal information""}, ""Choice Type"": {""endIndexInSegment"": -1, ""startIndexInSegment"": -1, ""value"": ""Unspecified""}, ""Identifiability"": {""endIndexInSegment"": -1, ""startIndexInSegment"": -1, ""value"": ""Unspecified""}, ""Does/Does Not"": {""endIndexInSegment"": 130, ""startIndexInSegment"": 120, ""selectedText"": ""other than"", ""value"": ""Does""}, ""User Type"": {""endIndexInSegment"": -1, ""startIndexInSegment"": -1, ""value"": ""Unspecified""}, ""Purpose"": {""endIndexInSegment"": 158, ""startIndexInSegment"": 104, ""selectedText"": ""for any purpose other than to respond to your request."", ""value"": ""Basic service/feature""}}",Not specified,https://www.usa.gov/policies
11968,test_category_labeling_highlight_fordham_dddd,118,3826,17,First Party Collection/Use,"{""Collection Mode"": {""endIndexInSegment"": -1, ""startIndexInSegment"": -1, ""value"": ""Unspecified""}, ""Choice Scope"": {""endIndexInSegment"": -1, ""startIndexInSegment"": -1, ""value"": ""Unspecified""}, ""Action First-Party"": {""endIndexInSegment"": 82, ""startIndexInSegment"": 75, ""selectedText"": ""collect"", ""value"": ""Unspecified""}, ""Personal Information Type"": {""endIndexInSegment"": 103, ""startIndexInSegment"": 83, ""selectedText"": ""personal information"", ""value"": ""Generic personal information""}, ""Choice Type"": {""endIndexInSegment"": -1, ""startIndexInSegment"": -1, ""value"": ""Unspecified""}, ""Identifiability"": {""endIndexInSegment"": -1, ""startIndexInSegment"": -1, ""value"": ""Unspecified""}, ""Does/Does Not"": {""endIndexInSegment"": 130, ""startIndexInSegment"": 68, ""selectedText"": ""do not collect personal information for any purpose other than"", ""value"": ""Does""}, ""User Type"": {""endIndexInSegment"": -1, ""startIndexInSegment"": -1, ""value"": ""Unspecified""}, ""Purpose"": {""endIndexInSegment"": 158, ""startIndexInSegment"": 131, ""selectedText"": ""to respond to your request."", ""value"": ""Basic service/feature""}}",Not specified,https://www.usa.gov/policies
11969,test_category_labeling_highlight_fordham_dddd,118,3826,17,User Choice/Control,"{""Choice Type"": {""endIndexInSegment"": 234, ""startIndexInSegment"": 213, ""selectedText"": ""you decide to give us"", ""value"": ""Opt-in""}, ""Choice Scope"": {""endIndexInSegment"": 204, ""startIndexInSegment"": 177, ""selectedText"": ""information that we collect"", ""value"": ""First party collection""}, ""User Type"": {""endIndexInSegment"": -1, ""startIndexInSegment"": -1, ""value"": ""Unspecified""}, ""Purpose"": {""endIndexInSegment"": 608, ""startIndexInSegment"": 506, ""selectedText"": ""we use that information to respond to your message, and to help get you the information you requested."", ""value"": ""Basic service/feature""}, ""Personal Information Type"": {""endIndexInSegment"": 188, ""startIndexInSegment"": 168, ""selectedText"": ""personal information"", ""value"": ""Generic personal information""}}",Not specified,https://www.usa.gov/policies
11970,test_category_labeling_highlight_fordham_dddd,118,3826,17,User Choice/Control,"{""Choice Type"": {""endIndexInSegment"": 234, ""startIndexInSegment"": 213, ""selectedText"": ""you decide to give us"", ""value"": ""Opt-in""}, ""Choice Scope"": {""endIndexInSegment"": 505, ""startIndexInSegment"": 466, ""selectedText"": ""submitting it to us through the website"", ""value"": ""First party collection""}, ""User Type"": {""endIndexInSegment"": -1, ""startIndexInSegment"": -1, ""value"": ""Unspecified""}, ""Purpose"": {""endIndexInSegment"": 608, ""startIndexInSegment"": 506, ""selectedText"": ""we use that information to respond to your message, and to help get you the information you requested."", ""value"": ""Basic service/feature""}, ""Personal Information Type"": {""endIndexInSegment"": 447, ""startIndexInSegment"": 433, ""selectedText"": ""e-mail address"", ""value"": ""Contact""}}",Not specified,https://www.usa.gov/policies
11972,test_category_labeling_highlight_fordham_dddd,118,3826,17,First Party Collection/Use,"{""Collection Mode"": {""endIndexInSegment"": 702, ""startIndexInSegment"": 664, ""selectedText"": ""collect your name, and mailing address"", ""value"": ""Explicit""}, ""Choice Scope"": {""endIndexInSegment"": 713, ""startIndexInSegment"": 656, ""selectedText"": ""we will collect your name, and mailing address to fulfill"", ""value"": ""Both""}, ""Action First-Party"": {""endIndexInSegment"": 671, ""startIndexInSegment"": 656, ""selectedText"": ""we will collect"", ""value"": ""Unspecified""}, ""Personal Information Type"": {""endIndexInSegment"": 702, ""startIndexInSegment"": 677, ""selectedText"": ""name, and mailing address"", ""value"": ""Contact""}, ""Choice Type"": {""endIndexInSegment"": 234, ""startIndexInSegment"": 213, ""selectedText"": ""you decide to give us"", ""value"": ""Opt-in""}, ""Identifiability"": {""endIndexInSegment"": -1, ""startIndexInSegment"": -1, ""value"": ""Unspecified""}, ""Does/Does Not"": {""endIndexInSegment"": 663, ""startIndexInSegment"": 656, ""selectedText"": ""we will"", ""value"": ""Does""}, ""User Type"": {""endIndexInSegment"": -1, ""startIndexInSegment"": -1, ""value"": ""Unspecified""}, ""Purpose"": {""endIndexInSegment"": 725, ""startIndexInSegment"": 703, ""selectedText"": ""to fulfill your order."", ""value"": ""Basic service/feature""}}",Not specified,https://www.usa.gov/policies
C299,test_category_labeling_highlight_fordham_dddd,118,3826,18,Third Party Sharing/Collection,"{""Third Party Entity"": {""endIndexInSegment"": 72, ""startIndexInSegment"": 55, ""selectedText"": ""government agency"", ""value"": ""Other""}, ""Choice Scope"": {""endIndexInSegment"": -1, ""startIndexInSegment"": -1, ""value"": ""not-selected""}, ""Purpose"": {""endIndexInSegment"": 113, ""startIndexInSegment"": 73, ""selectedText"": ""if your question relates to that agency,"", ""value"": ""Other""}, ""Personal Information Type"": {""endIndexInSegment"": 29, ""startIndexInSegment"": 18, ""selectedText"": ""information"", ""value"": ""Unspecified""}, ""Choice Type"": {""endIndexInSegment"": -1, ""startIndexInSegment"": -1, ""value"": ""Unspecified""}, ""Identifiability"": {""endIndexInSegment"": -1, ""startIndexInSegment"": -1, ""value"": ""Unspecified""}, ""Does/Does Not"": {""endIndexInSegment"": 75, ""startIndexInSegment"": 0, ""selectedText"": ""We only share the information you give us with another government agency if"", ""value"": ""Does""}, ""User Type"": {""endIndexInSegment"": -1, ""startIndexInSegment"": -1, ""value"": ""Unspecified""}, ""Action Third Party"": {""endIndexInSegment"": 13, ""startIndexInSegment"": 8, ""selectedText"": ""share"", ""value"": ""Receive/Shared with""}}",Not specified,https://www.usa.gov/policies
C300,test_category_labeling_highlight_fordham_dddd,118,3826,18,Third Party Sharing/Collection,"{""Third Party Entity"": {""endIndexInSegment"": 72, ""startIndexInSegment"": 55, ""selectedText"": ""government agency"", ""value"": ""Other""}, ""Choice Scope"": {""endIndexInSegment"": -1, ""startIndexInSegment"": -1, ""value"": ""not-selected""}, ""Purpose"": {""endIndexInSegment"": 145, ""startIndexInSegment"": 130, ""selectedText"": ""required by law"", ""value"": ""Legal requirement""}, ""Personal Information Type"": {""endIndexInSegment"": 29, ""startIndexInSegment"": 18, ""selectedText"": ""information"", ""value"": ""Unspecified""}, ""Choice Type"": {""endIndexInSegment"": -1, ""startIndexInSegment"": -1, ""value"": ""Unspecified""}, ""Identifiability"": {""endIndexInSegment"": -1, ""startIndexInSegment"": -1, ""value"": ""Unspecified""}, ""Does/Does Not"": {""endIndexInSegment"": 75, ""startIndexInSegment"": 0, ""selectedText"": ""We only share the information you give us with another government agency if"", ""value"": ""Does""}, ""User Type"": {""endIndexInSegment"": -1, ""startIndexInSegment"": -1, ""value"": ""Unspecified""}, ""Action Third Party"": {""endIndexInSegment"": 13, ""startIndexInSegment"": 8, ""selectedText"": ""share"", ""value"": ""Receive/Shared with""}}",Not specified,https://www.usa.gov/policies
12909,test_category_labeling_highlight_fordham_cccc,117,3826,18,Third Party Sharing/Collection,"{""Third Party Entity"": {""endIndexInSegment"": 72, ""startIndexInSegment"": 47, ""selectedText"": ""another government agency"", ""value"": ""Named third party""}, ""Choice Scope"": {""endIndexInSegment"": -1, ""startIndexInSegment"": -1, ""value"": ""not-selected""}, ""Purpose"": {""endIndexInSegment"": 145, ""startIndexInSegment"": 81, ""selectedText"": ""question relates to that agency, or as otherwise required by law"", ""value"": ""Legal requirement""}, ""Personal Information Type"": {""endIndexInSegment"": 29, ""startIndexInSegment"": 18, ""selectedText"": ""information"", ""value"": ""Unspecified""}, ""Choice Type"": {""endIndexInSegment"": -1, ""startIndexInSegment"": -1, ""value"": ""not-selected""}, ""Identifiability"": {""endIndexInSegment"": -1, ""startIndexInSegment"": -1, ""value"": ""not-selected""}, ""Does/Does Not"": {""endIndexInSegment"": -1, ""startIndexInSegment"": -1, ""value"": ""Does""}, ""User Type"": {""endIndexInSegment"": -1, ""startIndexInSegment"": -1, ""value"": ""not-selected""}, ""Action Third Party"": {""endIndexInSegment"": 13, ""startIndexInSegment"": 0, ""selectedText"": ""We only share"", ""value"": ""Receive/Shared with""}}",Not specified,https://www.usa.gov/policies
11949,test_category_labeling_highlight_fordham_dddd,118,3826,18,First Party Collection/Use,"{""Collection Mode"": {""endIndexInSegment"": -1, ""startIndexInSegment"": -1, ""value"": ""Unspecified""}, ""Choice Scope"": {""endIndexInSegment"": -1, ""startIndexInSegment"": -1, ""value"": ""not-selected""}, ""Action First-Party"": {""endIndexInSegment"": 154, ""startIndexInSegment"": 147, ""selectedText"": ""USA.gov"", ""value"": ""Collect on website""}, ""Personal Information Type"": {""endIndexInSegment"": 181, ""startIndexInSegment"": 170, ""selectedText"": ""information"", ""value"": ""Unspecified""}, ""Choice Type"": {""endIndexInSegment"": -1, ""startIndexInSegment"": -1, ""value"": ""Unspecified""}, ""Identifiability"": {""endIndexInSegment"": -1, ""startIndexInSegment"": -1, ""value"": ""Unspecified""}, ""Does/Does Not"": {""endIndexInSegment"": 160, ""startIndexInSegment"": 155, ""selectedText"": ""never"", ""value"": ""Does Not""}, ""User Type"": {""endIndexInSegment"": -1, ""startIndexInSegment"": -1, ""value"": ""Unspecified""}, ""Purpose"": {""endIndexInSegment"": 238, ""startIndexInSegment"": 213, ""selectedText"": ""for commercial marketing."", ""value"": ""Marketing""}}",Not specified,https://www.usa.gov/policies
