C3720,test_category_labeling_highlight_fordham_aaaa,121,3830,0,Other,"{""Other Type"": {""endIndexInSegment"": 107, ""startIndexInSegment"": 9, ""selectedText"": ""PRIVACY POLICY Copyright 2008 Abita and ABITA.COM, LLC TM. All Right Reserved."", ""value"": ""Introductory/Generic""}}",7/1/09,https://abita.com/sign_up/privacy_policy
C3721,test_category_labeling_highlight_fordham_aaaa,121,3830,1,User Choice/Control,"{""Choice Type"": {""endIndexInSegment"": 177, ""startIndexInSegment"": 47, ""selectedText"": ""By accessing this website, you are consenting to the information collection and use practices described in this privacy statement."", ""value"": ""Dont use service/feature""}, ""Choice Scope"": {""endIndexInSegment"": 130, ""startIndexInSegment"": 113, ""selectedText"": ""ollection and use"", ""value"": ""Unspecified""}, ""User Type"": {""endIndexInSegment"": -1, ""startIndexInSegment"": -1, ""value"": ""not-selected""}, ""Purpose"": {""endIndexInSegment"": -1, ""startIndexInSegment"": -1, ""value"": ""Unspecified""}, ""Personal Information Type"": {""endIndexInSegment"": 111, ""startIndexInSegment"": 100, ""selectedText"": ""information"", ""value"": ""Unspecified""}}",7/1/09,https://abita.com/sign_up/privacy_policy
13373,test_category_labeling_highlight_fordham_aaaa,121,3830,1,Other,"{""Other Type"": {""endIndexInSegment"": 46, ""startIndexInSegment"": 0, ""selectedText"": ""Abita is committed to protecting your privacy."", ""value"": ""Introductory/Generic""}}",7/1/09,https://abita.com/sign_up/privacy_policy
13654,test_category_labeling_highlight_fordham_bbbb,116,3830,1,Data Security,"{""Security Measure"": {""endIndexInSegment"": 46, ""startIndexInSegment"": 0, ""selectedText"": ""Abita is committed to protecting your privacy."", ""value"": ""Generic""}}",7/1/09,https://abita.com/sign_up/privacy_policy
13656,test_category_labeling_highlight_fordham_bbbb,116,3830,1,User Choice/Control,"{""Choice Type"": {""endIndexInSegment"": 177, ""startIndexInSegment"": 47, ""selectedText"": ""By accessing this website, you are consenting to the information collection and use practices described in this privacy statement."", ""value"": ""Dont use service/feature""}, ""Choice Scope"": {""endIndexInSegment"": 130, ""startIndexInSegment"": 127, ""selectedText"": ""use"", ""value"": ""First party use""}, ""User Type"": {""endIndexInSegment"": -1, ""startIndexInSegment"": -1, ""value"": ""not-selected""}, ""Purpose"": {""endIndexInSegment"": 177, ""startIndexInSegment"": 47, ""selectedText"": ""By accessing this website, you are consenting to the information collection and use practices described in this privacy statement."", ""value"": ""Unspecified""}, ""Personal Information Type"": {""endIndexInSegment"": 111, ""startIndexInSegment"": 96, ""selectedText"": ""the information"", ""value"": ""Unspecified""}}",7/1/09,https://abita.com/sign_up/privacy_policy
12433,test_category_labeling_highlight_fordham_dddd,118,3830,1,Other,"{""Other Type"": {""endIndexInSegment"": 177, ""startIndexInSegment"": 0, ""selectedText"": ""Abita is committed to protecting your privacy. By accessing this website, you are consenting to the information collection and use practices described in this privacy statement."", ""value"": ""Introductory/Generic""}}",7/1/09,https://abita.com/sign_up/privacy_policy
C3722,test_category_labeling_highlight_fordham_bbbb,116,3830,2,First Party Collection/Use,"{""Collection Mode"": {""endIndexInSegment"": -1, ""startIndexInSegment"": -1, ""value"": ""not-selected""}, ""Choice Scope"": {""endIndexInSegment"": -1, ""startIndexInSegment"": -1, ""value"": ""not-selected""}, ""Action First-Party"": {""endIndexInSegment"": 531, ""startIndexInSegment"": 521, ""selectedText"": ""we collect"", ""value"": ""Unspecified""}, ""Personal Information Type"": {""endIndexInSegment"": 707, ""startIndexInSegment"": 639, ""selectedText"": ""information about your job function, information about your company,"", ""value"": ""Other""}, ""Choice Type"": {""endIndexInSegment"": -1, ""startIndexInSegment"": -1, ""value"": ""not-selected""}, ""Identifiability"": {""endIndexInSegment"": -1, ""startIndexInSegment"": -1, ""value"": ""not-selected""}, ""Does/Does Not"": {""endIndexInSegment"": -1, ""startIndexInSegment"": -1, ""value"": ""Does""}, ""User Type"": {""endIndexInSegment"": -1, ""startIndexInSegment"": -1, ""value"": ""not-selected""}, ""Purpose"": {""endIndexInSegment"": 790, ""startIndexInSegment"": 496, ""selectedText"": ""The personal information we collect may include your name, title, company or organization name, work e-mail, work phone, work or home address, information about your job function, information about your company, information about circumstances related to your purchase, and payment information."", ""value"": ""Unspecified""}}",7/1/09,https://abita.com/sign_up/privacy_policy
C3723,test_category_labeling_highlight_fordham_bbbb,116,3830,2,First Party Collection/Use,"{""Collection Mode"": {""endIndexInSegment"": 85, ""startIndexInSegment"": 70, ""selectedText"": ""We will ask you"", ""value"": ""Explicit""}, ""Choice Scope"": {""endIndexInSegment"": -1, ""startIndexInSegment"": -1, ""value"": ""not-selected""}, ""Action First-Party"": {""endIndexInSegment"": 85, ""startIndexInSegment"": 70, ""selectedText"": ""We will ask you"", ""value"": ""Unspecified""}, ""Personal Information Type"": {""endIndexInSegment"": 192, ""startIndexInSegment"": 168, ""selectedText"": ""allows us to contact you"", ""value"": ""Contact""}, ""Choice Type"": {""endIndexInSegment"": -1, ""startIndexInSegment"": -1, ""value"": ""not-selected""}, ""Identifiability"": {""endIndexInSegment"": -1, ""startIndexInSegment"": -1, ""value"": ""not-selected""}, ""Does/Does Not"": {""endIndexInSegment"": -1, ""startIndexInSegment"": -1, ""value"": ""Does""}, ""User Type"": {""endIndexInSegment"": -1, ""startIndexInSegment"": -1, ""value"": ""not-selected""}, ""Purpose"": {""endIndexInSegment"": 495, ""startIndexInSegment"": 330, ""selectedText"": ""entering a contest, ordering e-mail newsletters, joining a limited-access premium site or service, or when purchasing, downloading and/or registering Abita products."", ""value"": ""Additional service/feature""}}",7/1/09,https://abita.com/sign_up/privacy_policy
C3724,test_category_labeling_highlight_fordham_dddd,118,3830,2,First Party Collection/Use,"{""Collection Mode"": {""endIndexInSegment"": 85, ""startIndexInSegment"": 70, ""selectedText"": ""We will ask you"", ""value"": ""Explicit""}, ""Choice Scope"": {""endIndexInSegment"": 110, ""startIndexInSegment"": 78, ""selectedText"": ""ask you when we need information"", ""value"": ""Collection""}, ""Action First-Party"": {""endIndexInSegment"": -1, ""startIndexInSegment"": -1, ""value"": ""Unspecified""}, ""Personal Information Type"": {""endIndexInSegment"": 764, ""startIndexInSegment"": 708, ""selectedText"": ""information about circumstances related to your purchase"", ""value"": ""Other""}, ""Choice Type"": {""endIndexInSegment"": 85, ""startIndexInSegment"": 70, ""selectedText"": ""We will ask you"", ""value"": ""Opt-in""}, ""Identifiability"": {""endIndexInSegment"": 141, ""startIndexInSegment"": 116, ""selectedText"": ""personally identifies you"", ""value"": ""Identifiable""}, ""Does/Does Not"": {""endIndexInSegment"": 110, ""startIndexInSegment"": 70, ""selectedText"": ""We will ask you when we need information"", ""value"": ""Does""}, ""User Type"": {""endIndexInSegment"": -1, ""startIndexInSegment"": -1, ""value"": ""Unspecified""}, ""Purpose"": {""endIndexInSegment"": -1, ""startIndexInSegment"": -1, ""value"": ""Unspecified""}}",7/1/09,https://abita.com/sign_up/privacy_policy
C3725,test_category_labeling_highlight_fordham_bbbb,116,3830,2,First Party Collection/Use,"{""Collection Mode"": {""endIndexInSegment"": 85, ""startIndexInSegment"": 70, ""selectedText"": ""We will ask you"", ""value"": ""Explicit""}, ""Choice Scope"": {""endIndexInSegment"": -1, ""startIndexInSegment"": -1, ""value"": ""not-selected""}, ""Action First-Party"": {""endIndexInSegment"": 85, ""startIndexInSegment"": 70, ""selectedText"": ""We will ask you"", ""value"": ""Unspecified""}, ""Personal Information Type"": {""endIndexInSegment"": 164, ""startIndexInSegment"": 99, ""selectedText"": ""information that personally identifies you (personal information)"", ""value"": ""Generic personal information""}, ""Choice Type"": {""endIndexInSegment"": -1, ""startIndexInSegment"": -1, ""value"": ""not-selected""}, ""Identifiability"": {""endIndexInSegment"": -1, ""startIndexInSegment"": -1, ""value"": ""not-selected""}, ""Does/Does Not"": {""endIndexInSegment"": -1, ""startIndexInSegment"": -1, ""value"": ""Does""}, ""User Type"": {""endIndexInSegment"": -1, ""startIndexInSegment"": -1, ""value"": ""not-selected""}, ""Purpose"": {""endIndexInSegment"": 329, ""startIndexInSegment"": 193, ""selectedText"": ""to provide a service or carry out a transaction that you have requested such as receiving information about Abita products and services,"", ""value"": ""Basic service/feature""}}",7/1/09,https://abita.com/sign_up/privacy_policy
C3726,test_category_labeling_highlight_fordham_dddd,118,3830,2,First Party Collection/Use,"{""Collection Mode"": {""endIndexInSegment"": 85, ""startIndexInSegment"": 70, ""selectedText"": ""We will ask you"", ""value"": ""Explicit""}, ""Choice Scope"": {""endIndexInSegment"": 110, ""startIndexInSegment"": 78, ""selectedText"": ""ask you when we need information"", ""value"": ""Collection""}, ""Action First-Party"": {""endIndexInSegment"": -1, ""startIndexInSegment"": -1, ""value"": ""Unspecified""}, ""Personal Information Type"": {""endIndexInSegment"": 638, ""startIndexInSegment"": 592, ""selectedText"": ""work e-mail, work phone, work or home address,"", ""value"": ""Contact""}, ""Choice Type"": {""endIndexInSegment"": 85, ""startIndexInSegment"": 70, ""selectedText"": ""We will ask you"", ""value"": ""Opt-in""}, ""Identifiability"": {""endIndexInSegment"": 141, ""startIndexInSegment"": 116, ""selectedText"": ""personally identifies you"", ""value"": ""Identifiable""}, ""Does/Does Not"": {""endIndexInSegment"": 110, ""startIndexInSegment"": 70, ""selectedText"": ""We will ask you when we need information"", ""value"": ""Does""}, ""User Type"": {""endIndexInSegment"": -1, ""startIndexInSegment"": -1, ""value"": ""Unspecified""}, ""Purpose"": {""endIndexInSegment"": -1, ""startIndexInSegment"": -1, ""value"": ""Unspecified""}}",7/1/09,https://abita.com/sign_up/privacy_policy
C3727,test_category_labeling_highlight_fordham_bbbb,116,3830,2,First Party Collection/Use,"{""Collection Mode"": {""endIndexInSegment"": 85, ""startIndexInSegment"": 70, ""selectedText"": ""We will ask you"", ""value"": ""Explicit""}, ""Choice Scope"": {""endIndexInSegment"": -1, ""startIndexInSegment"": -1, ""value"": ""not-selected""}, ""Action First-Party"": {""endIndexInSegment"": 85, ""startIndexInSegment"": 70, ""selectedText"": ""We will ask you"", ""value"": ""Unspecified""}, ""Personal Information Type"": {""endIndexInSegment"": 164, ""startIndexInSegment"": 99, ""selectedText"": ""information that personally identifies you (personal information)"", ""value"": ""Generic personal information""}, ""Choice Type"": {""endIndexInSegment"": -1, ""startIndexInSegment"": -1, ""value"": ""not-selected""}, ""Identifiability"": {""endIndexInSegment"": -1, ""startIndexInSegment"": -1, ""value"": ""not-selected""}, ""Does/Does Not"": {""endIndexInSegment"": -1, ""startIndexInSegment"": -1, ""value"": ""Does""}, ""User Type"": {""endIndexInSegment"": -1, ""startIndexInSegment"": -1, ""value"": ""not-selected""}, ""Purpose"": {""endIndexInSegment"": 495, ""startIndexInSegment"": 330, ""selectedText"": ""entering a contest, ordering e-mail newsletters, joining a limited-access premium site or service, or when purchasing, downloading and/or registering Abita products."", ""value"": ""Additional service/feature""}}",7/1/09,https://abita.com/sign_up/privacy_policy
13375,test_category_labeling_highlight_fordham_aaaa,121,3830,2,First Party Collection/Use,"{""Collection Mode"": {""endIndexInSegment"": -1, ""startIndexInSegment"": -1, ""value"": ""not-selected""}, ""Choice Scope"": {""endIndexInSegment"": -1, ""startIndexInSegment"": -1, ""value"": ""not-selected""}, ""Action First-Party"": {""endIndexInSegment"": 531, ""startIndexInSegment"": 500, ""selectedText"": ""personal information we collect"", ""value"": ""Unspecified""}, ""Personal Information Type"": {""endIndexInSegment"": 543, ""startIndexInSegment"": 532, ""selectedText"": ""may include"", ""value"": ""Other""}, ""Choice Type"": {""endIndexInSegment"": -1, ""startIndexInSegment"": -1, ""value"": ""not-selected""}, ""Identifiability"": {""endIndexInSegment"": -1, ""startIndexInSegment"": -1, ""value"": ""not-selected""}, ""Does/Does Not"": {""endIndexInSegment"": -1, ""startIndexInSegment"": -1, ""value"": ""Does""}, ""User Type"": {""endIndexInSegment"": -1, ""startIndexInSegment"": -1, ""value"": ""not-selected""}, ""Purpose"": {""endIndexInSegment"": 494, ""startIndexInSegment"": 168, ""selectedText"": ""allows us to contact you to provide a service or carry out a transaction that you have requested such as receiving information about Abita products and services, entering a contest, ordering e-mail newsletters, joining a limited-access premium site or service, or when purchasing, downloading and/or registering Abita products"", ""value"": ""Basic service/feature""}}",7/1/09,https://abita.com/sign_up/privacy_policy
13659,test_category_labeling_highlight_fordham_bbbb,116,3830,2,First Party Collection/Use,"{""Collection Mode"": {""endIndexInSegment"": 85, ""startIndexInSegment"": 70, ""selectedText"": ""We will ask you"", ""value"": ""Explicit""}, ""Choice Scope"": {""endIndexInSegment"": -1, ""startIndexInSegment"": -1, ""value"": ""not-selected""}, ""Action First-Party"": {""endIndexInSegment"": 85, ""startIndexInSegment"": 70, ""selectedText"": ""We will ask you"", ""value"": ""Unspecified""}, ""Personal Information Type"": {""endIndexInSegment"": 192, ""startIndexInSegment"": 165, ""selectedText"": ""or allows us to contact you"", ""value"": ""Contact""}, ""Choice Type"": {""endIndexInSegment"": -1, ""startIndexInSegment"": -1, ""value"": ""not-selected""}, ""Identifiability"": {""endIndexInSegment"": -1, ""startIndexInSegment"": -1, ""value"": ""not-selected""}, ""Does/Does Not"": {""endIndexInSegment"": -1, ""startIndexInSegment"": -1, ""value"": ""Does""}, ""User Type"": {""endIndexInSegment"": -1, ""startIndexInSegment"": -1, ""value"": ""not-selected""}, ""Purpose"": {""endIndexInSegment"": 329, ""startIndexInSegment"": 193, ""selectedText"": ""to provide a service or carry out a transaction that you have requested such as receiving information about Abita products and services,"", ""value"": ""Basic service/feature""}}",7/1/09,https://abita.com/sign_up/privacy_policy
13663,test_category_labeling_highlight_fordham_bbbb,116,3830,2,First Party Collection/Use,"{""Collection Mode"": {""endIndexInSegment"": -1, ""startIndexInSegment"": -1, ""value"": ""not-selected""}, ""Choice Scope"": {""endIndexInSegment"": -1, ""startIndexInSegment"": -1, ""value"": ""not-selected""}, ""Action First-Party"": {""endIndexInSegment"": 531, ""startIndexInSegment"": 521, ""selectedText"": ""we collect"", ""value"": ""Unspecified""}, ""Personal Information Type"": {""endIndexInSegment"": 638, ""startIndexInSegment"": 544, ""selectedText"": ""your name, title, company or organization name, work e-mail, work phone, work or home address,"", ""value"": ""Contact""}, ""Choice Type"": {""endIndexInSegment"": -1, ""startIndexInSegment"": -1, ""value"": ""not-selected""}, ""Identifiability"": {""endIndexInSegment"": -1, ""startIndexInSegment"": -1, ""value"": ""not-selected""}, ""Does/Does Not"": {""endIndexInSegment"": -1, ""startIndexInSegment"": -1, ""value"": ""Does""}, ""User Type"": {""endIndexInSegment"": -1, ""startIndexInSegment"": -1, ""value"": ""not-selected""}, ""Purpose"": {""endIndexInSegment"": 790, ""startIndexInSegment"": 496, ""selectedText"": ""The personal information we collect may include your name, title, company or organization name, work e-mail, work phone, work or home address, information about your job function, information about your company, information about circumstances related to your purchase, and payment information."", ""value"": ""Unspecified""}}",7/1/09,https://abita.com/sign_up/privacy_policy
13664,test_category_labeling_highlight_fordham_bbbb,116,3830,2,First Party Collection/Use,"{""Collection Mode"": {""endIndexInSegment"": -1, ""startIndexInSegment"": -1, ""value"": ""not-selected""}, ""Choice Scope"": {""endIndexInSegment"": -1, ""startIndexInSegment"": -1, ""value"": ""not-selected""}, ""Action First-Party"": {""endIndexInSegment"": 531, ""startIndexInSegment"": 521, ""selectedText"": ""we collect"", ""value"": ""Unspecified""}, ""Personal Information Type"": {""endIndexInSegment"": 790, ""startIndexInSegment"": 709, ""selectedText"": ""nformation about circumstances related to your purchase, and payment information."", ""value"": ""Financial""}, ""Choice Type"": {""endIndexInSegment"": -1, ""startIndexInSegment"": -1, ""value"": ""not-selected""}, ""Identifiability"": {""endIndexInSegment"": -1, ""startIndexInSegment"": -1, ""value"": ""not-selected""}, ""Does/Does Not"": {""endIndexInSegment"": -1, ""startIndexInSegment"": -1, ""value"": ""Does""}, ""User Type"": {""endIndexInSegment"": -1, ""startIndexInSegment"": -1, ""value"": ""not-selected""}, ""Purpose"": {""endIndexInSegment"": 790, ""startIndexInSegment"": 496, ""selectedText"": ""The personal information we collect may include your name, title, company or organization name, work e-mail, work phone, work or home address, information about your job function, information about your company, information about circumstances related to your purchase, and payment information."", ""value"": ""Unspecified""}}",7/1/09,https://abita.com/sign_up/privacy_policy
C3728,test_category_labeling_highlight_fordham_dddd,118,3830,3,First Party Collection/Use,"{""Collection Mode"": {""endIndexInSegment"": -1, ""startIndexInSegment"": -1, ""value"": ""Unspecified""}, ""Choice Scope"": {""endIndexInSegment"": -1, ""startIndexInSegment"": -1, ""value"": ""Unspecified""}, ""Action First-Party"": {""endIndexInSegment"": 51, ""startIndexInSegment"": 41, ""selectedText"": ""your visit"", ""value"": ""Unspecified""}, ""Personal Information Type"": {""endIndexInSegment"": 102, ""startIndexInSegment"": 61, ""selectedText"": ""the name of the Internet service provider"", ""value"": ""Computer information""}, ""Choice Type"": {""endIndexInSegment"": -1, ""startIndexInSegment"": -1, ""value"": ""Unspecified""}, ""Identifiability"": {""endIndexInSegment"": -1, ""startIndexInSegment"": -1, ""value"": ""Unspecified""}, ""Does/Does Not"": {""endIndexInSegment"": -1, ""startIndexInSegment"": -1, ""value"": ""Does""}, ""User Type"": {""endIndexInSegment"": -1, ""startIndexInSegment"": -1, ""value"": ""Unspecified""}, ""Purpose"": {""endIndexInSegment"": 439, ""startIndexInSegment"": 419, ""selectedText"": ""administer the site."", ""value"": ""Service Operation and Security""}}",7/1/09,https://abita.com/sign_up/privacy_policy
C3729,test_category_labeling_highlight_fordham_dddd,118,3830,3,First Party Collection/Use,"{""Collection Mode"": {""endIndexInSegment"": -1, ""startIndexInSegment"": -1, ""value"": ""Unspecified""}, ""Choice Scope"": {""endIndexInSegment"": -1, ""startIndexInSegment"": -1, ""value"": ""Unspecified""}, ""Action First-Party"": {""endIndexInSegment"": 51, ""startIndexInSegment"": 41, ""selectedText"": ""your visit"", ""value"": ""Unspecified""}, ""Personal Information Type"": {""endIndexInSegment"": 348, ""startIndexInSegment"": 181, ""selectedText"": ""the date and time you access the site; the pages that you access while at the Site and the Internet address of the Web site from which you linked directly to our site."", ""value"": ""User online activities""}, ""Choice Type"": {""endIndexInSegment"": -1, ""startIndexInSegment"": -1, ""value"": ""Unspecified""}, ""Identifiability"": {""endIndexInSegment"": -1, ""startIndexInSegment"": -1, ""value"": ""Unspecified""}, ""Does/Does Not"": {""endIndexInSegment"": -1, ""startIndexInSegment"": -1, ""value"": ""Does""}, ""User Type"": {""endIndexInSegment"": -1, ""startIndexInSegment"": -1, ""value"": ""Unspecified""}, ""Purpose"": {""endIndexInSegment"": 439, ""startIndexInSegment"": 419, ""selectedText"": ""administer the site."", ""value"": ""Service Operation and Security""}}",7/1/09,https://abita.com/sign_up/privacy_policy
C3730,test_category_labeling_highlight_fordham_bbbb,116,3830,3,First Party Collection/Use,"{""Collection Mode"": {""endIndexInSegment"": -1, ""startIndexInSegment"": -1, ""value"": ""not-selected""}, ""Choice Scope"": {""endIndexInSegment"": -1, ""startIndexInSegment"": -1, ""value"": ""not-selected""}, ""Action First-Party"": {""endIndexInSegment"": 14, ""startIndexInSegment"": 0, ""selectedText"": ""We may collect"", ""value"": ""Unspecified""}, ""Personal Information Type"": {""endIndexInSegment"": 348, ""startIndexInSegment"": 181, ""selectedText"": ""the date and time you access the site; the pages that you access while at the Site and the Internet address of the Web site from which you linked directly to our site."", ""value"": ""User online activities""}, ""Choice Type"": {""endIndexInSegment"": -1, ""startIndexInSegment"": -1, ""value"": ""not-selected""}, ""Identifiability"": {""endIndexInSegment"": -1, ""startIndexInSegment"": -1, ""value"": ""not-selected""}, ""Does/Does Not"": {""endIndexInSegment"": -1, ""startIndexInSegment"": -1, ""value"": ""Does""}, ""User Type"": {""endIndexInSegment"": -1, ""startIndexInSegment"": -1, ""value"": ""not-selected""}, ""Purpose"": {""endIndexInSegment"": 439, ""startIndexInSegment"": 349, ""selectedText"": ""This information is used to help improve the site, analyze trends and administer the site."", ""value"": ""Analytics/Research""}}",7/1/09,https://abita.com/sign_up/privacy_policy
C3731,test_category_labeling_highlight_fordham_dddd,118,3830,3,First Party Collection/Use,"{""Collection Mode"": {""endIndexInSegment"": -1, ""startIndexInSegment"": -1, ""value"": ""Unspecified""}, ""Choice Scope"": {""endIndexInSegment"": -1, ""startIndexInSegment"": -1, ""value"": ""Unspecified""}, ""Action First-Party"": {""endIndexInSegment"": 51, ""startIndexInSegment"": 41, ""selectedText"": ""your visit"", ""value"": ""Unspecified""}, ""Personal Information Type"": {""endIndexInSegment"": 102, ""startIndexInSegment"": 61, ""selectedText"": ""the name of the Internet service provider"", ""value"": ""Computer information""}, ""Choice Type"": {""endIndexInSegment"": -1, ""startIndexInSegment"": -1, ""value"": ""Unspecified""}, ""Identifiability"": {""endIndexInSegment"": -1, ""startIndexInSegment"": -1, ""value"": ""Unspecified""}, ""Does/Does Not"": {""endIndexInSegment"": -1, ""startIndexInSegment"": -1, ""value"": ""Does""}, ""User Type"": {""endIndexInSegment"": -1, ""startIndexInSegment"": -1, ""value"": ""Unspecified""}, ""Purpose"": {""endIndexInSegment"": 414, ""startIndexInSegment"": 349, ""selectedText"": ""This information is used to help improve the site, analyze trends"", ""value"": ""Analytics/Research""}}",7/1/09,https://abita.com/sign_up/privacy_policy
13381,test_category_labeling_highlight_fordham_aaaa,121,3830,3,First Party Collection/Use,"{""Collection Mode"": {""endIndexInSegment"": 51, ""startIndexInSegment"": 35, ""selectedText"": ""about your visit"", ""value"": ""Implicit""}, ""Choice Scope"": {""endIndexInSegment"": -1, ""startIndexInSegment"": -1, ""value"": ""Unspecified""}, ""Action First-Party"": {""endIndexInSegment"": 34, ""startIndexInSegment"": 0, ""selectedText"": ""We may collect certain information"", ""value"": ""Unspecified""}, ""Personal Information Type"": {""endIndexInSegment"": 219, ""startIndexInSegment"": 111, ""selectedText"": ""Internet Protocol (IP) address through which you access the Internet; the date and time you access the site;"", ""value"": ""IP address and device IDs""}, ""Choice Type"": {""endIndexInSegment"": -1, ""startIndexInSegment"": -1, ""value"": ""Unspecified""}, ""Identifiability"": {""endIndexInSegment"": -1, ""startIndexInSegment"": -1, ""value"": ""not-selected""}, ""Does/Does Not"": {""endIndexInSegment"": -1, ""startIndexInSegment"": -1, ""value"": ""Does""}, ""User Type"": {""endIndexInSegment"": -1, ""startIndexInSegment"": -1, ""value"": ""Unspecified""}, ""Purpose"": {""endIndexInSegment"": 414, ""startIndexInSegment"": 377, ""selectedText"": ""help improve the site, analyze trends"", ""value"": ""Analytics/Research""}}",7/1/09,https://abita.com/sign_up/privacy_policy
13382,test_category_labeling_highlight_fordham_aaaa,121,3830,3,First Party Collection/Use,"{""Collection Mode"": {""endIndexInSegment"": 51, ""startIndexInSegment"": 35, ""selectedText"": ""about your visit"", ""value"": ""Implicit""}, ""Choice Scope"": {""endIndexInSegment"": -1, ""startIndexInSegment"": -1, ""value"": ""Unspecified""}, ""Action First-Party"": {""endIndexInSegment"": 34, ""startIndexInSegment"": 0, ""selectedText"": ""We may collect certain information"", ""value"": ""Unspecified""}, ""Personal Information Type"": {""endIndexInSegment"": 219, ""startIndexInSegment"": 111, ""selectedText"": ""Internet Protocol (IP) address through which you access the Internet; the date and time you access the site;"", ""value"": ""IP address and device IDs""}, ""Choice Type"": {""endIndexInSegment"": -1, ""startIndexInSegment"": -1, ""value"": ""Unspecified""}, ""Identifiability"": {""endIndexInSegment"": -1, ""startIndexInSegment"": -1, ""value"": ""not-selected""}, ""Does/Does Not"": {""endIndexInSegment"": -1, ""startIndexInSegment"": -1, ""value"": ""Does""}, ""User Type"": {""endIndexInSegment"": -1, ""startIndexInSegment"": -1, ""value"": ""Unspecified""}, ""Purpose"": {""endIndexInSegment"": 439, ""startIndexInSegment"": 419, ""selectedText"": ""administer the site."", ""value"": ""Service Operation and Security""}}",7/1/09,https://abita.com/sign_up/privacy_policy
13384,test_category_labeling_highlight_fordham_aaaa,121,3830,3,First Party Collection/Use,"{""Collection Mode"": {""endIndexInSegment"": 51, ""startIndexInSegment"": 35, ""selectedText"": ""about your visit"", ""value"": ""Implicit""}, ""Choice Scope"": {""endIndexInSegment"": -1, ""startIndexInSegment"": -1, ""value"": ""Unspecified""}, ""Action First-Party"": {""endIndexInSegment"": 34, ""startIndexInSegment"": 0, ""selectedText"": ""We may collect certain information"", ""value"": ""Unspecified""}, ""Personal Information Type"": {""endIndexInSegment"": 348, ""startIndexInSegment"": 220, ""selectedText"": ""the pages that you access while at the Site and the Internet address of the Web site from which you linked directly to our site."", ""value"": ""User online activities""}, ""Choice Type"": {""endIndexInSegment"": -1, ""startIndexInSegment"": -1, ""value"": ""Unspecified""}, ""Identifiability"": {""endIndexInSegment"": -1, ""startIndexInSegment"": -1, ""value"": ""not-selected""}, ""Does/Does Not"": {""endIndexInSegment"": -1, ""startIndexInSegment"": -1, ""value"": ""Does""}, ""User Type"": {""endIndexInSegment"": -1, ""startIndexInSegment"": -1, ""value"": ""Unspecified""}, ""Purpose"": {""endIndexInSegment"": 414, ""startIndexInSegment"": 377, ""selectedText"": ""help improve the site, analyze trends"", ""value"": ""Analytics/Research""}}",7/1/09,https://abita.com/sign_up/privacy_policy
13665,test_category_labeling_highlight_fordham_bbbb,116,3830,3,First Party Collection/Use,"{""Collection Mode"": {""endIndexInSegment"": -1, ""startIndexInSegment"": -1, ""value"": ""not-selected""}, ""Choice Scope"": {""endIndexInSegment"": -1, ""startIndexInSegment"": -1, ""value"": ""not-selected""}, ""Action First-Party"": {""endIndexInSegment"": 14, ""startIndexInSegment"": 0, ""selectedText"": ""We may collect"", ""value"": ""Unspecified""}, ""Personal Information Type"": {""endIndexInSegment"": 51, ""startIndexInSegment"": 15, ""selectedText"": ""certain information about your visit"", ""value"": ""Unspecified""}, ""Choice Type"": {""endIndexInSegment"": -1, ""startIndexInSegment"": -1, ""value"": ""not-selected""}, ""Identifiability"": {""endIndexInSegment"": -1, ""startIndexInSegment"": -1, ""value"": ""not-selected""}, ""Does/Does Not"": {""endIndexInSegment"": -1, ""startIndexInSegment"": -1, ""value"": ""Does""}, ""User Type"": {""endIndexInSegment"": -1, ""startIndexInSegment"": -1, ""value"": ""not-selected""}, ""Purpose"": {""endIndexInSegment"": 439, ""startIndexInSegment"": 349, ""selectedText"": ""This information is used to help improve the site, analyze trends and administer the site."", ""value"": ""Analytics/Research""}}",7/1/09,https://abita.com/sign_up/privacy_policy
13666,test_category_labeling_highlight_fordham_bbbb,116,3830,3,First Party Collection/Use,"{""Collection Mode"": {""endIndexInSegment"": -1, ""startIndexInSegment"": -1, ""value"": ""not-selected""}, ""Choice Scope"": {""endIndexInSegment"": -1, ""startIndexInSegment"": -1, ""value"": ""not-selected""}, ""Action First-Party"": {""endIndexInSegment"": 14, ""startIndexInSegment"": 0, ""selectedText"": ""We may collect"", ""value"": ""Unspecified""}, ""Personal Information Type"": {""endIndexInSegment"": 179, ""startIndexInSegment"": 65, ""selectedText"": ""name of the Internet service provider and the Internet Protocol (IP) address through which you access the Internet"", ""value"": ""IP address and device IDs""}, ""Choice Type"": {""endIndexInSegment"": -1, ""startIndexInSegment"": -1, ""value"": ""not-selected""}, ""Identifiability"": {""endIndexInSegment"": -1, ""startIndexInSegment"": -1, ""value"": ""not-selected""}, ""Does/Does Not"": {""endIndexInSegment"": -1, ""startIndexInSegment"": -1, ""value"": ""Does""}, ""User Type"": {""endIndexInSegment"": -1, ""startIndexInSegment"": -1, ""value"": ""not-selected""}, ""Purpose"": {""endIndexInSegment"": 439, ""startIndexInSegment"": 349, ""selectedText"": ""This information is used to help improve the site, analyze trends and administer the site."", ""value"": ""Analytics/Research""}}",7/1/09,https://abita.com/sign_up/privacy_policy
12505,test_category_labeling_highlight_fordham_dddd,118,3830,3,First Party Collection/Use,"{""Collection Mode"": {""endIndexInSegment"": -1, ""startIndexInSegment"": -1, ""value"": ""Unspecified""}, ""Choice Scope"": {""endIndexInSegment"": -1, ""startIndexInSegment"": -1, ""value"": ""Unspecified""}, ""Action First-Party"": {""endIndexInSegment"": 51, ""startIndexInSegment"": 41, ""selectedText"": ""your visit"", ""value"": ""Unspecified""}, ""Personal Information Type"": {""endIndexInSegment"": 141, ""startIndexInSegment"": 111, ""selectedText"": ""Internet Protocol (IP) address"", ""value"": ""IP address and device IDs""}, ""Choice Type"": {""endIndexInSegment"": -1, ""startIndexInSegment"": -1, ""value"": ""Unspecified""}, ""Identifiability"": {""endIndexInSegment"": -1, ""startIndexInSegment"": -1, ""value"": ""Unspecified""}, ""Does/Does Not"": {""endIndexInSegment"": -1, ""startIndexInSegment"": -1, ""value"": ""Does""}, ""User Type"": {""endIndexInSegment"": -1, ""startIndexInSegment"": -1, ""value"": ""Unspecified""}, ""Purpose"": {""endIndexInSegment"": 414, ""startIndexInSegment"": 349, ""selectedText"": ""This information is used to help improve the site, analyze trends"", ""value"": ""Analytics/Research""}}",7/1/09,https://abita.com/sign_up/privacy_policy
12510,test_category_labeling_highlight_fordham_dddd,118,3830,3,First Party Collection/Use,"{""Collection Mode"": {""endIndexInSegment"": -1, ""startIndexInSegment"": -1, ""value"": ""Unspecified""}, ""Choice Scope"": {""endIndexInSegment"": -1, ""startIndexInSegment"": -1, ""value"": ""Unspecified""}, ""Action First-Party"": {""endIndexInSegment"": 51, ""startIndexInSegment"": 41, ""selectedText"": ""your visit"", ""value"": ""Unspecified""}, ""Personal Information Type"": {""endIndexInSegment"": 141, ""startIndexInSegment"": 111, ""selectedText"": ""Internet Protocol (IP) address"", ""value"": ""IP address and device IDs""}, ""Choice Type"": {""endIndexInSegment"": -1, ""startIndexInSegment"": -1, ""value"": ""Unspecified""}, ""Identifiability"": {""endIndexInSegment"": -1, ""startIndexInSegment"": -1, ""value"": ""Unspecified""}, ""Does/Does Not"": {""endIndexInSegment"": -1, ""startIndexInSegment"": -1, ""value"": ""Does""}, ""User Type"": {""endIndexInSegment"": -1, ""startIndexInSegment"": -1, ""value"": ""Unspecified""}, ""Purpose"": {""endIndexInSegment"": 439, ""startIndexInSegment"": 419, ""selectedText"": ""administer the site."", ""value"": ""Service Operation and Security""}}",7/1/09,https://abita.com/sign_up/privacy_policy
12513,test_category_labeling_highlight_fordham_dddd,118,3830,3,First Party Collection/Use,"{""Collection Mode"": {""endIndexInSegment"": -1, ""startIndexInSegment"": -1, ""value"": ""Unspecified""}, ""Choice Scope"": {""endIndexInSegment"": -1, ""startIndexInSegment"": -1, ""value"": ""Unspecified""}, ""Action First-Party"": {""endIndexInSegment"": 51, ""startIndexInSegment"": 41, ""selectedText"": ""your visit"", ""value"": ""Unspecified""}, ""Personal Information Type"": {""endIndexInSegment"": 34, ""startIndexInSegment"": 15, ""selectedText"": ""certain information"", ""value"": ""Unspecified""}, ""Choice Type"": {""endIndexInSegment"": -1, ""startIndexInSegment"": -1, ""value"": ""Unspecified""}, ""Identifiability"": {""endIndexInSegment"": -1, ""startIndexInSegment"": -1, ""value"": ""Unspecified""}, ""Does/Does Not"": {""endIndexInSegment"": -1, ""startIndexInSegment"": -1, ""value"": ""Does""}, ""User Type"": {""endIndexInSegment"": -1, ""startIndexInSegment"": -1, ""value"": ""Unspecified""}, ""Purpose"": {""endIndexInSegment"": 414, ""startIndexInSegment"": 349, ""selectedText"": ""This information is used to help improve the site, analyze trends"", ""value"": ""Analytics/Research""}}",7/1/09,https://abita.com/sign_up/privacy_policy
12514,test_category_labeling_highlight_fordham_dddd,118,3830,3,First Party Collection/Use,"{""Collection Mode"": {""endIndexInSegment"": -1, ""startIndexInSegment"": -1, ""value"": ""Unspecified""}, ""Choice Scope"": {""endIndexInSegment"": -1, ""startIndexInSegment"": -1, ""value"": ""Unspecified""}, ""Action First-Party"": {""endIndexInSegment"": 51, ""startIndexInSegment"": 41, ""selectedText"": ""your visit"", ""value"": ""Unspecified""}, ""Personal Information Type"": {""endIndexInSegment"": 34, ""startIndexInSegment"": 15, ""selectedText"": ""certain information"", ""value"": ""Unspecified""}, ""Choice Type"": {""endIndexInSegment"": -1, ""startIndexInSegment"": -1, ""value"": ""Unspecified""}, ""Identifiability"": {""endIndexInSegment"": -1, ""startIndexInSegment"": -1, ""value"": ""Unspecified""}, ""Does/Does Not"": {""endIndexInSegment"": -1, ""startIndexInSegment"": -1, ""value"": ""Does""}, ""User Type"": {""endIndexInSegment"": -1, ""startIndexInSegment"": -1, ""value"": ""Unspecified""}, ""Purpose"": {""endIndexInSegment"": 439, ""startIndexInSegment"": 419, ""selectedText"": ""administer the site."", ""value"": ""Service Operation and Security""}}",7/1/09,https://abita.com/sign_up/privacy_policy
C3732,test_category_labeling_highlight_fordham_bbbb,116,3830,4,Third Party Sharing/Collection,"{""Third Party Entity"": {""endIndexInSegment"": 268, ""startIndexInSegment"": 181, ""selectedText"": ""utside of Abita and its controlled subsidiaries and affiliates without your permission."", ""value"": ""Unspecified""}, ""Choice Scope"": {""endIndexInSegment"": -1, ""startIndexInSegment"": -1, ""value"": ""not-selected""}, ""Purpose"": {""endIndexInSegment"": 115, ""startIndexInSegment"": 67, ""selectedText"": ""Except as otherwise described in this statement,"", ""value"": ""Unspecified""}, ""Personal Information Type"": {""endIndexInSegment"": 136, ""startIndexInSegment"": 114, ""selectedText"": "", personal information"", ""value"": ""Generic personal information""}, ""Choice Type"": {""endIndexInSegment"": 268, ""startIndexInSegment"": 244, ""selectedText"": ""without your permission."", ""value"": ""Opt-in""}, ""Identifiability"": {""endIndexInSegment"": -1, ""startIndexInSegment"": -1, ""value"": ""not-selected""}, ""Does/Does Not"": {""endIndexInSegment"": 179, ""startIndexInSegment"": 161, ""selectedText"": ""will not be shared"", ""value"": ""Does Not""}, ""User Type"": {""endIndexInSegment"": -1, ""startIndexInSegment"": -1, ""value"": ""not-selected""}, ""Action Third Party"": {""endIndexInSegment"": 196, ""startIndexInSegment"": 137, ""selectedText"": ""you provide on the site will not be shared outside of Abita"", ""value"": ""Receive/Shared with""}}",7/1/09,https://abita.com/sign_up/privacy_policy
13385,test_category_labeling_highlight_fordham_aaaa,121,3830,4,User Choice/Control,"{""Choice Type"": {""endIndexInSegment"": 268, ""startIndexInSegment"": 244, ""selectedText"": ""without your permission."", ""value"": ""Opt-in""}, ""Choice Scope"": {""endIndexInSegment"": 243, ""startIndexInSegment"": 166, ""selectedText"": ""not be shared outside of Abita and its controlled subsidiaries and affiliates"", ""value"": ""Third party sharing/collection""}, ""User Type"": {""endIndexInSegment"": -1, ""startIndexInSegment"": -1, ""value"": ""Unspecified""}, ""Purpose"": {""endIndexInSegment"": -1, ""startIndexInSegment"": -1, ""value"": ""Unspecified""}, ""Personal Information Type"": {""endIndexInSegment"": 136, ""startIndexInSegment"": 116, ""selectedText"": ""personal information"", ""value"": ""Generic personal information""}}",7/1/09,https://abita.com/sign_up/privacy_policy
13669,test_category_labeling_highlight_fordham_bbbb,116,3830,4,Third Party Sharing/Collection,"{""Third Party Entity"": {""endIndexInSegment"": 268, ""startIndexInSegment"": 181, ""selectedText"": ""utside of Abita and its controlled subsidiaries and affiliates without your permission."", ""value"": ""Unspecified""}, ""Choice Scope"": {""endIndexInSegment"": -1, ""startIndexInSegment"": -1, ""value"": ""not-selected""}, ""Purpose"": {""endIndexInSegment"": 115, ""startIndexInSegment"": 67, ""selectedText"": ""Except as otherwise described in this statement,"", ""value"": ""Unspecified""}, ""Personal Information Type"": {""endIndexInSegment"": 136, ""startIndexInSegment"": 114, ""selectedText"": "", personal information"", ""value"": ""Generic personal information""}, ""Choice Type"": {""endIndexInSegment"": 268, ""startIndexInSegment"": 244, ""selectedText"": ""without your permission."", ""value"": ""Opt-in""}, ""Identifiability"": {""endIndexInSegment"": -1, ""startIndexInSegment"": -1, ""value"": ""not-selected""}, ""Does/Does Not"": {""endIndexInSegment"": 179, ""startIndexInSegment"": 161, ""selectedText"": ""will not be shared"", ""value"": ""Does Not""}, ""User Type"": {""endIndexInSegment"": -1, ""startIndexInSegment"": -1, ""value"": ""not-selected""}, ""Action Third Party"": {""endIndexInSegment"": 196, ""startIndexInSegment"": 137, ""selectedText"": ""you provide on the site will not be shared outside of Abita"", ""value"": ""Receive/Shared with""}}",7/1/09,https://abita.com/sign_up/privacy_policy
12490,test_category_labeling_highlight_fordham_dddd,118,3830,4,Other,"{""Other Type"": {""endIndexInSegment"": 115, ""startIndexInSegment"": 67, ""selectedText"": ""Except as otherwise described in this statement,"", ""value"": ""Other""}}",7/1/09,https://abita.com/sign_up/privacy_policy
C3733,test_category_labeling_highlight_fordham_aaaa,121,3830,5,Other,"{""Other Type"": {""endIndexInSegment"": 236, ""startIndexInSegment"": 0, ""selectedText"": ""Please be aware that this privacy statement and any choices you make on the site will not necessarily apply to personal information you may have provided to Abita in the context of other, separately operated, Abita products or services."", ""value"": ""Other""}}",7/1/09,https://abita.com/sign_up/privacy_policy
13387,test_category_labeling_highlight_fordham_aaaa,121,3830,6,First Party Collection/Use,"{""Collection Mode"": {""endIndexInSegment"": -1, ""startIndexInSegment"": -1, ""value"": ""not-selected""}, ""Choice Scope"": {""endIndexInSegment"": -1, ""startIndexInSegment"": -1, ""value"": ""Unspecified""}, ""Action First-Party"": {""endIndexInSegment"": 22, ""startIndexInSegment"": 0, ""selectedText"": ""ABITA.COM may send out"", ""value"": ""Other""}, ""Personal Information Type"": {""endIndexInSegment"": 49, ""startIndexInSegment"": 40, ""selectedText"": ""informing"", ""value"": ""Unspecified""}, ""Choice Type"": {""endIndexInSegment"": -1, ""startIndexInSegment"": -1, ""value"": ""Unspecified""}, ""Identifiability"": {""endIndexInSegment"": -1, ""startIndexInSegment"": -1, ""value"": ""not-selected""}, ""Does/Does Not"": {""endIndexInSegment"": -1, ""startIndexInSegment"": -1, ""value"": ""Does""}, ""User Type"": {""endIndexInSegment"": -1, ""startIndexInSegment"": -1, ""value"": ""Unspecified""}, ""Purpose"": {""endIndexInSegment"": 296, ""startIndexInSegment"": 40, ""selectedText"": ""informing you of issues related to a product or service you requested, or confirming you requested a product or service such as invoices and confirmations. In some services offered by ABITA.COM, contact with the customer is a necessary part of the service."", ""value"": ""Basic service/feature""}}",7/1/09,https://abita.com/sign_up/privacy_policy
13672,test_category_labeling_highlight_fordham_bbbb,116,3830,6,First Party Collection/Use,"{""Collection Mode"": {""endIndexInSegment"": -1, ""startIndexInSegment"": -1, ""value"": ""not-selected""}, ""Choice Scope"": {""endIndexInSegment"": -1, ""startIndexInSegment"": -1, ""value"": ""not-selected""}, ""Action First-Party"": {""endIndexInSegment"": 296, ""startIndexInSegment"": 0, ""selectedText"": ""ABITA.COM may send out periodic e-mails informing you of issues related to a product or service you requested, or confirming you requested a product or service such as invoices and confirmations. In some services offered by ABITA.COM, contact with the customer is a necessary part of the service."", ""value"": ""Unspecified""}, ""Personal Information Type"": {""endIndexInSegment"": 39, ""startIndexInSegment"": 32, ""selectedText"": ""e-mails"", ""value"": ""Contact""}, ""Choice Type"": {""endIndexInSegment"": -1, ""startIndexInSegment"": -1, ""value"": ""not-selected""}, ""Identifiability"": {""endIndexInSegment"": -1, ""startIndexInSegment"": -1, ""value"": ""not-selected""}, ""Does/Does Not"": {""endIndexInSegment"": -1, ""startIndexInSegment"": -1, ""value"": ""Does""}, ""User Type"": {""endIndexInSegment"": -1, ""startIndexInSegment"": -1, ""value"": ""not-selected""}, ""Purpose"": {""endIndexInSegment"": 296, ""startIndexInSegment"": 0, ""selectedText"": ""ABITA.COM may send out periodic e-mails informing you of issues related to a product or service you requested, or confirming you requested a product or service such as invoices and confirmations. In some services offered by ABITA.COM, contact with the customer is a necessary part of the service."", ""value"": ""Marketing""}}",7/1/09,https://abita.com/sign_up/privacy_policy
12470,test_category_labeling_highlight_fordham_dddd,118,3830,6,Other,"{""Other Type"": {""endIndexInSegment"": 296, ""startIndexInSegment"": 0, ""selectedText"": ""ABITA.COM may send out periodic e-mails informing you of issues related to a product or service you requested, or confirming you requested a product or service such as invoices and confirmations. In some services offered by ABITA.COM, contact with the customer is a necessary part of the service."", ""value"": ""Practice not covered""}}",7/1/09,https://abita.com/sign_up/privacy_policy
C3734,test_category_labeling_highlight_fordham_aaaa,121,3830,7,"User Access, Edit and Deletion","{""Access Type"": {""endIndexInSegment"": 170, ""startIndexInSegment"": 130, ""selectedText"": ""you can access your personal information"", ""value"": ""Other""}, ""User Type"": {""endIndexInSegment"": -1, ""startIndexInSegment"": -1, ""value"": ""Unspecified""}, ""Access Scope"": {""endIndexInSegment"": 170, ""startIndexInSegment"": 150, ""selectedText"": ""personal information"", ""value"": ""Unspecified""}}",7/1/09,https://abita.com/sign_up/privacy_policy
13673,test_category_labeling_highlight_fordham_bbbb,116,3830,7,First Party Collection/Use,"{""Collection Mode"": {""endIndexInSegment"": -1, ""startIndexInSegment"": -1, ""value"": ""not-selected""}, ""Choice Scope"": {""endIndexInSegment"": -1, ""startIndexInSegment"": -1, ""value"": ""not-selected""}, ""Action First-Party"": {""endIndexInSegment"": 46, ""startIndexInSegment"": 35, ""selectedText"": ""may collect"", ""value"": ""Unspecified""}, ""Personal Information Type"": {""endIndexInSegment"": 58, ""startIndexInSegment"": 47, ""selectedText"": ""information"", ""value"": ""Unspecified""}, ""Choice Type"": {""endIndexInSegment"": -1, ""startIndexInSegment"": -1, ""value"": ""not-selected""}, ""Identifiability"": {""endIndexInSegment"": -1, ""startIndexInSegment"": -1, ""value"": ""not-selected""}, ""Does/Does Not"": {""endIndexInSegment"": -1, ""startIndexInSegment"": -1, ""value"": ""Does""}, ""User Type"": {""endIndexInSegment"": -1, ""startIndexInSegment"": -1, ""value"": ""not-selected""}, ""Purpose"": {""endIndexInSegment"": 114, ""startIndexInSegment"": 0, ""selectedText"": ""Some services offered on ABITA.COM may collect information that is not accessible to the customer via our website."", ""value"": ""Unspecified""}}",7/1/09,https://abita.com/sign_up/privacy_policy
13674,test_category_labeling_highlight_fordham_bbbb,116,3830,7,"User Access, Edit and Deletion","{""Access Type"": {""endIndexInSegment"": 81, ""startIndexInSegment"": 67, ""selectedText"": ""not accessible"", ""value"": ""None""}, ""User Type"": {""endIndexInSegment"": -1, ""startIndexInSegment"": -1, ""value"": ""not-selected""}, ""Access Scope"": {""endIndexInSegment"": 58, ""startIndexInSegment"": 47, ""selectedText"": ""information"", ""value"": ""Unspecified""}}",7/1/09,https://abita.com/sign_up/privacy_policy
12477,test_category_labeling_highlight_fordham_dddd,118,3830,7,Third Party Sharing/Collection,"{""Third Party Entity"": {""endIndexInSegment"": 34, ""startIndexInSegment"": 0, ""selectedText"": ""Some services offered on ABITA.COM"", ""value"": ""Other part of company/affiliate""}, ""Choice Scope"": {""endIndexInSegment"": -1, ""startIndexInSegment"": -1, ""value"": ""not-selected""}, ""Purpose"": {""endIndexInSegment"": -1, ""startIndexInSegment"": -1, ""value"": ""Unspecified""}, ""Personal Information Type"": {""endIndexInSegment"": 58, ""startIndexInSegment"": 47, ""selectedText"": ""information"", ""value"": ""Unspecified""}, ""Choice Type"": {""endIndexInSegment"": -1, ""startIndexInSegment"": -1, ""value"": ""not-selected""}, ""Identifiability"": {""endIndexInSegment"": -1, ""startIndexInSegment"": -1, ""value"": ""Unspecified""}, ""Does/Does Not"": {""endIndexInSegment"": -1, ""startIndexInSegment"": -1, ""value"": ""Does""}, ""User Type"": {""endIndexInSegment"": 97, ""startIndexInSegment"": 89, ""selectedText"": ""customer"", ""value"": ""Other""}, ""Action Third Party"": {""endIndexInSegment"": 114, ""startIndexInSegment"": 39, ""selectedText"": ""collect information that is not accessible to the customer via our website."", ""value"": ""Collect on first party website/app""}}",7/1/09,https://abita.com/sign_up/privacy_policy
12481,test_category_labeling_highlight_fordham_dddd,118,3830,7,"User Access, Edit and Deletion","{""Access Type"": {""endIndexInSegment"": 144, ""startIndexInSegment"": 138, ""selectedText"": ""access"", ""value"": ""View""}, ""User Type"": {""endIndexInSegment"": 97, ""startIndexInSegment"": 89, ""selectedText"": ""customer"", ""value"": ""Other""}, ""Access Scope"": {""endIndexInSegment"": 170, ""startIndexInSegment"": 150, ""selectedText"": ""personal information"", ""value"": ""Unspecified""}}",7/1/09,https://abita.com/sign_up/privacy_policy
C3735,test_category_labeling_highlight_fordham_aaaa,121,3830,8,Data Security,"{""Security Measure"": {""endIndexInSegment"": 635, ""startIndexInSegment"": 431, ""selectedText"": ""Additionally, when we transmit sensitive personal information (such as a credit card number) over the Internet, we protect it through the use of encryption, such as the Secure Socket Layer (SSL) protocol."", ""value"": ""Secure data transfer""}}",7/1/09,https://abita.com/sign_up/privacy_policy
C3736,test_category_labeling_highlight_fordham_aaaa,121,3830,8,Data Security,"{""Security Measure"": {""endIndexInSegment"": 287, ""startIndexInSegment"": 68, ""selectedText"": ""Abita is committed to protecting the security of your personal information. We use a variety of security technologies and procedures to help protect your personal information from unauthorized access, use, or disclosure"", ""value"": ""Generic""}}",7/1/09,https://abita.com/sign_up/privacy_policy
13390,test_category_labeling_highlight_fordham_aaaa,121,3830,8,Data Security,"{""Security Measure"": {""endIndexInSegment"": 387, ""startIndexInSegment"": 348, ""selectedText"": ""on computer servers with limited access"", ""value"": ""Data access limitation""}}",7/1/09,https://abita.com/sign_up/privacy_policy
13391,test_category_labeling_highlight_fordham_aaaa,121,3830,8,Data Security,"{""Security Measure"": {""endIndexInSegment"": 429, ""startIndexInSegment"": 397, ""selectedText"": ""located in controlled facilities"", ""value"": ""Secure data storage""}}",7/1/09,https://abita.com/sign_up/privacy_policy
13677,test_category_labeling_highlight_fordham_bbbb,116,3830,8,Data Security,"{""Security Measure"": {""endIndexInSegment"": 430, ""startIndexInSegment"": 289, ""selectedText"": ""For example, we store the personal information you provide on computer servers with limited access that are located in controlled facilities."", ""value"": ""Secure data storage""}}",7/1/09,https://abita.com/sign_up/privacy_policy
12484,test_category_labeling_highlight_fordham_dddd,118,3830,8,Data Security,"{""Security Measure"": {""endIndexInSegment"": 387, ""startIndexInSegment"": 373, ""selectedText"": ""limited access"", ""value"": ""Data access limitation""}}",7/1/09,https://abita.com/sign_up/privacy_policy
C3737,test_category_labeling_highlight_fordham_aaaa,121,3830,9,International and Specific Audiences,"{""Audience Type"": {""endIndexInSegment"": 230, ""startIndexInSegment"": 9, ""selectedText"": ""Protection of Children's Personal Information ABITA.COM does not knowingly collect any personal information from children. It is against our Terms of Use for anyone under 21 to submit data to our site."", ""value"": ""Children""}}",7/1/09,https://abita.com/sign_up/privacy_policy
12439,test_category_labeling_highlight_fordham_dddd,118,3830,9,Other,"{""Other Type"": {""endIndexInSegment"": 230, ""startIndexInSegment"": 152, ""selectedText"": ""It is against our Terms of Use for anyone under 21 to submit data to our site."", ""value"": ""Practice not covered""}}",7/1/09,https://abita.com/sign_up/privacy_policy
C3738,test_category_labeling_highlight_fordham_aaaa,121,3830,10,First Party Collection/Use,"{""Collection Mode"": {""endIndexInSegment"": -1, ""startIndexInSegment"": -1, ""value"": ""not-selected""}, ""Choice Scope"": {""endIndexInSegment"": 333, ""startIndexInSegment"": 318, ""selectedText"": ""decline cookies"", ""value"": ""Collection""}, ""Action First-Party"": {""endIndexInSegment"": 97, ""startIndexInSegment"": 44, ""selectedText"": ""We may use cookies and/or web beacons on this website"", ""value"": ""Collect on website""}, ""Personal Information Type"": {""endIndexInSegment"": 97, ""startIndexInSegment"": 44, ""selectedText"": ""We may use cookies and/or web beacons on this website"", ""value"": ""Cookies and tracking elements""}, ""Choice Type"": {""endIndexInSegment"": 347, ""startIndexInSegment"": 272, ""selectedText"": ""ou can usually modify your browser setting to decline cookies if you prefer"", ""value"": ""Browser/device privacy controls""}, ""Identifiability"": {""endIndexInSegment"": -1, ""startIndexInSegment"": -1, ""value"": ""not-selected""}, ""Does/Does Not"": {""endIndexInSegment"": -1, ""startIndexInSegment"": -1, ""value"": ""Does""}, ""User Type"": {""endIndexInSegment"": -1, ""startIndexInSegment"": -1, ""value"": ""not-selected""}, ""Purpose"": {""endIndexInSegment"": 149, ""startIndexInSegment"": 98, ""selectedText"": ""to ensure the integrity of the registration process"", ""value"": ""Service Operation and Security""}}",7/1/09,https://abita.com/sign_up/privacy_policy
C3739,test_category_labeling_highlight_fordham_aaaa,121,3830,10,First Party Collection/Use,"{""Collection Mode"": {""endIndexInSegment"": -1, ""startIndexInSegment"": -1, ""value"": ""not-selected""}, ""Choice Scope"": {""endIndexInSegment"": 333, ""startIndexInSegment"": 318, ""selectedText"": ""decline cookies"", ""value"": ""Collection""}, ""Action First-Party"": {""endIndexInSegment"": 97, ""startIndexInSegment"": 44, ""selectedText"": ""We may use cookies and/or web beacons on this website"", ""value"": ""Collect on website""}, ""Personal Information Type"": {""endIndexInSegment"": 97, ""startIndexInSegment"": 44, ""selectedText"": ""We may use cookies and/or web beacons on this website"", ""value"": ""Cookies and tracking elements""}, ""Choice Type"": {""endIndexInSegment"": 347, ""startIndexInSegment"": 272, ""selectedText"": ""ou can usually modify your browser setting to decline cookies if you prefer"", ""value"": ""Browser/device privacy controls""}, ""Identifiability"": {""endIndexInSegment"": -1, ""startIndexInSegment"": -1, ""value"": ""not-selected""}, ""Does/Does Not"": {""endIndexInSegment"": -1, ""startIndexInSegment"": -1, ""value"": ""Does""}, ""User Type"": {""endIndexInSegment"": -1, ""startIndexInSegment"": -1, ""value"": ""not-selected""}, ""Purpose"": {""endIndexInSegment"": 177, ""startIndexInSegment"": 150, ""selectedText"": ""and to personalize the site"", ""value"": ""Personalization/Customization""}}",7/1/09,https://abita.com/sign_up/privacy_policy
13682,test_category_labeling_highlight_fordham_bbbb,116,3830,10,First Party Collection/Use,"{""Collection Mode"": {""endIndexInSegment"": -1, ""startIndexInSegment"": -1, ""value"": ""not-selected""}, ""Choice Scope"": {""endIndexInSegment"": -1, ""startIndexInSegment"": -1, ""value"": ""not-selected""}, ""Action First-Party"": {""endIndexInSegment"": 217, ""startIndexInSegment"": 210, ""selectedText"": ""be used"", ""value"": ""Other""}, ""Personal Information Type"": {""endIndexInSegment"": 202, ""startIndexInSegment"": 179, ""selectedText"": ""Cookies and Web Beacons"", ""value"": ""Cookies and tracking elements""}, ""Choice Type"": {""endIndexInSegment"": -1, ""startIndexInSegment"": -1, ""value"": ""not-selected""}, ""Identifiability"": {""endIndexInSegment"": -1, ""startIndexInSegment"": -1, ""value"": ""not-selected""}, ""Does/Does Not"": {""endIndexInSegment"": 209, ""startIndexInSegment"": 203, ""selectedText"": ""cannot"", ""value"": ""Does Not""}, ""User Type"": {""endIndexInSegment"": -1, ""startIndexInSegment"": -1, ""value"": ""not-selected""}, ""Purpose"": {""endIndexInSegment"": 270, ""startIndexInSegment"": 218, ""selectedText"": ""to run programs or deliver viruses to your computer."", ""value"": ""Other""}}",7/1/09,https://abita.com/sign_up/privacy_policy
13683,test_category_labeling_highlight_fordham_bbbb,116,3830,10,User Choice/Control,"{""Choice Type"": {""endIndexInSegment"": 348, ""startIndexInSegment"": 271, ""selectedText"": ""You can usually modify your browser setting to decline cookies if you prefer."", ""value"": ""Browser/device privacy controls""}, ""Choice Scope"": {""endIndexInSegment"": 346, ""startIndexInSegment"": 271, ""selectedText"": ""You can usually modify your browser setting to decline cookies if you prefe"", ""value"": ""Unspecified""}, ""User Type"": {""endIndexInSegment"": -1, ""startIndexInSegment"": -1, ""value"": ""not-selected""}, ""Purpose"": {""endIndexInSegment"": 348, ""startIndexInSegment"": 271, ""selectedText"": ""You can usually modify your browser setting to decline cookies if you prefer."", ""value"": ""Unspecified""}, ""Personal Information Type"": {""endIndexInSegment"": 333, ""startIndexInSegment"": 326, ""selectedText"": ""cookies"", ""value"": ""Cookies and tracking elements""}}",7/1/09,https://abita.com/sign_up/privacy_policy
13684,test_category_labeling_highlight_fordham_bbbb,116,3830,10,User Choice/Control,"{""Choice Type"": {""endIndexInSegment"": 485, ""startIndexInSegment"": 349, ""selectedText"": ""If you choose to decline cookies, you may not be able to fully experience the interactive features of this or other Web sites you visit."", ""value"": ""Dont use service/feature""}, ""Choice Scope"": {""endIndexInSegment"": 488, ""startIndexInSegment"": 349, ""selectedText"": ""If you choose to decline cookies, you may not be able to fully experience the interactive features of this or other Web sites you visit. AB"", ""value"": ""Unspecified""}, ""User Type"": {""endIndexInSegment"": -1, ""startIndexInSegment"": -1, ""value"": ""not-selected""}, ""Purpose"": {""endIndexInSegment"": 485, ""startIndexInSegment"": 349, ""selectedText"": ""If you choose to decline cookies, you may not be able to fully experience the interactive features of this or other Web sites you visit."", ""value"": ""Additional service/feature""}, ""Personal Information Type"": {""endIndexInSegment"": 381, ""startIndexInSegment"": 366, ""selectedText"": ""decline cookies"", ""value"": ""Cookies and tracking elements""}}",7/1/09,https://abita.com/sign_up/privacy_policy
13685,test_category_labeling_highlight_fordham_bbbb,116,3830,10,First Party Collection/Use,"{""Collection Mode"": {""endIndexInSegment"": -1, ""startIndexInSegment"": -1, ""value"": ""not-selected""}, ""Choice Scope"": {""endIndexInSegment"": -1, ""startIndexInSegment"": -1, ""value"": ""not-selected""}, ""Action First-Party"": {""endIndexInSegment"": 581, ""startIndexInSegment"": 486, ""selectedText"": ""ABITA.COM prohibits Web Beacons from being used to collect or access your personal information."", ""value"": ""Collect on website""}, ""Personal Information Type"": {""endIndexInSegment"": 581, ""startIndexInSegment"": 558, ""selectedText"": ""r personal information."", ""value"": ""Cookies and tracking elements""}, ""Choice Type"": {""endIndexInSegment"": -1, ""startIndexInSegment"": -1, ""value"": ""not-selected""}, ""Identifiability"": {""endIndexInSegment"": -1, ""startIndexInSegment"": -1, ""value"": ""not-selected""}, ""Does/Does Not"": {""endIndexInSegment"": 505, ""startIndexInSegment"": 486, ""selectedText"": ""ABITA.COM prohibits"", ""value"": ""Does Not""}, ""User Type"": {""endIndexInSegment"": -1, ""startIndexInSegment"": -1, ""value"": ""not-selected""}, ""Purpose"": {""endIndexInSegment"": 581, ""startIndexInSegment"": 486, ""selectedText"": ""ABITA.COM prohibits Web Beacons from being used to collect or access your personal information."", ""value"": ""Unspecified""}}",7/1/09,https://abita.com/sign_up/privacy_policy
12457,test_category_labeling_highlight_fordham_dddd,118,3830,10,First Party Collection/Use,"{""Collection Mode"": {""endIndexInSegment"": 81, ""startIndexInSegment"": 51, ""selectedText"": ""use cookies and/or web beacons"", ""value"": ""Implicit""}, ""Choice Scope"": {""endIndexInSegment"": 333, ""startIndexInSegment"": 315, ""selectedText"": ""to decline cookies"", ""value"": ""Collection""}, ""Action First-Party"": {""endIndexInSegment"": 97, ""startIndexInSegment"": 82, ""selectedText"": ""on this website"", ""value"": ""Collect on website""}, ""Personal Information Type"": {""endIndexInSegment"": 81, ""startIndexInSegment"": 55, ""selectedText"": ""cookies and/or web beacons"", ""value"": ""Cookies and tracking elements""}, ""Choice Type"": {""endIndexInSegment"": 314, ""startIndexInSegment"": 287, ""selectedText"": ""modify your browser setting"", ""value"": ""Browser/device privacy controls""}, ""Identifiability"": {""endIndexInSegment"": 81, ""startIndexInSegment"": 55, ""selectedText"": ""cookies and/or web beacons"", ""value"": ""Unspecified""}, ""Does/Does Not"": {""endIndexInSegment"": -1, ""startIndexInSegment"": -1, ""value"": ""Does""}, ""User Type"": {""endIndexInSegment"": -1, ""startIndexInSegment"": -1, ""value"": ""Unspecified""}, ""Purpose"": {""endIndexInSegment"": 149, ""startIndexInSegment"": 98, ""selectedText"": ""to ensure the integrity of the registration process"", ""value"": ""Service Operation and Security""}}",7/1/09,https://abita.com/sign_up/privacy_policy
12460,test_category_labeling_highlight_fordham_dddd,118,3830,10,First Party Collection/Use,"{""Collection Mode"": {""endIndexInSegment"": 81, ""startIndexInSegment"": 51, ""selectedText"": ""use cookies and/or web beacons"", ""value"": ""Implicit""}, ""Choice Scope"": {""endIndexInSegment"": 333, ""startIndexInSegment"": 315, ""selectedText"": ""to decline cookies"", ""value"": ""Collection""}, ""Action First-Party"": {""endIndexInSegment"": 97, ""startIndexInSegment"": 82, ""selectedText"": ""on this website"", ""value"": ""Collect on website""}, ""Personal Information Type"": {""endIndexInSegment"": 81, ""startIndexInSegment"": 55, ""selectedText"": ""cookies and/or web beacons"", ""value"": ""Cookies and tracking elements""}, ""Choice Type"": {""endIndexInSegment"": 314, ""startIndexInSegment"": 287, ""selectedText"": ""modify your browser setting"", ""value"": ""Browser/device privacy controls""}, ""Identifiability"": {""endIndexInSegment"": 81, ""startIndexInSegment"": 55, ""selectedText"": ""cookies and/or web beacons"", ""value"": ""Unspecified""}, ""Does/Does Not"": {""endIndexInSegment"": -1, ""startIndexInSegment"": -1, ""value"": ""Does""}, ""User Type"": {""endIndexInSegment"": -1, ""startIndexInSegment"": -1, ""value"": ""Unspecified""}, ""Purpose"": {""endIndexInSegment"": 178, ""startIndexInSegment"": 154, ""selectedText"": ""to personalize the site."", ""value"": ""Personalization/Customization""}}",7/1/09,https://abita.com/sign_up/privacy_policy
12463,test_category_labeling_highlight_fordham_dddd,118,3830,10,First Party Collection/Use,"{""Collection Mode"": {""endIndexInSegment"": 533, ""startIndexInSegment"": 506, ""selectedText"": ""Web Beacons from being used"", ""value"": ""Implicit""}, ""Choice Scope"": {""endIndexInSegment"": -1, ""startIndexInSegment"": -1, ""value"": ""Unspecified""}, ""Action First-Party"": {""endIndexInSegment"": 97, ""startIndexInSegment"": 82, ""selectedText"": ""on this website"", ""value"": ""Collect on website""}, ""Personal Information Type"": {""endIndexInSegment"": 580, ""startIndexInSegment"": 560, ""selectedText"": ""personal information"", ""value"": ""Generic personal information""}, ""Choice Type"": {""endIndexInSegment"": -1, ""startIndexInSegment"": -1, ""value"": ""Unspecified""}, ""Identifiability"": {""endIndexInSegment"": -1, ""startIndexInSegment"": -1, ""value"": ""Unspecified""}, ""Does/Does Not"": {""endIndexInSegment"": 505, ""startIndexInSegment"": 496, ""selectedText"": ""prohibits"", ""value"": ""Does Not""}, ""User Type"": {""endIndexInSegment"": -1, ""startIndexInSegment"": -1, ""value"": ""Unspecified""}, ""Purpose"": {""endIndexInSegment"": -1, ""startIndexInSegment"": -1, ""value"": ""Unspecified""}}",7/1/09,https://abita.com/sign_up/privacy_policy
C3740,test_category_labeling_highlight_fordham_dddd,118,3830,11,User Choice/Control,"{""Choice Type"": {""endIndexInSegment"": 146, ""startIndexInSegment"": 53, ""selectedText"": ""Instructions to remove an email address are located on the bottom of every promotional email."", ""value"": ""Unspecified""}, ""Choice Scope"": {""endIndexInSegment"": 146, ""startIndexInSegment"": 128, ""selectedText"": ""promotional email."", ""value"": ""Unspecified""}, ""User Type"": {""endIndexInSegment"": -1, ""startIndexInSegment"": -1, ""value"": ""Unspecified""}, ""Purpose"": {""endIndexInSegment"": 146, ""startIndexInSegment"": 128, ""selectedText"": ""promotional email."", ""value"": ""Marketing""}, ""Personal Information Type"": {""endIndexInSegment"": 92, ""startIndexInSegment"": 79, ""selectedText"": ""email address"", ""value"": ""Contact""}}",7/1/09,https://abita.com/sign_up/privacy_policy
13686,test_category_labeling_highlight_fordham_bbbb,116,3830,11,User Choice/Control,"{""Choice Type"": {""endIndexInSegment"": 235, ""startIndexInSegment"": 53, ""selectedText"": ""Instructions to remove an email address are located on the bottom of every promotional email. Alternatively, unsubscribe requests may be handled using our online unsubscription form."", ""value"": ""First-party privacy controls""}, ""Choice Scope"": {""endIndexInSegment"": 235, ""startIndexInSegment"": 53, ""selectedText"": ""Instructions to remove an email address are located on the bottom of every promotional email. Alternatively, unsubscribe requests may be handled using our online unsubscription form."", ""value"": ""First party use""}, ""User Type"": {""endIndexInSegment"": -1, ""startIndexInSegment"": -1, ""value"": ""not-selected""}, ""Purpose"": {""endIndexInSegment"": 235, ""startIndexInSegment"": 53, ""selectedText"": ""Instructions to remove an email address are located on the bottom of every promotional email. Alternatively, unsubscribe requests may be handled using our online unsubscription form."", ""value"": ""Other""}, ""Personal Information Type"": {""endIndexInSegment"": 92, ""startIndexInSegment"": 76, ""selectedText"": ""an email address"", ""value"": ""Contact""}}",7/1/09,https://abita.com/sign_up/privacy_policy
12447,test_category_labeling_highlight_fordham_dddd,118,3830,11,User Choice/Control,"{""Choice Type"": {""endIndexInSegment"": 235, ""startIndexInSegment"": 204, ""selectedText"": ""our online unsubscription form."", ""value"": ""First-party privacy controls""}, ""Choice Scope"": {""endIndexInSegment"": 146, ""startIndexInSegment"": 128, ""selectedText"": ""promotional email."", ""value"": ""Unspecified""}, ""User Type"": {""endIndexInSegment"": -1, ""startIndexInSegment"": -1, ""value"": ""Unspecified""}, ""Purpose"": {""endIndexInSegment"": 146, ""startIndexInSegment"": 128, ""selectedText"": ""promotional email."", ""value"": ""Marketing""}, ""Personal Information Type"": {""endIndexInSegment"": 92, ""startIndexInSegment"": 79, ""selectedText"": ""email address"", ""value"": ""Contact""}}",7/1/09,https://abita.com/sign_up/privacy_policy
C3741,test_category_labeling_highlight_fordham_aaaa,121,3830,12,Other,"{""Other Type"": {""endIndexInSegment"": 294, ""startIndexInSegment"": 9, ""selectedText"": ""How to Contact Us If you have any questions or concerns about the ABITA.COM online privacy policy or its implementation you may contact us at: ABITA.COM Customer Care, Attn: Privacy Policy Issues, PO Box 1510, Abita Springs, LA 70420; or online at friends@ABITA.COM"", ""value"": ""Privacy contact information""}}",7/1/09,https://abita.com/sign_up/privacy_policy
C3742,test_category_labeling_highlight_fordham_bbbb,116,3830,13,Other,"{""Other Type"": {""endIndexInSegment"": 292, ""startIndexInSegment"": 0, ""selectedText"": ""You may also send an e-mail or letter to the above e-mail or street address requesting access to or correction of your personally identifiable information. For verification purposes please include your first name, last name, e-mail address and the password you use for said ABITA.COM service."", ""value"": ""Privacy contact information""}}",7/1/09,https://abita.com/sign_up/privacy_policy
13398,test_category_labeling_highlight_fordham_aaaa,121,3830,13,"User Access, Edit and Deletion","{""Access Type"": {""endIndexInSegment"": 118, ""startIndexInSegment"": 87, ""selectedText"": ""access to or correction of your"", ""value"": ""Edit information""}, ""User Type"": {""endIndexInSegment"": -1, ""startIndexInSegment"": -1, ""value"": ""Unspecified""}, ""Access Scope"": {""endIndexInSegment"": 154, ""startIndexInSegment"": 119, ""selectedText"": ""personally identifiable information"", ""value"": ""Unspecified""}}",7/1/09,https://abita.com/sign_up/privacy_policy
