C1053,test_category_labeling_highlight_upitt,123,3705,0,Other,"{""Other Type"": {""endIndexInSegment"": 12, ""startIndexInSegment"": 0, ""selectedText"": ""Your Privacy"", ""value"": ""Introductory/Generic""}}",6/3/03,https://www.cariboucoffee.com/footer-folder/privacy
C1054,test_category_labeling_highlight_upitt,123,3705,1,Other,"{""Other Type"": {""endIndexInSegment"": 45, ""startIndexInSegment"": 0, ""selectedText"": ""Caribou Coffee Privacy Statement June 3, 2003"", ""value"": ""Other""}}",6/3/03,https://www.cariboucoffee.com/footer-folder/privacy
C1055,test_category_labeling_highlight_upitt,123,3705,2,Other,"{""Other Type"": {""endIndexInSegment"": 372, ""startIndexInSegment"": 0, ""selectedText"": ""Caribou Coffee Company, Inc. (\""Caribou Coffee\"") knows that you care how information about you is used and shared, and we appreciate your trust that we will do so carefully. Therefore, this online Privacy Statement tells you about the information Caribou Coffee collects through the services available on www.cariboucoffee.com (the \""Site\""), and how we use that information."", ""value"": ""Introductory/Generic""}}",6/3/03,https://www.cariboucoffee.com/footer-folder/privacy
8387,test_category_labeling_highlight_upitt,103,3705,2,Data Security,"{""Security Measure"": {""endIndexInSegment"": 172, ""startIndexInSegment"": 0, ""selectedText"": ""Caribou Coffee Company, Inc. (\""Caribou Coffee\"") knows that you care how information about you is used and shared, and we appreciate your trust that we will do so carefully."", ""value"": ""Generic""}}",6/3/03,https://www.cariboucoffee.com/footer-folder/privacy
8389,test_category_labeling_highlight_upitt,103,3705,2,First Party Collection/Use,"{""Collection Mode"": {""endIndexInSegment"": -1, ""startIndexInSegment"": -1, ""value"": ""not-selected""}, ""Choice Scope"": {""endIndexInSegment"": -1, ""startIndexInSegment"": -1, ""value"": ""not-selected""}, ""Action First-Party"": {""endIndexInSegment"": 339, ""startIndexInSegment"": 261, ""selectedText"": ""collects through the services available on www.cariboucoffee.com (the \""Site\""),"", ""value"": ""Collect on website""}, ""Personal Information Type"": {""endIndexInSegment"": 245, ""startIndexInSegment"": 230, ""selectedText"": ""the information"", ""value"": ""Unspecified""}, ""Choice Type"": {""endIndexInSegment"": -1, ""startIndexInSegment"": -1, ""value"": ""not-selected""}, ""Identifiability"": {""endIndexInSegment"": -1, ""startIndexInSegment"": -1, ""value"": ""not-selected""}, ""Does/Does Not"": {""endIndexInSegment"": -1, ""startIndexInSegment"": -1, ""value"": ""Does""}, ""User Type"": {""endIndexInSegment"": -1, ""startIndexInSegment"": -1, ""value"": ""not-selected""}, ""Purpose"": {""endIndexInSegment"": -1, ""startIndexInSegment"": -1, ""value"": ""Unspecified""}}",6/3/03,https://www.cariboucoffee.com/footer-folder/privacy
C1056,test_category_labeling_highlight_upitt,123,3705,3,Policy Change,"{""Change Type"": {""endIndexInSegment"": 160, ""startIndexInSegment"": 125, ""selectedText"": ""If we change this Privacy Statement"", ""value"": ""Non-privacy relevant change""}, ""User Choice"": {""endIndexInSegment"": -1, ""startIndexInSegment"": -1, ""value"": ""Unspecified""}, ""Notification Type"": {""endIndexInSegment"": 282, ""startIndexInSegment"": 226, ""selectedText"": ""and change the date at the top of this Privacy Statement"", ""value"": ""General notice in privacy policy""}}",6/3/03,https://www.cariboucoffee.com/footer-folder/privacy
C1057,test_category_labeling_highlight_upitt,123,3705,3,Policy Change,"{""Change Type"": {""endIndexInSegment"": 160, ""startIndexInSegment"": 125, ""selectedText"": ""If we change this Privacy Statement"", ""value"": ""Non-privacy relevant change""}, ""User Choice"": {""endIndexInSegment"": -1, ""startIndexInSegment"": -1, ""value"": ""Unspecified""}, ""Notification Type"": {""endIndexInSegment"": 225, ""startIndexInSegment"": 162, ""selectedText"": ""we will post a notice on the home page of www.cariboucoffee.com"", ""value"": ""General notice on website""}}",6/3/03,https://www.cariboucoffee.com/footer-folder/privacy
22193,test_category_labeling_highlight_upitt,123,3705,3,User Choice/Control,"{""Choice Type"": {""endIndexInSegment"": 86, ""startIndexInSegment"": 0, ""selectedText"": ""By using the Site, you are accepting the practices described in this Privacy Statement"", ""value"": ""Dont use service/feature""}, ""Choice Scope"": {""endIndexInSegment"": 347, ""startIndexInSegment"": 316, ""selectedText"": ""the information that we collect"", ""value"": ""First party collection""}, ""User Type"": {""endIndexInSegment"": -1, ""startIndexInSegment"": -1, ""value"": ""Unspecified""}, ""Purpose"": {""endIndexInSegment"": -1, ""startIndexInSegment"": -1, ""value"": ""Unspecified""}, ""Personal Information Type"": {""endIndexInSegment"": 331, ""startIndexInSegment"": 316, ""selectedText"": ""the information"", ""value"": ""Unspecified""}}",6/3/03,https://www.cariboucoffee.com/footer-folder/privacy
22194,test_category_labeling_highlight_upitt,123,3705,3,User Choice/Control,"{""Choice Type"": {""endIndexInSegment"": 86, ""startIndexInSegment"": 0, ""selectedText"": ""By using the Site, you are accepting the practices described in this Privacy Statement"", ""value"": ""Dont use service/feature""}, ""Choice Scope"": {""endIndexInSegment"": 365, ""startIndexInSegment"": 352, ""selectedText"": ""how we use it"", ""value"": ""First party use""}, ""User Type"": {""endIndexInSegment"": -1, ""startIndexInSegment"": -1, ""value"": ""Unspecified""}, ""Purpose"": {""endIndexInSegment"": -1, ""startIndexInSegment"": -1, ""value"": ""Unspecified""}, ""Personal Information Type"": {""endIndexInSegment"": 331, ""startIndexInSegment"": 316, ""selectedText"": ""the information"", ""value"": ""Unspecified""}}",6/3/03,https://www.cariboucoffee.com/footer-folder/privacy
C1058,test_category_labeling_highlight_upitt,123,3705,4,Policy Change,"{""Change Type"": {""endIndexInSegment"": 11, ""startIndexInSegment"": 4, ""selectedText"": ""changes"", ""value"": ""Unspecified""}, ""User Choice"": {""endIndexInSegment"": 176, ""startIndexInSegment"": 0, ""selectedText"": ""All changes will become effective when posted, and by continuing to use the Site following the posting of any changes, you agree to be bound by such modified Privacy Statement."", ""value"": ""None""}, ""Notification Type"": {""endIndexInSegment"": -1, ""startIndexInSegment"": -1, ""value"": ""Unspecified""}}",6/3/03,https://www.cariboucoffee.com/footer-folder/privacy
7598,test_category_labeling_highlight_upitt,95,3705,4,Other,"{""Other Type"": {""endIndexInSegment"": 176, ""startIndexInSegment"": 0, ""selectedText"": ""All changes will become effective when posted, and by continuing to use the Site following the posting of any changes, you agree to be bound by such modified Privacy Statement."", ""value"": ""Introductory/Generic""}}",6/3/03,https://www.cariboucoffee.com/footer-folder/privacy
22198,test_category_labeling_highlight_upitt,123,3705,4,User Choice/Control,"{""Choice Type"": {""endIndexInSegment"": 176, ""startIndexInSegment"": 51, ""selectedText"": ""by continuing to use the Site following the posting of any changes, you agree to be bound by such modified Privacy Statement."", ""value"": ""Dont use service/feature""}, ""Choice Scope"": {""endIndexInSegment"": -1, ""startIndexInSegment"": -1, ""value"": ""Unspecified""}, ""User Type"": {""endIndexInSegment"": -1, ""startIndexInSegment"": -1, ""value"": ""Unspecified""}, ""Purpose"": {""endIndexInSegment"": -1, ""startIndexInSegment"": -1, ""value"": ""Unspecified""}, ""Personal Information Type"": {""endIndexInSegment"": -1, ""startIndexInSegment"": -1, ""value"": ""Unspecified""}}",6/3/03,https://www.cariboucoffee.com/footer-folder/privacy
C1059,test_category_labeling_highlight_upitt,103,3705,5,Other,"{""Other Type"": {""endIndexInSegment"": 257, ""startIndexInSegment"": 9, ""selectedText"": ""The Information We Collect and How We Use It When you visit and use the Site, we gather certain information to help us better serve you. The information that we receive and collect depends on what you do when you visit the Site."", ""value"": ""Introductory/Generic""}}",6/3/03,https://www.cariboucoffee.com/footer-folder/privacy
22199,test_category_labeling_highlight_upitt,123,3705,5,First Party Collection/Use,"{""Collection Mode"": {""endIndexInSegment"": 257, ""startIndexInSegment"": 166, ""selectedText"": ""The information that we receive and collect depends on what you do when you visit the Site."", ""value"": ""Unspecified""}, ""Choice Scope"": {""endIndexInSegment"": -1, ""startIndexInSegment"": -1, ""value"": ""Unspecified""}, ""Action First-Party"": {""endIndexInSegment"": 105, ""startIndexInSegment"": 74, ""selectedText"": ""When you visit and use the Site"", ""value"": ""Collect on website""}, ""Personal Information Type"": {""endIndexInSegment"": 136, ""startIndexInSegment"": 117, ""selectedText"": ""certain information"", ""value"": ""Unspecified""}, ""Choice Type"": {""endIndexInSegment"": -1, ""startIndexInSegment"": -1, ""value"": ""Unspecified""}, ""Identifiability"": {""endIndexInSegment"": -1, ""startIndexInSegment"": -1, ""value"": ""Unspecified""}, ""Does/Does Not"": {""endIndexInSegment"": 116, ""startIndexInSegment"": 107, ""selectedText"": ""we gather"", ""value"": ""Does""}, ""User Type"": {""endIndexInSegment"": -1, ""startIndexInSegment"": -1, ""value"": ""Unspecified""}, ""Purpose"": {""endIndexInSegment"": 165, ""startIndexInSegment"": 137, ""selectedText"": ""to help us better serve you."", ""value"": ""Basic service/feature""}}",6/3/03,https://www.cariboucoffee.com/footer-folder/privacy
C1060,test_category_labeling_highlight_upitt,123,3705,6,Third Party Sharing/Collection,"{""Third Party Entity"": {""endIndexInSegment"": 246, ""startIndexInSegment"": 224, ""selectedText"": ""any other organization"", ""value"": ""Unnamed third party""}, ""Choice Scope"": {""endIndexInSegment"": -1, ""startIndexInSegment"": -1, ""value"": ""Unspecified""}, ""Purpose"": {""endIndexInSegment"": -1, ""startIndexInSegment"": -1, ""value"": ""Unspecified""}, ""Personal Information Type"": {""endIndexInSegment"": 126, ""startIndexInSegment"": 87, ""selectedText"": ""the personally identifiable information"", ""value"": ""Generic personal information""}, ""Choice Type"": {""endIndexInSegment"": -1, ""startIndexInSegment"": -1, ""value"": ""Unspecified""}, ""Identifiability"": {""endIndexInSegment"": 217, ""startIndexInSegment"": 160, ""selectedText"": ""information that can be used to identify you individually"", ""value"": ""Identifiable""}, ""Does/Does Not"": {""endIndexInSegment"": 56, ""startIndexInSegment"": 47, ""selectedText"": ""we do not"", ""value"": ""Does Not""}, ""User Type"": {""endIndexInSegment"": -1, ""startIndexInSegment"": -1, ""value"": ""Unspecified""}, ""Action Third Party"": {""endIndexInSegment"": 86, ""startIndexInSegment"": 57, ""selectedText"": ""sell, rent, share or disclose"", ""value"": ""Receive/Shared with""}}",6/3/03,https://www.cariboucoffee.com/footer-folder/privacy
7600,test_category_labeling_highlight_upitt,95,3705,6,Third Party Sharing/Collection,"{""Third Party Entity"": {""endIndexInSegment"": 246, ""startIndexInSegment"": 224, ""selectedText"": ""any other organization"", ""value"": ""Unspecified""}, ""Choice Scope"": {""endIndexInSegment"": -1, ""startIndexInSegment"": -1, ""value"": ""Unspecified""}, ""Purpose"": {""endIndexInSegment"": -1, ""startIndexInSegment"": -1, ""value"": ""Unspecified""}, ""Personal Information Type"": {""endIndexInSegment"": 126, ""startIndexInSegment"": 91, ""selectedText"": ""personally identifiable information"", ""value"": ""Generic personal information""}, ""Choice Type"": {""endIndexInSegment"": -1, ""startIndexInSegment"": -1, ""value"": ""Unspecified""}, ""Identifiability"": {""endIndexInSegment"": 126, ""startIndexInSegment"": 91, ""selectedText"": ""personally identifiable information"", ""value"": ""Identifiable""}, ""Does/Does Not"": {""endIndexInSegment"": 86, ""startIndexInSegment"": 47, ""selectedText"": ""we do not sell, rent, share or disclose"", ""value"": ""Does Not""}, ""User Type"": {""endIndexInSegment"": -1, ""startIndexInSegment"": -1, ""value"": ""Unspecified""}, ""Action Third Party"": {""endIndexInSegment"": 68, ""startIndexInSegment"": 57, ""selectedText"": ""sell, rent,"", ""value"": ""Other""}}",6/3/03,https://www.cariboucoffee.com/footer-folder/privacy
8417,test_category_labeling_highlight_upitt,103,3705,6,First Party Collection/Use,"{""Collection Mode"": {""endIndexInSegment"": 149, ""startIndexInSegment"": 132, ""selectedText"": ""you provide to us"", ""value"": ""Explicit""}, ""Choice Scope"": {""endIndexInSegment"": -1, ""startIndexInSegment"": -1, ""value"": ""not-selected""}, ""Action First-Party"": {""endIndexInSegment"": 86, ""startIndexInSegment"": 47, ""selectedText"": ""we do not sell, rent, share or disclose"", ""value"": ""Other""}, ""Personal Information Type"": {""endIndexInSegment"": 126, ""startIndexInSegment"": 87, ""selectedText"": ""the personally identifiable information"", ""value"": ""Generic personal information""}, ""Choice Type"": {""endIndexInSegment"": -1, ""startIndexInSegment"": -1, ""value"": ""not-selected""}, ""Identifiability"": {""endIndexInSegment"": 218, ""startIndexInSegment"": 150, ""selectedText"": ""(which is information that can be used to identify you individually)"", ""value"": ""Identifiable""}, ""Does/Does Not"": {""endIndexInSegment"": 61, ""startIndexInSegment"": 47, ""selectedText"": ""we do not sell"", ""value"": ""Does Not""}, ""User Type"": {""endIndexInSegment"": -1, ""startIndexInSegment"": -1, ""value"": ""not-selected""}, ""Purpose"": {""endIndexInSegment"": -1, ""startIndexInSegment"": -1, ""value"": ""Unspecified""}}",6/3/03,https://www.cariboucoffee.com/footer-folder/privacy
22201,test_category_labeling_highlight_upitt,123,3705,6,Other,"{""Other Type"": {""endIndexInSegment"": 373, ""startIndexInSegment"": 248, ""selectedText"": ""Information about our customers is an important part of our business, and we are not in the business of selling it to others."", ""value"": ""Introductory/Generic""}}",6/3/03,https://www.cariboucoffee.com/footer-folder/privacy
C1061,test_category_labeling_highlight_upitt,103,3705,7,Third Party Sharing/Collection,"{""Third Party Entity"": {""endIndexInSegment"": 100, ""startIndexInSegment"": 68, ""selectedText"": ""to third-party service providers"", ""value"": ""Named third party""}, ""Choice Scope"": {""endIndexInSegment"": -1, ""startIndexInSegment"": -1, ""value"": ""not-selected""}, ""Purpose"": {""endIndexInSegment"": 207, ""startIndexInSegment"": 125, ""selectedText"": ""to provide services relating to the ongoing maintenance and operation of the Site."", ""value"": ""Service operation and security""}, ""Personal Information Type"": {""endIndexInSegment"": 69, ""startIndexInSegment"": 32, ""selectedText"": ""personally identifiable information t"", ""value"": ""Generic personal information""}, ""Choice Type"": {""endIndexInSegment"": -1, ""startIndexInSegment"": -1, ""value"": ""not-selected""}, ""Identifiability"": {""endIndexInSegment"": 55, ""startIndexInSegment"": 32, ""selectedText"": ""personally identifiable"", ""value"": ""Identifiable""}, ""Does/Does Not"": {""endIndexInSegment"": -1, ""startIndexInSegment"": -1, ""value"": ""Does""}, ""User Type"": {""endIndexInSegment"": -1, ""startIndexInSegment"": -1, ""value"": ""not-selected""}, ""Action Third Party"": {""endIndexInSegment"": 31, ""startIndexInSegment"": 26, ""selectedText"": ""sends"", ""value"": ""Receive/Shared with""}}",6/3/03,https://www.cariboucoffee.com/footer-folder/privacy
22202,test_category_labeling_highlight_upitt,123,3705,7,Third Party Sharing/Collection,"{""Third Party Entity"": {""endIndexInSegment"": 124, ""startIndexInSegment"": 71, ""selectedText"": ""third-party service providers that work on our behalf"", ""value"": ""Named third party""}, ""Choice Scope"": {""endIndexInSegment"": -1, ""startIndexInSegment"": -1, ""value"": ""Unspecified""}, ""Purpose"": {""endIndexInSegment"": 207, ""startIndexInSegment"": 125, ""selectedText"": ""to provide services relating to the ongoing maintenance and operation of the Site."", ""value"": ""Service operation and security""}, ""Personal Information Type"": {""endIndexInSegment"": 67, ""startIndexInSegment"": 32, ""selectedText"": ""personally identifiable information"", ""value"": ""Generic personal information""}, ""Choice Type"": {""endIndexInSegment"": -1, ""startIndexInSegment"": -1, ""value"": ""Unspecified""}, ""Identifiability"": {""endIndexInSegment"": 67, ""startIndexInSegment"": 32, ""selectedText"": ""personally identifiable information"", ""value"": ""Identifiable""}, ""Does/Does Not"": {""endIndexInSegment"": 70, ""startIndexInSegment"": 0, ""selectedText"": ""Currently, Caribou Coffee sends personally identifiable information to"", ""value"": ""Does""}, ""User Type"": {""endIndexInSegment"": -1, ""startIndexInSegment"": -1, ""value"": ""Unspecified""}, ""Action Third Party"": {""endIndexInSegment"": 70, ""startIndexInSegment"": 26, ""selectedText"": ""sends personally identifiable information to"", ""value"": ""Receive/Shared with""}}",6/3/03,https://www.cariboucoffee.com/footer-folder/privacy
C1062,test_category_labeling_highlight_upitt,123,3705,8,Data Security,"{""Security Measure"": {""endIndexInSegment"": 328, ""startIndexInSegment"": 0, ""selectedText"": ""These third parties do not have the right to use the personally identifiable information beyond what is necessary to assist us. They are contractually obligated to maintain the confidentiality and security of such information, and are prohibited from using such information in any way not expressly authorized by Caribou Coffee."", ""value"": ""Data access limitation""}}",6/3/03,https://www.cariboucoffee.com/footer-folder/privacy
7603,test_category_labeling_highlight_upitt,95,3705,8,Other,"{""Other Type"": {""endIndexInSegment"": 328, ""startIndexInSegment"": 0, ""selectedText"": ""These third parties do not have the right to use the personally identifiable information beyond what is necessary to assist us. They are contractually obligated to maintain the confidentiality and security of such information, and are prohibited from using such information in any way not expressly authorized by Caribou Coffee."", ""value"": ""Practice not covered""}}",6/3/03,https://www.cariboucoffee.com/footer-folder/privacy
C1063,test_category_labeling_highlight_upitt,123,3705,9,Data Security,"{""Security Measure"": {""endIndexInSegment"": 127, ""startIndexInSegment"": 0, ""selectedText"": ""Some of our employees have access to customer information only in order to serve customers or maintain our information systems."", ""value"": ""Data access limitation""}}",6/3/03,https://www.cariboucoffee.com/footer-folder/privacy
7605,test_category_labeling_highlight_upitt,95,3705,9,Data Security,"{""Security Measure"": {""endIndexInSegment"": 188, ""startIndexInSegment"": 128, ""selectedText"": ""These employees are subject to our corporate privacy policy."", ""value"": ""Other""}}",6/3/03,https://www.cariboucoffee.com/footer-folder/privacy
C1064,test_category_labeling_highlight_upitt,103,3705,10,First Party Collection/Use,"{""Collection Mode"": {""endIndexInSegment"": 84, ""startIndexInSegment"": 74, ""selectedText"": ""we ask for"", ""value"": ""Explicit""}, ""Choice Scope"": {""endIndexInSegment"": -1, ""startIndexInSegment"": -1, ""value"": ""not-selected""}, ""Action First-Party"": {""endIndexInSegment"": 84, ""startIndexInSegment"": 49, ""selectedText"": ""When you submit an order we ask for"", ""value"": ""Collect on website""}, ""Personal Information Type"": {""endIndexInSegment"": 174, ""startIndexInSegment"": 85, ""selectedText"": ""your name, email address, billing address, shipping address, telephone number, fax number"", ""value"": ""Contact""}, ""Choice Type"": {""endIndexInSegment"": -1, ""startIndexInSegment"": -1, ""value"": ""not-selected""}, ""Identifiability"": {""endIndexInSegment"": -1, ""startIndexInSegment"": -1, ""value"": ""not-selected""}, ""Does/Does Not"": {""endIndexInSegment"": -1, ""startIndexInSegment"": -1, ""value"": ""Does""}, ""User Type"": {""endIndexInSegment"": -1, ""startIndexInSegment"": -1, ""value"": ""not-selected""}, ""Purpose"": {""endIndexInSegment"": 73, ""startIndexInSegment"": 58, ""selectedText"": ""submit an order"", ""value"": ""Basic service/feature""}}",6/3/03,https://www.cariboucoffee.com/footer-folder/privacy
C1065,test_category_labeling_highlight_upitt,95,3705,10,First Party Collection/Use,"{""Collection Mode"": {""endIndexInSegment"": 203, ""startIndexInSegment"": 49, ""selectedText"": ""When you submit an order we ask for your name, email address, billing address, shipping address, telephone number, fax number and credit card information."", ""value"": ""Explicit""}, ""Choice Scope"": {""endIndexInSegment"": 203, ""startIndexInSegment"": 74, ""selectedText"": ""we ask for your name, email address, billing address, shipping address, telephone number, fax number and credit card information."", ""value"": ""Collection""}, ""Action First-Party"": {""endIndexInSegment"": 73, ""startIndexInSegment"": 49, ""selectedText"": ""When you submit an order"", ""value"": ""Unspecified""}, ""Personal Information Type"": {""endIndexInSegment"": 202, ""startIndexInSegment"": 179, ""selectedText"": ""credit card information"", ""value"": ""Financial""}, ""Choice Type"": {""endIndexInSegment"": 73, ""startIndexInSegment"": 49, ""selectedText"": ""When you submit an order"", ""value"": ""Dont use service/feature""}, ""Identifiability"": {""endIndexInSegment"": 202, ""startIndexInSegment"": 90, ""selectedText"": ""name, email address, billing address, shipping address, telephone number, fax number and credit card information"", ""value"": ""Identifiable""}, ""Does/Does Not"": {""endIndexInSegment"": 203, ""startIndexInSegment"": 74, ""selectedText"": ""we ask for your name, email address, billing address, shipping address, telephone number, fax number and credit card information."", ""value"": ""Does""}, ""User Type"": {""endIndexInSegment"": -1, ""startIndexInSegment"": -1, ""value"": ""Unspecified""}, ""Purpose"": {""endIndexInSegment"": 73, ""startIndexInSegment"": 58, ""selectedText"": ""submit an order"", ""value"": ""Basic service/feature""}}",6/3/03,https://www.cariboucoffee.com/footer-folder/privacy
C1066,test_category_labeling_highlight_upitt,123,3705,10,Third Party Sharing/Collection,"{""Third Party Entity"": {""endIndexInSegment"": 315, ""startIndexInSegment"": 262, ""selectedText"": ""third party financial institutions and their vendors."", ""value"": ""Named third party""}, ""Choice Scope"": {""endIndexInSegment"": -1, ""startIndexInSegment"": -1, ""value"": ""Unspecified""}, ""Purpose"": {""endIndexInSegment"": 471, ""startIndexInSegment"": 365, ""selectedText"": ""only for the purpose of verifying your credit card information, and for processing payment for your order,"", ""value"": ""Basic service/feature""}, ""Personal Information Type"": {""endIndexInSegment"": 232, ""startIndexInSegment"": 204, ""selectedText"": ""Your credit card information"", ""value"": ""Financial""}, ""Choice Type"": {""endIndexInSegment"": -1, ""startIndexInSegment"": -1, ""value"": ""Unspecified""}, ""Identifiability"": {""endIndexInSegment"": -1, ""startIndexInSegment"": -1, ""value"": ""Unspecified""}, ""Does/Does Not"": {""endIndexInSegment"": 261, ""startIndexInSegment"": 204, ""selectedText"": ""Your credit card information is sent to, and processed by"", ""value"": ""Does""}, ""User Type"": {""endIndexInSegment"": -1, ""startIndexInSegment"": -1, ""value"": ""Unspecified""}, ""Action Third Party"": {""endIndexInSegment"": 261, ""startIndexInSegment"": 233, ""selectedText"": ""is sent to, and processed by"", ""value"": ""Receive/Shared with""}}",6/3/03,https://www.cariboucoffee.com/footer-folder/privacy
7608,test_category_labeling_highlight_upitt,95,3705,10,Third Party Sharing/Collection,"{""Third Party Entity"": {""endIndexInSegment"": 314, ""startIndexInSegment"": 262, ""selectedText"": ""third party financial institutions and their vendors"", ""value"": ""Unnamed third party""}, ""Choice Scope"": {""endIndexInSegment"": 202, ""startIndexInSegment"": 74, ""selectedText"": ""we ask for your name, email address, billing address, shipping address, telephone number, fax number and credit card information"", ""value"": ""Collection""}, ""Purpose"": {""endIndexInSegment"": 470, ""startIndexInSegment"": 389, ""selectedText"": ""verifying your credit card information, and for processing payment for your order"", ""value"": ""Basic service/feature""}, ""Personal Information Type"": {""endIndexInSegment"": 202, ""startIndexInSegment"": 179, ""selectedText"": ""credit card information"", ""value"": ""Financial""}, ""Choice Type"": {""endIndexInSegment"": 73, ""startIndexInSegment"": 49, ""selectedText"": ""When you submit an order"", ""value"": ""Dont use service/feature""}, ""Identifiability"": {""endIndexInSegment"": 202, ""startIndexInSegment"": 179, ""selectedText"": ""credit card information"", ""value"": ""Identifiable""}, ""Does/Does Not"": {""endIndexInSegment"": 261, ""startIndexInSegment"": 204, ""selectedText"": ""Your credit card information is sent to, and processed by"", ""value"": ""Does""}, ""User Type"": {""endIndexInSegment"": -1, ""startIndexInSegment"": -1, ""value"": ""Unspecified""}, ""Action Third Party"": {""endIndexInSegment"": 261, ""startIndexInSegment"": 236, ""selectedText"": ""sent to, and processed by"", ""value"": ""Receive/Shared with""}}",6/3/03,https://www.cariboucoffee.com/footer-folder/privacy
22208,test_category_labeling_highlight_upitt,123,3705,10,First Party Collection/Use,"{""Collection Mode"": {""endIndexInSegment"": 84, ""startIndexInSegment"": 49, ""selectedText"": ""When you submit an order we ask for"", ""value"": ""Explicit""}, ""Choice Scope"": {""endIndexInSegment"": -1, ""startIndexInSegment"": -1, ""value"": ""Unspecified""}, ""Action First-Party"": {""endIndexInSegment"": 73, ""startIndexInSegment"": 49, ""selectedText"": ""When you submit an order"", ""value"": ""Unspecified""}, ""Personal Information Type"": {""endIndexInSegment"": 174, ""startIndexInSegment"": 85, ""selectedText"": ""your name, email address, billing address, shipping address, telephone number, fax number"", ""value"": ""Contact""}, ""Choice Type"": {""endIndexInSegment"": -1, ""startIndexInSegment"": -1, ""value"": ""Unspecified""}, ""Identifiability"": {""endIndexInSegment"": -1, ""startIndexInSegment"": -1, ""value"": ""Unspecified""}, ""Does/Does Not"": {""endIndexInSegment"": 84, ""startIndexInSegment"": 74, ""selectedText"": ""we ask for"", ""value"": ""Does""}, ""User Type"": {""endIndexInSegment"": -1, ""startIndexInSegment"": -1, ""value"": ""Unspecified""}, ""Purpose"": {""endIndexInSegment"": 73, ""startIndexInSegment"": 49, ""selectedText"": ""When you submit an order"", ""value"": ""Basic service/feature""}}",6/3/03,https://www.cariboucoffee.com/footer-folder/privacy
C1067,test_category_labeling_highlight_upitt,123,3705,11,First Party Collection/Use,"{""Collection Mode"": {""endIndexInSegment"": 128, ""startIndexInSegment"": 118, ""selectedText"": ""we ask for"", ""value"": ""Explicit""}, ""Choice Scope"": {""endIndexInSegment"": -1, ""startIndexInSegment"": -1, ""value"": ""Unspecified""}, ""Action First-Party"": {""endIndexInSegment"": 116, ""startIndexInSegment"": 105, ""selectedText"": ""on the Site"", ""value"": ""Collect on website""}, ""Personal Information Type"": {""endIndexInSegment"": 188, ""startIndexInSegment"": 129, ""selectedText"": ""your name, email address, phone number and mailing address."", ""value"": ""Contact""}, ""Choice Type"": {""endIndexInSegment"": -1, ""startIndexInSegment"": -1, ""value"": ""Unspecified""}, ""Identifiability"": {""endIndexInSegment"": -1, ""startIndexInSegment"": -1, ""value"": ""Unspecified""}, ""Does/Does Not"": {""endIndexInSegment"": 218, ""startIndexInSegment"": 189, ""selectedText"": ""This information is collected"", ""value"": ""Does""}, ""User Type"": {""endIndexInSegment"": 116, ""startIndexInSegment"": 64, ""selectedText"": ""When you register your Caribou Gift Card on the Site"", ""value"": ""User with account""}, ""Purpose"": {""endIndexInSegment"": 358, ""startIndexInSegment"": 219, ""selectedText"": ""solely for the administration of our Caribou Gift Card program, and for replacing your Caribou Gift Card in the event it is lost or stolen."", ""value"": ""Basic service/feature""}}",6/3/03,https://www.cariboucoffee.com/footer-folder/privacy
7609,test_category_labeling_highlight_upitt,95,3705,11,First Party Collection/Use,"{""Collection Mode"": {""endIndexInSegment"": 188, ""startIndexInSegment"": 118, ""selectedText"": ""we ask for your name, email address, phone number and mailing address."", ""value"": ""Explicit""}, ""Choice Scope"": {""endIndexInSegment"": 187, ""startIndexInSegment"": 118, ""selectedText"": ""we ask for your name, email address, phone number and mailing address"", ""value"": ""Collection""}, ""Action First-Party"": {""endIndexInSegment"": 116, ""startIndexInSegment"": 64, ""selectedText"": ""When you register your Caribou Gift Card on the Site"", ""value"": ""Collect on website""}, ""Personal Information Type"": {""endIndexInSegment"": 187, ""startIndexInSegment"": 134, ""selectedText"": ""name, email address, phone number and mailing address"", ""value"": ""Contact""}, ""Choice Type"": {""endIndexInSegment"": 116, ""startIndexInSegment"": 64, ""selectedText"": ""When you register your Caribou Gift Card on the Site"", ""value"": ""Dont use service/feature""}, ""Identifiability"": {""endIndexInSegment"": 187, ""startIndexInSegment"": 134, ""selectedText"": ""name, email address, phone number and mailing address"", ""value"": ""Identifiable""}, ""Does/Does Not"": {""endIndexInSegment"": 188, ""startIndexInSegment"": 118, ""selectedText"": ""we ask for your name, email address, phone number and mailing address."", ""value"": ""Does""}, ""User Type"": {""endIndexInSegment"": 117, ""startIndexInSegment"": 73, ""selectedText"": ""register your Caribou Gift Card on the Site,"", ""value"": ""User with account""}, ""Purpose"": {""endIndexInSegment"": 357, ""startIndexInSegment"": 234, ""selectedText"": ""administration of our Caribou Gift Card program, and for replacing your Caribou Gift Card in the event it is lost or stolen"", ""value"": ""Additional service/feature""}}",6/3/03,https://www.cariboucoffee.com/footer-folder/privacy
C1068,test_category_labeling_highlight_upitt,95,3705,12,First Party Collection/Use,"{""Collection Mode"": {""endIndexInSegment"": 176, ""startIndexInSegment"": 114, ""selectedText"": ""we collect the information asked for in the online application"", ""value"": ""Explicit""}, ""Choice Scope"": {""endIndexInSegment"": 124, ""startIndexInSegment"": 114, ""selectedText"": ""we collect"", ""value"": ""Collection""}, ""Action First-Party"": {""endIndexInSegment"": 176, ""startIndexInSegment"": 114, ""selectedText"": ""we collect the information asked for in the online application"", ""value"": ""Collect on website""}, ""Personal Information Type"": {""endIndexInSegment"": 140, ""startIndexInSegment"": 129, ""selectedText"": ""information"", ""value"": ""Unspecified""}, ""Choice Type"": {""endIndexInSegment"": 112, ""startIndexInSegment"": 49, ""selectedText"": ""If you are interested in applying for a job with Caribou Coffee"", ""value"": ""Dont use service/feature""}, ""Identifiability"": {""endIndexInSegment"": 140, ""startIndexInSegment"": 129, ""selectedText"": ""information"", ""value"": ""Unspecified""}, ""Does/Does Not"": {""endIndexInSegment"": 124, ""startIndexInSegment"": 114, ""selectedText"": ""we collect"", ""value"": ""Does""}, ""User Type"": {""endIndexInSegment"": -1, ""startIndexInSegment"": -1, ""value"": ""Unspecified""}, ""Purpose"": {""endIndexInSegment"": 424, ""startIndexInSegment"": 232, ""selectedText"": ""matching your experience and preferences with the job openings we have, and someone from Caribou Coffee may contact you to ask for your resume and to discuss potential employment opportunities"", ""value"": ""Additional service/feature""}}",6/3/03,https://www.cariboucoffee.com/footer-folder/privacy
C1069,test_category_labeling_highlight_upitt,123,3705,12,Third Party Sharing/Collection,"{""Third Party Entity"": {""endIndexInSegment"": 537, ""startIndexInSegment"": 522, ""selectedText"": ""any third party"", ""value"": ""Unnamed third party""}, ""Choice Scope"": {""endIndexInSegment"": -1, ""startIndexInSegment"": -1, ""value"": ""Unspecified""}, ""Purpose"": {""endIndexInSegment"": 498, ""startIndexInSegment"": 456, ""selectedText"": ""used solely for the purposes of recruiting"", ""value"": ""Other""}, ""Personal Information Type"": {""endIndexInSegment"": 452, ""startIndexInSegment"": 426, ""selectedText"": ""The information you submit"", ""value"": ""Unspecified""}, ""Choice Type"": {""endIndexInSegment"": -1, ""startIndexInSegment"": -1, ""value"": ""Unspecified""}, ""Identifiability"": {""endIndexInSegment"": -1, ""startIndexInSegment"": -1, ""value"": ""Unspecified""}, ""Does/Does Not"": {""endIndexInSegment"": 516, ""startIndexInSegment"": 503, ""selectedText"": ""is not shared"", ""value"": ""Does Not""}, ""User Type"": {""endIndexInSegment"": -1, ""startIndexInSegment"": -1, ""value"": ""Unspecified""}, ""Action Third Party"": {""endIndexInSegment"": 521, ""startIndexInSegment"": 510, ""selectedText"": ""shared with"", ""value"": ""Receive/Shared with""}}",6/3/03,https://www.cariboucoffee.com/footer-folder/privacy
8456,test_category_labeling_highlight_upitt,103,3705,12,First Party Collection/Use,"{""Collection Mode"": {""endIndexInSegment"": -1, ""startIndexInSegment"": -1, ""value"": ""not-selected""}, ""Choice Scope"": {""endIndexInSegment"": -1, ""startIndexInSegment"": -1, ""value"": ""not-selected""}, ""Action First-Party"": {""endIndexInSegment"": 176, ""startIndexInSegment"": 114, ""selectedText"": ""we collect the information asked for in the online application"", ""value"": ""Collect on website""}, ""Personal Information Type"": {""endIndexInSegment"": 205, ""startIndexInSegment"": 185, ""selectedText"": ""use that information"", ""value"": ""Unspecified""}, ""Choice Type"": {""endIndexInSegment"": -1, ""startIndexInSegment"": -1, ""value"": ""not-selected""}, ""Identifiability"": {""endIndexInSegment"": -1, ""startIndexInSegment"": -1, ""value"": ""not-selected""}, ""Does/Does Not"": {""endIndexInSegment"": -1, ""startIndexInSegment"": -1, ""value"": ""Does""}, ""User Type"": {""endIndexInSegment"": -1, ""startIndexInSegment"": -1, ""value"": ""not-selected""}, ""Purpose"": {""endIndexInSegment"": 538, ""startIndexInSegment"": 206, ""selectedText"": ""solely for the purpose of matching your experience and preferences with the job openings we have, and someone from Caribou Coffee may contact you to ask for your resume and to discuss potential employment opportunities. The information you submit is used solely for the purposes of recruiting and is not shared with any third party."", ""value"": ""Other""}}",6/3/03,https://www.cariboucoffee.com/footer-folder/privacy
7612,test_category_labeling_highlight_upitt,95,3705,13,User Choice/Control,"{""Choice Type"": {""endIndexInSegment"": 102, ""startIndexInSegment"": 17, ""selectedText"": ""by submitting your information regarding employment opportunities with Caribou Coffee"", ""value"": ""Opt-in""}, ""Choice Scope"": {""endIndexInSegment"": 322, ""startIndexInSegment"": 104, ""selectedText"": ""you authorize us to transmit and store your information in our recruitment database, and to circulate that information as necessary for the purpose of evaluating your qualifications for job vacancies at Caribou Coffee."", ""value"": ""First party collection""}, ""User Type"": {""endIndexInSegment"": -1, ""startIndexInSegment"": -1, ""value"": ""Unspecified""}, ""Purpose"": {""endIndexInSegment"": 322, ""startIndexInSegment"": 167, ""selectedText"": ""recruitment database, and to circulate that information as necessary for the purpose of evaluating your qualifications for job vacancies at Caribou Coffee."", ""value"": ""Additional service/feature""}, ""Personal Information Type"": {""endIndexInSegment"": 47, ""startIndexInSegment"": 36, ""selectedText"": ""information"", ""value"": ""Unspecified""}}",6/3/03,https://www.cariboucoffee.com/footer-folder/privacy
8462,test_category_labeling_highlight_upitt,103,3705,13,Data Retention,"{""Personal Information Type"": {""endIndexInSegment"": 103, ""startIndexInSegment"": 31, ""selectedText"": ""your information regarding employment opportunities with Caribou Coffee,"", ""value"": ""Other""}, ""Retention Period"": {""endIndexInSegment"": -1, ""startIndexInSegment"": -1, ""value"": ""Unspecified""}, ""Retention Purpose"": {""endIndexInSegment"": 322, ""startIndexInSegment"": 104, ""selectedText"": ""you authorize us to transmit and store your information in our recruitment database, and to circulate that information as necessary for the purpose of evaluating your qualifications for job vacancies at Caribou Coffee."", ""value"": ""Perform service""}}",6/3/03,https://www.cariboucoffee.com/footer-folder/privacy
22214,test_category_labeling_highlight_upitt,123,3705,13,Third Party Sharing/Collection,"{""Third Party Entity"": {""endIndexInSegment"": 322, ""startIndexInSegment"": 290, ""selectedText"": ""job vacancies at Caribou Coffee."", ""value"": ""Other part of company/affiliate""}, ""Choice Scope"": {""endIndexInSegment"": -1, ""startIndexInSegment"": -1, ""value"": ""Unspecified""}, ""Purpose"": {""endIndexInSegment"": 322, ""startIndexInSegment"": 236, ""selectedText"": ""for the purpose of evaluating your qualifications for job vacancies at Caribou Coffee."", ""value"": ""Other""}, ""Personal Information Type"": {""endIndexInSegment"": 102, ""startIndexInSegment"": 31, ""selectedText"": ""your information regarding employment opportunities with Caribou Coffee"", ""value"": ""Unspecified""}, ""Choice Type"": {""endIndexInSegment"": -1, ""startIndexInSegment"": -1, ""value"": ""Unspecified""}, ""Identifiability"": {""endIndexInSegment"": -1, ""startIndexInSegment"": -1, ""value"": ""Unspecified""}, ""Does/Does Not"": {""endIndexInSegment"": 222, ""startIndexInSegment"": 193, ""selectedText"": ""to circulate that information"", ""value"": ""Does""}, ""User Type"": {""endIndexInSegment"": -1, ""startIndexInSegment"": -1, ""value"": ""Unspecified""}, ""Action Third Party"": {""endIndexInSegment"": 235, ""startIndexInSegment"": 193, ""selectedText"": ""to circulate that information as necessary"", ""value"": ""Receive/Shared with""}}",6/3/03,https://www.cariboucoffee.com/footer-folder/privacy
C1070,test_category_labeling_highlight_upitt,95,3705,14,Third Party Sharing/Collection,"{""Third Party Entity"": {""endIndexInSegment"": 70, ""startIndexInSegment"": 21, ""selectedText"": ""we may disclose any information you provide to us"", ""value"": ""Unspecified""}, ""Choice Scope"": {""endIndexInSegment"": -1, ""startIndexInSegment"": -1, ""value"": ""Unspecified""}, ""Purpose"": {""endIndexInSegment"": 277, ""startIndexInSegment"": 156, ""selectedText"": ""required to do so by law, or that doing so is reasonably necessary to comply with legal process, to respond to any claims"", ""value"": ""Legal requirement""}, ""Personal Information Type"": {""endIndexInSegment"": 52, ""startIndexInSegment"": 37, ""selectedText"": ""any information"", ""value"": ""Unspecified""}, ""Choice Type"": {""endIndexInSegment"": -1, ""startIndexInSegment"": -1, ""value"": ""Unspecified""}, ""Identifiability"": {""endIndexInSegment"": 52, ""startIndexInSegment"": 37, ""selectedText"": ""any information"", ""value"": ""Unspecified""}, ""Does/Does Not"": {""endIndexInSegment"": 36, ""startIndexInSegment"": 21, ""selectedText"": ""we may disclose"", ""value"": ""Does""}, ""User Type"": {""endIndexInSegment"": -1, ""startIndexInSegment"": -1, ""value"": ""Unspecified""}, ""Action Third Party"": {""endIndexInSegment"": 36, ""startIndexInSegment"": 28, ""selectedText"": ""disclose"", ""value"": ""Receive/Shared with""}}",6/3/03,https://www.cariboucoffee.com/footer-folder/privacy
7614,test_category_labeling_highlight_upitt,95,3705,14,Third Party Sharing/Collection,"{""Third Party Entity"": {""endIndexInSegment"": 70, ""startIndexInSegment"": 21, ""selectedText"": ""we may disclose any information you provide to us"", ""value"": ""Unspecified""}, ""Choice Scope"": {""endIndexInSegment"": -1, ""startIndexInSegment"": -1, ""value"": ""Unspecified""}, ""Purpose"": {""endIndexInSegment"": 372, ""startIndexInSegment"": 284, ""selectedText"": ""protect our rights, property or personal safety, or that of our customers or the public."", ""value"": ""Service operation and security""}, ""Personal Information Type"": {""endIndexInSegment"": 52, ""startIndexInSegment"": 37, ""selectedText"": ""any information"", ""value"": ""Unspecified""}, ""Choice Type"": {""endIndexInSegment"": -1, ""startIndexInSegment"": -1, ""value"": ""Unspecified""}, ""Identifiability"": {""endIndexInSegment"": 52, ""startIndexInSegment"": 37, ""selectedText"": ""any information"", ""value"": ""Unspecified""}, ""Does/Does Not"": {""endIndexInSegment"": 36, ""startIndexInSegment"": 21, ""selectedText"": ""we may disclose"", ""value"": ""Does""}, ""User Type"": {""endIndexInSegment"": -1, ""startIndexInSegment"": -1, ""value"": ""Unspecified""}, ""Action Third Party"": {""endIndexInSegment"": 36, ""startIndexInSegment"": 28, ""selectedText"": ""disclose"", ""value"": ""Receive/Shared with""}}",6/3/03,https://www.cariboucoffee.com/footer-folder/privacy
8470,test_category_labeling_highlight_upitt,103,3705,14,Third Party Sharing/Collection,"{""Third Party Entity"": {""endIndexInSegment"": -1, ""startIndexInSegment"": -1, ""value"": ""Unspecified""}, ""Choice Scope"": {""endIndexInSegment"": -1, ""startIndexInSegment"": -1, ""value"": ""not-selected""}, ""Purpose"": {""endIndexInSegment"": 372, ""startIndexInSegment"": 119, ""selectedText"": ""in the good faith belief that we are required to do so by law, or that doing so is reasonably necessary to comply with legal process, to respond to any claims or to protect our rights, property or personal safety, or that of our customers or the public."", ""value"": ""Legal requirement""}, ""Personal Information Type"": {""endIndexInSegment"": 118, ""startIndexInSegment"": 72, ""selectedText"": ""including personally identifiable information)"", ""value"": ""Generic personal information""}, ""Choice Type"": {""endIndexInSegment"": -1, ""startIndexInSegment"": -1, ""value"": ""not-selected""}, ""Identifiability"": {""endIndexInSegment"": 105, ""startIndexInSegment"": 82, ""selectedText"": ""personally identifiable"", ""value"": ""Identifiable""}, ""Does/Does Not"": {""endIndexInSegment"": -1, ""startIndexInSegment"": -1, ""value"": ""Does""}, ""User Type"": {""endIndexInSegment"": -1, ""startIndexInSegment"": -1, ""value"": ""not-selected""}, ""Action Third Party"": {""endIndexInSegment"": 52, ""startIndexInSegment"": 28, ""selectedText"": ""disclose any information"", ""value"": ""Receive/Shared with""}}",6/3/03,https://www.cariboucoffee.com/footer-folder/privacy
22215,test_category_labeling_highlight_upitt,123,3705,14,Third Party Sharing/Collection,"{""Third Party Entity"": {""endIndexInSegment"": 64, ""startIndexInSegment"": 21, ""selectedText"": ""we may disclose any information you provide"", ""value"": ""Unnamed third party""}, ""Choice Scope"": {""endIndexInSegment"": -1, ""startIndexInSegment"": -1, ""value"": ""Unspecified""}, ""Purpose"": {""endIndexInSegment"": 180, ""startIndexInSegment"": 119, ""selectedText"": ""in the good faith belief that we are required to do so by law"", ""value"": ""Legal requirement""}, ""Personal Information Type"": {""endIndexInSegment"": 70, ""startIndexInSegment"": 37, ""selectedText"": ""any information you provide to us"", ""value"": ""Unspecified""}, ""Choice Type"": {""endIndexInSegment"": -1, ""startIndexInSegment"": -1, ""value"": ""Unspecified""}, ""Identifiability"": {""endIndexInSegment"": 117, ""startIndexInSegment"": 82, ""selectedText"": ""personally identifiable information"", ""value"": ""Identifiable""}, ""Does/Does Not"": {""endIndexInSegment"": 36, ""startIndexInSegment"": 21, ""selectedText"": ""we may disclose"", ""value"": ""Does""}, ""User Type"": {""endIndexInSegment"": -1, ""startIndexInSegment"": -1, ""value"": ""Unspecified""}, ""Action Third Party"": {""endIndexInSegment"": 36, ""startIndexInSegment"": 21, ""selectedText"": ""we may disclose"", ""value"": ""Receive/Shared with""}}",6/3/03,https://www.cariboucoffee.com/footer-folder/privacy
C1071,test_category_labeling_highlight_upitt,123,3705,15,First Party Collection/Use,"{""Collection Mode"": {""endIndexInSegment"": 109, ""startIndexInSegment"": 86, ""selectedText"": ""automatically collected"", ""value"": ""Implicit""}, ""Choice Scope"": {""endIndexInSegment"": -1, ""startIndexInSegment"": -1, ""value"": ""Unspecified""}, ""Action First-Party"": {""endIndexInSegment"": 134, ""startIndexInSegment"": 110, ""selectedText"": ""when you visit the Site."", ""value"": ""Collect on website""}, ""Personal Information Type"": {""endIndexInSegment"": 279, ""startIndexInSegment"": 146, ""selectedText"": ""the name of the domain and host from which you access the internet, the internet protocol (IP) address of the computer you are using,"", ""value"": ""IP address and device IDs""}, ""Choice Type"": {""endIndexInSegment"": -1, ""startIndexInSegment"": -1, ""value"": ""Unspecified""}, ""Identifiability"": {""endIndexInSegment"": -1, ""startIndexInSegment"": -1, ""value"": ""not-selected""}, ""Does/Does Not"": {""endIndexInSegment"": 145, ""startIndexInSegment"": 135, ""selectedText"": ""We collect"", ""value"": ""Does""}, ""User Type"": {""endIndexInSegment"": -1, ""startIndexInSegment"": -1, ""value"": ""Unspecified""}, ""Purpose"": {""endIndexInSegment"": -1, ""startIndexInSegment"": -1, ""value"": ""Unspecified""}}",6/3/03,https://www.cariboucoffee.com/footer-folder/privacy
C1072,test_category_labeling_highlight_upitt,123,3705,15,First Party Collection/Use,"{""Collection Mode"": {""endIndexInSegment"": 109, ""startIndexInSegment"": 86, ""selectedText"": ""automatically collected"", ""value"": ""Implicit""}, ""Choice Scope"": {""endIndexInSegment"": -1, ""startIndexInSegment"": -1, ""value"": ""Unspecified""}, ""Action First-Party"": {""endIndexInSegment"": 134, ""startIndexInSegment"": 110, ""selectedText"": ""when you visit the Site."", ""value"": ""Collect on website""}, ""Personal Information Type"": {""endIndexInSegment"": 459, ""startIndexInSegment"": 336, ""selectedText"": ""the date and time you access the Site, and the internet address of the web site from which you linked directly to the Site."", ""value"": ""User online activities""}, ""Choice Type"": {""endIndexInSegment"": -1, ""startIndexInSegment"": -1, ""value"": ""Unspecified""}, ""Identifiability"": {""endIndexInSegment"": -1, ""startIndexInSegment"": -1, ""value"": ""not-selected""}, ""Does/Does Not"": {""endIndexInSegment"": 145, ""startIndexInSegment"": 135, ""selectedText"": ""We collect"", ""value"": ""Does""}, ""User Type"": {""endIndexInSegment"": -1, ""startIndexInSegment"": -1, ""value"": ""Unspecified""}, ""Purpose"": {""endIndexInSegment"": -1, ""startIndexInSegment"": -1, ""value"": ""Unspecified""}}",6/3/03,https://www.cariboucoffee.com/footer-folder/privacy
C1073,test_category_labeling_highlight_upitt,123,3705,15,First Party Collection/Use,"{""Collection Mode"": {""endIndexInSegment"": 109, ""startIndexInSegment"": 86, ""selectedText"": ""automatically collected"", ""value"": ""Implicit""}, ""Choice Scope"": {""endIndexInSegment"": -1, ""startIndexInSegment"": -1, ""value"": ""Unspecified""}, ""Action First-Party"": {""endIndexInSegment"": 134, ""startIndexInSegment"": 110, ""selectedText"": ""when you visit the Site."", ""value"": ""Collect on website""}, ""Personal Information Type"": {""endIndexInSegment"": 335, ""startIndexInSegment"": 280, ""selectedText"": ""the browser software you use and your operating system,"", ""value"": ""Computer information""}, ""Choice Type"": {""endIndexInSegment"": -1, ""startIndexInSegment"": -1, ""value"": ""Unspecified""}, ""Identifiability"": {""endIndexInSegment"": -1, ""startIndexInSegment"": -1, ""value"": ""not-selected""}, ""Does/Does Not"": {""endIndexInSegment"": 145, ""startIndexInSegment"": 135, ""selectedText"": ""We collect"", ""value"": ""Does""}, ""User Type"": {""endIndexInSegment"": -1, ""startIndexInSegment"": -1, ""value"": ""Unspecified""}, ""Purpose"": {""endIndexInSegment"": -1, ""startIndexInSegment"": -1, ""value"": ""Unspecified""}}",6/3/03,https://www.cariboucoffee.com/footer-folder/privacy
7615,test_category_labeling_highlight_upitt,95,3705,15,First Party Collection/Use,"{""Collection Mode"": {""endIndexInSegment"": 109, ""startIndexInSegment"": 86, ""selectedText"": ""automatically collected"", ""value"": ""Implicit""}, ""Choice Scope"": {""endIndexInSegment"": -1, ""startIndexInSegment"": -1, ""value"": ""Unspecified""}, ""Action First-Party"": {""endIndexInSegment"": 133, ""startIndexInSegment"": 66, ""selectedText"": ""Some information is automatically collected when you visit the Site"", ""value"": ""Collect on website""}, ""Personal Information Type"": {""endIndexInSegment"": 213, ""startIndexInSegment"": 150, ""selectedText"": ""name of the domain and host from which you access the internet,"", ""value"": ""Computer information""}, ""Choice Type"": {""endIndexInSegment"": -1, ""startIndexInSegment"": -1, ""value"": ""Unspecified""}, ""Identifiability"": {""endIndexInSegment"": -1, ""startIndexInSegment"": -1, ""value"": ""Unspecified""}, ""Does/Does Not"": {""endIndexInSegment"": 134, ""startIndexInSegment"": 66, ""selectedText"": ""Some information is automatically collected when you visit the Site."", ""value"": ""Does""}, ""User Type"": {""endIndexInSegment"": -1, ""startIndexInSegment"": -1, ""value"": ""Unspecified""}, ""Purpose"": {""endIndexInSegment"": -1, ""startIndexInSegment"": -1, ""value"": ""Unspecified""}}",6/3/03,https://www.cariboucoffee.com/footer-folder/privacy
7616,test_category_labeling_highlight_upitt,95,3705,15,First Party Collection/Use,"{""Collection Mode"": {""endIndexInSegment"": 109, ""startIndexInSegment"": 86, ""selectedText"": ""automatically collected"", ""value"": ""Implicit""}, ""Choice Scope"": {""endIndexInSegment"": -1, ""startIndexInSegment"": -1, ""value"": ""Unspecified""}, ""Action First-Party"": {""endIndexInSegment"": 133, ""startIndexInSegment"": 66, ""selectedText"": ""Some information is automatically collected when you visit the Site"", ""value"": ""Collect on website""}, ""Personal Information Type"": {""endIndexInSegment"": 279, ""startIndexInSegment"": 218, ""selectedText"": ""internet protocol (IP) address of the computer you are using,"", ""value"": ""IP address and device IDs""}, ""Choice Type"": {""endIndexInSegment"": -1, ""startIndexInSegment"": -1, ""value"": ""Unspecified""}, ""Identifiability"": {""endIndexInSegment"": -1, ""startIndexInSegment"": -1, ""value"": ""Unspecified""}, ""Does/Does Not"": {""endIndexInSegment"": 134, ""startIndexInSegment"": 66, ""selectedText"": ""Some information is automatically collected when you visit the Site."", ""value"": ""Does""}, ""User Type"": {""endIndexInSegment"": -1, ""startIndexInSegment"": -1, ""value"": ""Unspecified""}, ""Purpose"": {""endIndexInSegment"": -1, ""startIndexInSegment"": -1, ""value"": ""Unspecified""}}",6/3/03,https://www.cariboucoffee.com/footer-folder/privacy
C1074,test_category_labeling_highlight_upitt,103,3705,16,First Party Collection/Use,"{""Collection Mode"": {""endIndexInSegment"": -1, ""startIndexInSegment"": -1, ""value"": ""not-selected""}, ""Choice Scope"": {""endIndexInSegment"": -1, ""startIndexInSegment"": -1, ""value"": ""not-selected""}, ""Action First-Party"": {""endIndexInSegment"": -1, ""startIndexInSegment"": -1, ""value"": ""Unspecified""}, ""Personal Information Type"": {""endIndexInSegment"": 23, ""startIndexInSegment"": 7, ""selectedText"": ""this information"", ""value"": ""Unspecified""}, ""Choice Type"": {""endIndexInSegment"": -1, ""startIndexInSegment"": -1, ""value"": ""not-selected""}, ""Identifiability"": {""endIndexInSegment"": -1, ""startIndexInSegment"": -1, ""value"": ""not-selected""}, ""Does/Does Not"": {""endIndexInSegment"": -1, ""startIndexInSegment"": -1, ""value"": ""Does""}, ""User Type"": {""endIndexInSegment"": -1, ""startIndexInSegment"": -1, ""value"": ""not-selected""}, ""Purpose"": {""endIndexInSegment"": 213, ""startIndexInSegment"": 24, ""selectedText"": ""to monitor the Site and provide us with the ability to enhance our customers' shopping experience by serving up relevant content and to determine aggregate information about usage patterns."", ""value"": ""Analytics/Research""}}",6/3/03,https://www.cariboucoffee.com/footer-folder/privacy
22220,test_category_labeling_highlight_upitt,123,3705,16,First Party Collection/Use,"{""Collection Mode"": {""endIndexInSegment"": -1, ""startIndexInSegment"": -1, ""value"": ""Unspecified""}, ""Choice Scope"": {""endIndexInSegment"": -1, ""startIndexInSegment"": -1, ""value"": ""Unspecified""}, ""Action First-Party"": {""endIndexInSegment"": 43, ""startIndexInSegment"": 35, ""selectedText"": ""the Site"", ""value"": ""Collect on website""}, ""Personal Information Type"": {""endIndexInSegment"": 23, ""startIndexInSegment"": 7, ""selectedText"": ""this information"", ""value"": ""Unspecified""}, ""Choice Type"": {""endIndexInSegment"": -1, ""startIndexInSegment"": -1, ""value"": ""Unspecified""}, ""Identifiability"": {""endIndexInSegment"": -1, ""startIndexInSegment"": -1, ""value"": ""Unspecified""}, ""Does/Does Not"": {""endIndexInSegment"": 23, ""startIndexInSegment"": 0, ""selectedText"": ""We use this information"", ""value"": ""Does""}, ""User Type"": {""endIndexInSegment"": -1, ""startIndexInSegment"": -1, ""value"": ""Unspecified""}, ""Purpose"": {""endIndexInSegment"": 43, ""startIndexInSegment"": 24, ""selectedText"": ""to monitor the Site"", ""value"": ""Service Operation and Security""}}",6/3/03,https://www.cariboucoffee.com/footer-folder/privacy
22221,test_category_labeling_highlight_upitt,123,3705,16,First Party Collection/Use,"{""Collection Mode"": {""endIndexInSegment"": -1, ""startIndexInSegment"": -1, ""value"": ""Unspecified""}, ""Choice Scope"": {""endIndexInSegment"": -1, ""startIndexInSegment"": -1, ""value"": ""Unspecified""}, ""Action First-Party"": {""endIndexInSegment"": 43, ""startIndexInSegment"": 35, ""selectedText"": ""the Site"", ""value"": ""Collect on website""}, ""Personal Information Type"": {""endIndexInSegment"": 23, ""startIndexInSegment"": 7, ""selectedText"": ""this information"", ""value"": ""Unspecified""}, ""Choice Type"": {""endIndexInSegment"": -1, ""startIndexInSegment"": -1, ""value"": ""Unspecified""}, ""Identifiability"": {""endIndexInSegment"": -1, ""startIndexInSegment"": -1, ""value"": ""Unspecified""}, ""Does/Does Not"": {""endIndexInSegment"": 23, ""startIndexInSegment"": 0, ""selectedText"": ""We use this information"", ""value"": ""Does""}, ""User Type"": {""endIndexInSegment"": -1, ""startIndexInSegment"": -1, ""value"": ""Unspecified""}, ""Purpose"": {""endIndexInSegment"": 152, ""startIndexInSegment"": 48, ""selectedText"": ""provide us with the ability to enhance our customers' shopping experience by serving up relevant content"", ""value"": ""Personalization/Customization""}}",6/3/03,https://www.cariboucoffee.com/footer-folder/privacy
22222,test_category_labeling_highlight_upitt,123,3705,16,First Party Collection/Use,"{""Collection Mode"": {""endIndexInSegment"": -1, ""startIndexInSegment"": -1, ""value"": ""Unspecified""}, ""Choice Scope"": {""endIndexInSegment"": -1, ""startIndexInSegment"": -1, ""value"": ""Unspecified""}, ""Action First-Party"": {""endIndexInSegment"": 43, ""startIndexInSegment"": 35, ""selectedText"": ""the Site"", ""value"": ""Collect on website""}, ""Personal Information Type"": {""endIndexInSegment"": 23, ""startIndexInSegment"": 7, ""selectedText"": ""this information"", ""value"": ""Unspecified""}, ""Choice Type"": {""endIndexInSegment"": -1, ""startIndexInSegment"": -1, ""value"": ""Unspecified""}, ""Identifiability"": {""endIndexInSegment"": -1, ""startIndexInSegment"": -1, ""value"": ""Unspecified""}, ""Does/Does Not"": {""endIndexInSegment"": 23, ""startIndexInSegment"": 0, ""selectedText"": ""We use this information"", ""value"": ""Does""}, ""User Type"": {""endIndexInSegment"": -1, ""startIndexInSegment"": -1, ""value"": ""Unspecified""}, ""Purpose"": {""endIndexInSegment"": 213, ""startIndexInSegment"": 157, ""selectedText"": ""to determine aggregate information about usage patterns."", ""value"": ""Analytics/Research""}}",6/3/03,https://www.cariboucoffee.com/footer-folder/privacy
C1075,test_category_labeling_highlight_upitt,123,3705,17,First Party Collection/Use,"{""Collection Mode"": {""endIndexInSegment"": -1, ""startIndexInSegment"": -1, ""value"": ""Unspecified""}, ""Choice Scope"": {""endIndexInSegment"": -1, ""startIndexInSegment"": -1, ""value"": ""Unspecified""}, ""Action First-Party"": {""endIndexInSegment"": 75, ""startIndexInSegment"": 63, ""selectedText"": ""on the Site."", ""value"": ""Collect on website""}, ""Personal Information Type"": {""endIndexInSegment"": 14, ""startIndexInSegment"": 7, ""selectedText"": ""cookies"", ""value"": ""Cookies and tracking elements""}, ""Choice Type"": {""endIndexInSegment"": -1, ""startIndexInSegment"": -1, ""value"": ""Unspecified""}, ""Identifiability"": {""endIndexInSegment"": -1, ""startIndexInSegment"": -1, ""value"": ""Unspecified""}, ""Does/Does Not"": {""endIndexInSegment"": 6, ""startIndexInSegment"": 0, ""selectedText"": ""We use"", ""value"": ""Does""}, ""User Type"": {""endIndexInSegment"": -1, ""startIndexInSegment"": -1, ""value"": ""Unspecified""}, ""Purpose"": {""endIndexInSegment"": 373, ""startIndexInSegment"": 332, ""selectedText"": ""provide you with custom tailored content."", ""value"": ""Personalization/Customization""}}",6/3/03,https://www.cariboucoffee.com/footer-folder/privacy
7618,test_category_labeling_highlight_upitt,95,3705,17,Other,"{""Other Type"": {""endIndexInSegment"": 373, ""startIndexInSegment"": 0, ""selectedText"": ""We use cookies to enhance the browsing and shopping experience on the Site. \""Cookies\"" are small files or records that we place on your computer's hard drive to collect information about your activities on the Site. The information captured makes it possible for us to speed navigation, keep track of items in your shopping cart and provide you with custom tailored content."", ""value"": ""Introductory/Generic""}}",6/3/03,https://www.cariboucoffee.com/footer-folder/privacy
22225,test_category_labeling_highlight_upitt,123,3705,17,First Party Collection/Use,"{""Collection Mode"": {""endIndexInSegment"": -1, ""startIndexInSegment"": -1, ""value"": ""Unspecified""}, ""Choice Scope"": {""endIndexInSegment"": -1, ""startIndexInSegment"": -1, ""value"": ""Unspecified""}, ""Action First-Party"": {""endIndexInSegment"": 75, ""startIndexInSegment"": 63, ""selectedText"": ""on the Site."", ""value"": ""Collect on website""}, ""Personal Information Type"": {""endIndexInSegment"": 14, ""startIndexInSegment"": 7, ""selectedText"": ""cookies"", ""value"": ""Cookies and tracking elements""}, ""Choice Type"": {""endIndexInSegment"": -1, ""startIndexInSegment"": -1, ""value"": ""Unspecified""}, ""Identifiability"": {""endIndexInSegment"": -1, ""startIndexInSegment"": -1, ""value"": ""Unspecified""}, ""Does/Does Not"": {""endIndexInSegment"": 6, ""startIndexInSegment"": 0, ""selectedText"": ""We use"", ""value"": ""Does""}, ""User Type"": {""endIndexInSegment"": -1, ""startIndexInSegment"": -1, ""value"": ""Unspecified""}, ""Purpose"": {""endIndexInSegment"": 331, ""startIndexInSegment"": 215, ""selectedText"": ""The information captured makes it possible for us to speed navigation, keep track of items in your shopping cart and"", ""value"": ""Service Operation and Security""}}",6/3/03,https://www.cariboucoffee.com/footer-folder/privacy
22226,test_category_labeling_highlight_upitt,123,3705,17,Other,"{""Other Type"": {""endIndexInSegment"": 214, ""startIndexInSegment"": 76, ""selectedText"": ""\""Cookies\"" are small files or records that we place on your computer's hard drive to collect information about your activities on the Site."", ""value"": ""Introductory/Generic""}}",6/3/03,https://www.cariboucoffee.com/footer-folder/privacy
C1076,test_category_labeling_highlight_upitt,103,3705,18,User Choice/Control,"{""Choice Type"": {""endIndexInSegment"": 149, ""startIndexInSegment"": 0, ""selectedText"": ""You can choose to have your browser warn you every time a cookie is being sent to you or you can turn off your computer's ability to receive cookies."", ""value"": ""Browser/device privacy controls""}, ""Choice Scope"": {""endIndexInSegment"": 149, ""startIndexInSegment"": 0, ""selectedText"": ""You can choose to have your browser warn you every time a cookie is being sent to you or you can turn off your computer's ability to receive cookies."", ""value"": ""First party collection""}, ""User Type"": {""endIndexInSegment"": -1, ""startIndexInSegment"": -1, ""value"": ""not-selected""}, ""Purpose"": {""endIndexInSegment"": 298, ""startIndexInSegment"": 173, ""selectedText"": ""you will not be able to open a shopping cart on the Site, and therefore will not be able to complete an order with us online."", ""value"": ""Service Operation and Security""}, ""Personal Information Type"": {""endIndexInSegment"": 171, ""startIndexInSegment"": 164, ""selectedText"": ""cookies"", ""value"": ""Cookies and tracking elements""}}",6/3/03,https://www.cariboucoffee.com/footer-folder/privacy
22227,test_category_labeling_highlight_upitt,123,3705,18,User Choice/Control,"{""Choice Type"": {""endIndexInSegment"": 148, ""startIndexInSegment"": 89, ""selectedText"": ""you can turn off your computer's ability to receive cookies"", ""value"": ""Browser/device privacy controls""}, ""Choice Scope"": {""endIndexInSegment"": 85, ""startIndexInSegment"": 45, ""selectedText"": ""every time a cookie is being sent to you"", ""value"": ""First party use""}, ""User Type"": {""endIndexInSegment"": -1, ""startIndexInSegment"": -1, ""value"": ""Unspecified""}, ""Purpose"": {""endIndexInSegment"": 230, ""startIndexInSegment"": 194, ""selectedText"": ""to open a shopping cart on the Site,"", ""value"": ""Basic service/feature""}, ""Personal Information Type"": {""endIndexInSegment"": 64, ""startIndexInSegment"": 58, ""selectedText"": ""cookie"", ""value"": ""Cookies and tracking elements""}}",6/3/03,https://www.cariboucoffee.com/footer-folder/privacy
7620,test_category_labeling_highlight_upitt,95,3705,19,Third Party Sharing/Collection,"{""Third Party Entity"": {""endIndexInSegment"": 159, ""startIndexInSegment"": 148, ""selectedText"": ""DoubleClick"", ""value"": ""Named third party""}, ""Choice Scope"": {""endIndexInSegment"": -1, ""startIndexInSegment"": -1, ""value"": ""Unspecified""}, ""Purpose"": {""endIndexInSegment"": 87, ""startIndexInSegment"": 62, ""selectedText"": ""manage online advertising"", ""value"": ""Advertising""}, ""Personal Information Type"": {""endIndexInSegment"": -1, ""startIndexInSegment"": -1, ""value"": ""Unspecified""}, ""Choice Type"": {""endIndexInSegment"": -1, ""startIndexInSegment"": -1, ""value"": ""Unspecified""}, ""Identifiability"": {""endIndexInSegment"": -1, ""startIndexInSegment"": -1, ""value"": ""Unspecified""}, ""Does/Does Not"": {""endIndexInSegment"": 87, ""startIndexInSegment"": 15, ""selectedText"": ""uses pixels, or transparent GIF files, to help manage online advertising"", ""value"": ""Does""}, ""User Type"": {""endIndexInSegment"": -1, ""startIndexInSegment"": -1, ""value"": ""Unspecified""}, ""Action Third Party"": {""endIndexInSegment"": 240, ""startIndexInSegment"": 173, ""selectedText"": ""enable DoubleClick to recognize a unique cookie on your Web browser"", ""value"": ""Track on first party website/app""}}",6/3/03,https://www.cariboucoffee.com/footer-folder/privacy
8495,test_category_labeling_highlight_upitt,103,3705,19,First Party Collection/Use,"{""Collection Mode"": {""endIndexInSegment"": -1, ""startIndexInSegment"": -1, ""value"": ""not-selected""}, ""Choice Scope"": {""endIndexInSegment"": -1, ""startIndexInSegment"": -1, ""value"": ""not-selected""}, ""Action First-Party"": {""endIndexInSegment"": -1, ""startIndexInSegment"": -1, ""value"": ""Unspecified""}, ""Personal Information Type"": {""endIndexInSegment"": 241, ""startIndexInSegment"": 0, ""selectedText"": ""Caribou Coffee uses pixels, or transparent GIF files, to help manage online advertising. These GIF files are provided by our ad management partner, DoubleClick. These files enable DoubleClick to recognize a unique cookie on your Web browser,"", ""value"": ""Cookies and tracking elements""}, ""Choice Type"": {""endIndexInSegment"": -1, ""startIndexInSegment"": -1, ""value"": ""not-selected""}, ""Identifiability"": {""endIndexInSegment"": -1, ""startIndexInSegment"": -1, ""value"": ""not-selected""}, ""Does/Does Not"": {""endIndexInSegment"": -1, ""startIndexInSegment"": -1, ""value"": ""Does""}, ""User Type"": {""endIndexInSegment"": -1, ""startIndexInSegment"": -1, ""value"": ""not-selected""}, ""Purpose"": {""endIndexInSegment"": 406, ""startIndexInSegment"": 242, ""selectedText"": ""which in turn enables us to learn which advertisements bring users to our website. The cookie was placed by us, or by another advertiser who works with DoubleClick."", ""value"": ""Advertising""}}",6/3/03,https://www.cariboucoffee.com/footer-folder/privacy
22228,test_category_labeling_highlight_upitt,123,3705,19,First Party Collection/Use,"{""Collection Mode"": {""endIndexInSegment"": -1, ""startIndexInSegment"": -1, ""value"": ""Unspecified""}, ""Choice Scope"": {""endIndexInSegment"": -1, ""startIndexInSegment"": -1, ""value"": ""Unspecified""}, ""Action First-Party"": {""endIndexInSegment"": 160, ""startIndexInSegment"": 89, ""selectedText"": ""These GIF files are provided by our ad management partner, DoubleClick."", ""value"": ""Receive from other service/third-party (named)""}, ""Personal Information Type"": {""endIndexInSegment"": 53, ""startIndexInSegment"": 20, ""selectedText"": ""pixels, or transparent GIF files,"", ""value"": ""Cookies and tracking elements""}, ""Choice Type"": {""endIndexInSegment"": -1, ""startIndexInSegment"": -1, ""value"": ""Unspecified""}, ""Identifiability"": {""endIndexInSegment"": -1, ""startIndexInSegment"": -1, ""value"": ""Unspecified""}, ""Does/Does Not"": {""endIndexInSegment"": 19, ""startIndexInSegment"": 0, ""selectedText"": ""Caribou Coffee uses"", ""value"": ""Does""}, ""User Type"": {""endIndexInSegment"": -1, ""startIndexInSegment"": -1, ""value"": ""Unspecified""}, ""Purpose"": {""endIndexInSegment"": 87, ""startIndexInSegment"": 54, ""selectedText"": ""to help manage online advertising"", ""value"": ""Advertising""}}",6/3/03,https://www.cariboucoffee.com/footer-folder/privacy
22229,test_category_labeling_highlight_upitt,123,3705,19,Other,"{""Other Type"": {""endIndexInSegment"": 406, ""startIndexInSegment"": 161, ""selectedText"": ""These files enable DoubleClick to recognize a unique cookie on your Web browser, which in turn enables us to learn which advertisements bring users to our website. The cookie was placed by us, or by another advertiser who works with DoubleClick."", ""value"": ""Introductory/Generic""}}",6/3/03,https://www.cariboucoffee.com/footer-folder/privacy
C1077,test_category_labeling_highlight_upitt,103,3705,20,Third Party Sharing/Collection,"{""Third Party Entity"": {""endIndexInSegment"": -1, ""startIndexInSegment"": -1, ""value"": ""Unspecified""}, ""Choice Scope"": {""endIndexInSegment"": -1, ""startIndexInSegment"": -1, ""value"": ""Unspecified""}, ""Purpose"": {""endIndexInSegment"": -1, ""startIndexInSegment"": -1, ""value"": ""Unspecified""}, ""Personal Information Type"": {""endIndexInSegment"": 59, ""startIndexInSegment"": 44, ""selectedText"": ""the information"", ""value"": ""Unspecified""}, ""Choice Type"": {""endIndexInSegment"": 368, ""startIndexInSegment"": 276, ""selectedText"": ""how to opt out of these technologies, go to http://www.doubleclick.net/us/corporate/privacy."", ""value"": ""Opt-out link""}, ""Identifiability"": {""endIndexInSegment"": 130, ""startIndexInSegment"": 89, ""selectedText"": ""anonymous and not personally identifiable"", ""value"": ""Aggregated or anonymized""}, ""Does/Does Not"": {""endIndexInSegment"": -1, ""startIndexInSegment"": -1, ""value"": ""Does""}, ""User Type"": {""endIndexInSegment"": -1, ""startIndexInSegment"": -1, ""value"": ""not-selected""}, ""Action Third Party"": {""endIndexInSegment"": 85, ""startIndexInSegment"": 44, ""selectedText"": ""the information that we collect and share"", ""value"": ""Receive/Shared with""}}",6/3/03,https://www.cariboucoffee.com/footer-folder/privacy
C1078,test_category_labeling_highlight_upitt,123,3705,20,First Party Collection/Use,"{""Collection Mode"": {""endIndexInSegment"": -1, ""startIndexInSegment"": -1, ""value"": ""Unspecified""}, ""Choice Scope"": {""endIndexInSegment"": -1, ""startIndexInSegment"": -1, ""value"": ""Unspecified""}, ""Action First-Party"": {""endIndexInSegment"": -1, ""startIndexInSegment"": -1, ""value"": ""Unspecified""}, ""Personal Information Type"": {""endIndexInSegment"": 42, ""startIndexInSegment"": 0, ""selectedText"": ""With both cookies and Spotlight technology"", ""value"": ""Cookies and tracking elements""}, ""Choice Type"": {""endIndexInSegment"": -1, ""startIndexInSegment"": -1, ""value"": ""Unspecified""}, ""Identifiability"": {""endIndexInSegment"": 130, ""startIndexInSegment"": 89, ""selectedText"": ""anonymous and not personally identifiable"", ""value"": ""Aggregated or anonymized""}, ""Does/Does Not"": {""endIndexInSegment"": 85, ""startIndexInSegment"": 65, ""selectedText"": ""we collect and share"", ""value"": ""Does""}, ""User Type"": {""endIndexInSegment"": -1, ""startIndexInSegment"": -1, ""value"": ""Unspecified""}, ""Purpose"": {""endIndexInSegment"": -1, ""startIndexInSegment"": -1, ""value"": ""Unspecified""}}",6/3/03,https://www.cariboucoffee.com/footer-folder/privacy
8509,test_category_labeling_highlight_upitt,103,3705,20,User Choice/Control,"{""Choice Type"": {""endIndexInSegment"": 368, ""startIndexInSegment"": 280, ""selectedText"": ""to opt out of these technologies, go to http://www.doubleclick.net/us/corporate/privacy."", ""value"": ""Opt-out link""}, ""Choice Scope"": {""endIndexInSegment"": 279, ""startIndexInSegment"": 208, ""selectedText"": ""For more information about DoubleClick, including information about how"", ""value"": ""Third party sharing/collection""}, ""User Type"": {""endIndexInSegment"": -1, ""startIndexInSegment"": -1, ""value"": ""not-selected""}, ""Purpose"": {""endIndexInSegment"": -1, ""startIndexInSegment"": -1, ""value"": ""Unspecified""}, ""Personal Information Type"": {""endIndexInSegment"": -1, ""startIndexInSegment"": -1, ""value"": ""Unspecified""}}",6/3/03,https://www.cariboucoffee.com/footer-folder/privacy
22231,test_category_labeling_highlight_upitt,123,3705,20,User Choice/Control,"{""Choice Type"": {""endIndexInSegment"": 368, ""startIndexInSegment"": 276, ""selectedText"": ""how to opt out of these technologies, go to http://www.doubleclick.net/us/corporate/privacy."", ""value"": ""Opt-out link""}, ""Choice Scope"": {""endIndexInSegment"": 85, ""startIndexInSegment"": 68, ""selectedText"": ""collect and share"", ""value"": ""Third party sharing/collection""}, ""User Type"": {""endIndexInSegment"": -1, ""startIndexInSegment"": -1, ""value"": ""Unspecified""}, ""Purpose"": {""endIndexInSegment"": -1, ""startIndexInSegment"": -1, ""value"": ""Unspecified""}, ""Personal Information Type"": {""endIndexInSegment"": 42, ""startIndexInSegment"": 10, ""selectedText"": ""cookies and Spotlight technology"", ""value"": ""Cookies and tracking elements""}}",6/3/03,https://www.cariboucoffee.com/footer-folder/privacy
C1079,test_category_labeling_highlight_upitt,103,3705,21,Data Security,"{""Security Measure"": {""endIndexInSegment"": 328, ""startIndexInSegment"": 60, ""selectedText"": ""We make every effort to ensure that your personal information is protected on our system. Our Site uses Secure Socket Layer (SSL) encryption to help ensure that your personal information cannot be read as it passes over the Internet, including your credit card number."", ""value"": ""Secure data transfer""}}",6/3/03,https://www.cariboucoffee.com/footer-folder/privacy
22232,test_category_labeling_highlight_upitt,123,3705,21,Data Security,"{""Security Measure"": {""endIndexInSegment"": 200, ""startIndexInSegment"": 150, ""selectedText"": ""Our Site uses Secure Socket Layer (SSL) encryption"", ""value"": ""Secure data transfer""}}",6/3/03,https://www.cariboucoffee.com/footer-folder/privacy
22233,test_category_labeling_highlight_upitt,123,3705,21,Data Security,"{""Security Measure"": {""endIndexInSegment"": 148, ""startIndexInSegment"": 60, ""selectedText"": ""We make every effort to ensure that your personal information is protected on our system"", ""value"": ""Generic""}}",6/3/03,https://www.cariboucoffee.com/footer-folder/privacy
C1080,test_category_labeling_highlight_upitt,123,3705,22,Data Security,"{""Security Measure"": {""endIndexInSegment"": 183, ""startIndexInSegment"": 0, ""selectedText"": ""We also require our credit card transaction processor to use adequate security and encryption technology to ensure the safety and security of your personally identifiable information."", ""value"": ""Other""}}",6/3/03,https://www.cariboucoffee.com/footer-folder/privacy
7623,test_category_labeling_highlight_upitt,95,3705,22,Other,"{""Other Type"": {""endIndexInSegment"": 183, ""startIndexInSegment"": 0, ""selectedText"": ""We also require our credit card transaction processor to use adequate security and encryption technology to ensure the safety and security of your personally identifiable information."", ""value"": ""Practice not covered""}}",6/3/03,https://www.cariboucoffee.com/footer-folder/privacy
7624,test_category_labeling_highlight_upitt,95,3705,23,User Choice/Control,"{""Choice Type"": {""endIndexInSegment"": 256, ""startIndexInSegment"": 105, ""selectedText"": ""you may, sign up for a free eNewsletter, which contains product update information and a birthday greetings email on your birthday from Caribou Coffee."", ""value"": ""Opt-in""}, ""Choice Scope"": {""endIndexInSegment"": 255, ""startIndexInSegment"": 128, ""selectedText"": ""free eNewsletter, which contains product update information and a birthday greetings email on your birthday from Caribou Coffee"", ""value"": ""First party use""}, ""User Type"": {""endIndexInSegment"": -1, ""startIndexInSegment"": -1, ""value"": ""Unspecified""}, ""Purpose"": {""endIndexInSegment"": 255, ""startIndexInSegment"": 128, ""selectedText"": ""free eNewsletter, which contains product update information and a birthday greetings email on your birthday from Caribou Coffee"", ""value"": ""Marketing""}, ""Personal Information Type"": {""endIndexInSegment"": 212, ""startIndexInSegment"": 194, ""selectedText"": ""birthday greetings"", ""value"": ""Demographic""}}",6/3/03,https://www.cariboucoffee.com/footer-folder/privacy
7625,test_category_labeling_highlight_upitt,95,3705,23,User Choice/Control,"{""Choice Type"": {""endIndexInSegment"": 256, ""startIndexInSegment"": 105, ""selectedText"": ""you may, sign up for a free eNewsletter, which contains product update information and a birthday greetings email on your birthday from Caribou Coffee."", ""value"": ""Opt-in""}, ""Choice Scope"": {""endIndexInSegment"": 255, ""startIndexInSegment"": 128, ""selectedText"": ""free eNewsletter, which contains product update information and a birthday greetings email on your birthday from Caribou Coffee"", ""value"": ""First party use""}, ""User Type"": {""endIndexInSegment"": -1, ""startIndexInSegment"": -1, ""value"": ""Unspecified""}, ""Purpose"": {""endIndexInSegment"": 255, ""startIndexInSegment"": 128, ""selectedText"": ""free eNewsletter, which contains product update information and a birthday greetings email on your birthday from Caribou Coffee"", ""value"": ""Marketing""}, ""Personal Information Type"": {""endIndexInSegment"": 187, ""startIndexInSegment"": 105, ""selectedText"": ""you may, sign up for a free eNewsletter, which contains product update information"", ""value"": ""Unspecified""}}",6/3/03,https://www.cariboucoffee.com/footer-folder/privacy
8623,test_category_labeling_highlight_upitt,103,3705,23,User Choice/Control,"{""Choice Type"": {""endIndexInSegment"": 356, ""startIndexInSegment"": 257, ""selectedText"": ""If you do not sign up for the product update or birthday greeting emails you will not receive them."", ""value"": ""Opt-in""}, ""Choice Scope"": {""endIndexInSegment"": 256, ""startIndexInSegment"": 64, ""selectedText"": ""When registering your Caribou Gift Card, you may, sign up for a free eNewsletter, which contains product update information and a birthday greetings email on your birthday from Caribou Coffee."", ""value"": ""First party use""}, ""User Type"": {""endIndexInSegment"": 103, ""startIndexInSegment"": 64, ""selectedText"": ""When registering your Caribou Gift Card"", ""value"": ""Other""}, ""Purpose"": {""endIndexInSegment"": 218, ""startIndexInSegment"": 152, ""selectedText"": ""contains product update information and a birthday greetings email"", ""value"": ""Marketing""}, ""Personal Information Type"": {""endIndexInSegment"": 356, ""startIndexInSegment"": 314, ""selectedText"": ""greeting emails you will not receive them."", ""value"": ""Contact""}}",6/3/03,https://www.cariboucoffee.com/footer-folder/privacy
22235,test_category_labeling_highlight_upitt,123,3705,23,Other,"{""Other Type"": {""endIndexInSegment"": 356, ""startIndexInSegment"": 64, ""selectedText"": ""When registering your Caribou Gift Card, you may, sign up for a free eNewsletter, which contains product update information and a birthday greetings email on your birthday from Caribou Coffee. If you do not sign up for the product update or birthday greeting emails you will not receive them."", ""value"": ""Other""}}",6/3/03,https://www.cariboucoffee.com/footer-folder/privacy
7626,test_category_labeling_highlight_upitt,95,3705,24,User Choice/Control,"{""Choice Type"": {""endIndexInSegment"": 21, ""startIndexInSegment"": 0, ""selectedText"": ""Upon placing an order"", ""value"": ""Dont use service/feature""}, ""Choice Scope"": {""endIndexInSegment"": 133, ""startIndexInSegment"": 47, ""selectedText"": ""you will receive an email confirmation notifying you that we have received your order."", ""value"": ""First party use""}, ""User Type"": {""endIndexInSegment"": -1, ""startIndexInSegment"": -1, ""value"": ""Unspecified""}, ""Purpose"": {""endIndexInSegment"": 133, ""startIndexInSegment"": 67, ""selectedText"": ""email confirmation notifying you that we have received your order."", ""value"": ""Basic service/feature""}, ""Personal Information Type"": {""endIndexInSegment"": 133, ""startIndexInSegment"": 0, ""selectedText"": ""Upon placing an order on www.cariboucoffee.com you will receive an email confirmation notifying you that we have received your order."", ""value"": ""Unspecified""}}",6/3/03,https://www.cariboucoffee.com/footer-folder/privacy
8624,test_category_labeling_highlight_upitt,103,3705,24,Other,"{""Other Type"": {""endIndexInSegment"": 133, ""startIndexInSegment"": 0, ""selectedText"": ""Upon placing an order on www.cariboucoffee.com you will receive an email confirmation notifying you that we have received your order."", ""value"": ""Practice not covered""}}",6/3/03,https://www.cariboucoffee.com/footer-folder/privacy
22237,test_category_labeling_highlight_upitt,123,3705,24,First Party Collection/Use,"{""Collection Mode"": {""endIndexInSegment"": 21, ""startIndexInSegment"": 0, ""selectedText"": ""Upon placing an order"", ""value"": ""Explicit""}, ""Choice Scope"": {""endIndexInSegment"": -1, ""startIndexInSegment"": -1, ""value"": ""Unspecified""}, ""Action First-Party"": {""endIndexInSegment"": 46, ""startIndexInSegment"": 22, ""selectedText"": ""on www.cariboucoffee.com"", ""value"": ""Collect on website""}, ""Personal Information Type"": {""endIndexInSegment"": 21, ""startIndexInSegment"": 13, ""selectedText"": ""an order"", ""value"": ""User online activities""}, ""Choice Type"": {""endIndexInSegment"": -1, ""startIndexInSegment"": -1, ""value"": ""Unspecified""}, ""Identifiability"": {""endIndexInSegment"": -1, ""startIndexInSegment"": -1, ""value"": ""Unspecified""}, ""Does/Does Not"": {""endIndexInSegment"": 133, ""startIndexInSegment"": 105, ""selectedText"": ""we have received your order."", ""value"": ""Does""}, ""User Type"": {""endIndexInSegment"": -1, ""startIndexInSegment"": -1, ""value"": ""Unspecified""}, ""Purpose"": {""endIndexInSegment"": 133, ""startIndexInSegment"": 47, ""selectedText"": ""you will receive an email confirmation notifying you that we have received your order."", ""value"": ""Basic service/feature""}}",6/3/03,https://www.cariboucoffee.com/footer-folder/privacy
C1081,test_category_labeling_highlight_upitt,123,3705,25,International and Specific Audiences,"{""Audience Type"": {""endIndexInSegment"": 421, ""startIndexInSegment"": 38, ""selectedText"": ""Protecting the privacy of children is very important to us. For that reason, our Site does not solicit, collect or maintain personally identifiable information from users we actually know are under age 13. Children under the age of 13 should not provide any personally identifiable information on the Site, and we ask that children are supervised by a parent while visiting the Site."", ""value"": ""Children""}}",6/3/03,https://www.cariboucoffee.com/footer-folder/privacy
7628,test_category_labeling_highlight_upitt,95,3705,26,"User Access, Edit and Deletion","{""Access Type"": {""endIndexInSegment"": 43, ""startIndexInSegment"": 9, ""selectedText"": ""Changing Your Personal Information"", ""value"": ""Edit information""}, ""User Type"": {""endIndexInSegment"": 190, ""startIndexInSegment"": 105, ""selectedText"": ""If any of your personal information changes after you register your Caribou Gift Card"", ""value"": ""User with account""}, ""Access Scope"": {""endIndexInSegment"": 266, ""startIndexInSegment"": 246, ""selectedText"": ""personal information"", ""value"": ""User account data""}}",6/3/03,https://www.cariboucoffee.com/footer-folder/privacy
8626,test_category_labeling_highlight_upitt,103,3705,26,"User Access, Edit and Deletion","{""Access Type"": {""endIndexInSegment"": 267, ""startIndexInSegment"": 234, ""selectedText"": ""update your personal information."", ""value"": ""Edit information""}, ""User Type"": {""endIndexInSegment"": 229, ""startIndexInSegment"": 155, ""selectedText"": ""you register your Caribou Gift Card you may log into www.cariboucoffee.com"", ""value"": ""Other""}, ""Access Scope"": {""endIndexInSegment"": 267, ""startIndexInSegment"": 241, ""selectedText"": ""your personal information."", ""value"": ""User account data""}}",6/3/03,https://www.cariboucoffee.com/footer-folder/privacy
22239,test_category_labeling_highlight_upitt,123,3705,26,"User Access, Edit and Deletion","{""Access Type"": {""endIndexInSegment"": 267, ""startIndexInSegment"": 234, ""selectedText"": ""update your personal information."", ""value"": ""Edit information""}, ""User Type"": {""endIndexInSegment"": 167, ""startIndexInSegment"": 149, ""selectedText"": ""after you register"", ""value"": ""User with account""}, ""Access Scope"": {""endIndexInSegment"": 140, ""startIndexInSegment"": 108, ""selectedText"": ""any of your personal information"", ""value"": ""User account data""}}",6/3/03,https://www.cariboucoffee.com/footer-folder/privacy
C1082,test_category_labeling_highlight_upitt,123,3705,27,Other,"{""Other Type"": {""endIndexInSegment"": 298, ""startIndexInSegment"": 154, ""selectedText"": ""The content of any comments, suggestions, questions, information and feedback received by Caribou Coffee shall be deemed to be non-confidential."", ""value"": ""Other""}}",6/3/03,https://www.cariboucoffee.com/footer-folder/privacy
C1083,test_category_labeling_highlight_upitt,123,3705,27,Other,"{""Other Type"": {""endIndexInSegment"": 153, ""startIndexInSegment"": 52, ""selectedText"": ""If you have any questions about our privacy statement or our use of your information please email us."", ""value"": ""Privacy contact information""}}",6/3/03,https://www.cariboucoffee.com/footer-folder/privacy
7630,test_category_labeling_highlight_upitt,95,3705,28,First Party Collection/Use,"{""Collection Mode"": {""endIndexInSegment"": 67, ""startIndexInSegment"": 0, ""selectedText"": ""Any comments or materials sent to Caribou Coffee through this Site,"", ""value"": ""Explicit""}, ""Choice Scope"": {""endIndexInSegment"": 240, ""startIndexInSegment"": 237, ""selectedText"": ""use"", ""value"": ""Use""}, ""Action First-Party"": {""endIndexInSegment"": 66, ""startIndexInSegment"": 0, ""selectedText"": ""Any comments or materials sent to Caribou Coffee through this Site"", ""value"": ""Collect on website""}, ""Personal Information Type"": {""endIndexInSegment"": 153, ""startIndexInSegment"": 82, ""selectedText"": ""feedback, questions, comments, suggestions, questionnaires and the like"", ""value"": ""Unspecified""}, ""Choice Type"": {""endIndexInSegment"": 48, ""startIndexInSegment"": 0, ""selectedText"": ""Any comments or materials sent to Caribou Coffee"", ""value"": ""Dont use service/feature""}, ""Identifiability"": {""endIndexInSegment"": 154, ""startIndexInSegment"": 68, ""selectedText"": ""including all feedback, questions, comments, suggestions, questionnaires and the like,"", ""value"": ""Unspecified""}, ""Does/Does Not"": {""endIndexInSegment"": 240, ""startIndexInSegment"": 205, ""selectedText"": ""Caribou Coffee shall be free to use"", ""value"": ""Does""}, ""User Type"": {""endIndexInSegment"": -1, ""startIndexInSegment"": -1, ""value"": ""Unspecified""}, ""Purpose"": {""endIndexInSegment"": 319, ""startIndexInSegment"": 299, ""selectedText"": ""any and all purposes"", ""value"": ""Unspecified""}}",6/3/03,https://www.cariboucoffee.com/footer-folder/privacy
8629,test_category_labeling_highlight_upitt,103,3705,28,First Party Collection/Use,"{""Collection Mode"": {""endIndexInSegment"": 204, ""startIndexInSegment"": 0, ""selectedText"": ""Any comments or materials sent to Caribou Coffee through this Site, including all feedback, questions, comments, suggestions, questionnaires and the like, shall become the sole property of Caribou Coffee."", ""value"": ""Explicit""}, ""Choice Scope"": {""endIndexInSegment"": -1, ""startIndexInSegment"": -1, ""value"": ""not-selected""}, ""Action First-Party"": {""endIndexInSegment"": 66, ""startIndexInSegment"": 57, ""selectedText"": ""this Site"", ""value"": ""Collect on website""}, ""Personal Information Type"": {""endIndexInSegment"": 204, ""startIndexInSegment"": 0, ""selectedText"": ""Any comments or materials sent to Caribou Coffee through this Site, including all feedback, questions, comments, suggestions, questionnaires and the like, shall become the sole property of Caribou Coffee."", ""value"": ""User profile""}, ""Choice Type"": {""endIndexInSegment"": -1, ""startIndexInSegment"": -1, ""value"": ""not-selected""}, ""Identifiability"": {""endIndexInSegment"": -1, ""startIndexInSegment"": -1, ""value"": ""not-selected""}, ""Does/Does Not"": {""endIndexInSegment"": -1, ""startIndexInSegment"": -1, ""value"": ""Does""}, ""User Type"": {""endIndexInSegment"": -1, ""startIndexInSegment"": -1, ""value"": ""not-selected""}, ""Purpose"": {""endIndexInSegment"": 378, ""startIndexInSegment"": 205, ""selectedText"": ""Caribou Coffee shall be free to use any such suggestions, comments, concepts and the like for any and all purposes of its sole choosing, without payment of any compensation."", ""value"": ""Other""}}",6/3/03,https://www.cariboucoffee.com/footer-folder/privacy
22242,test_category_labeling_highlight_upitt,123,3705,28,First Party Collection/Use,"{""Collection Mode"": {""endIndexInSegment"": 33, ""startIndexInSegment"": 26, ""selectedText"": ""sent to"", ""value"": ""Explicit""}, ""Choice Scope"": {""endIndexInSegment"": -1, ""startIndexInSegment"": -1, ""value"": ""Unspecified""}, ""Action First-Party"": {""endIndexInSegment"": 66, ""startIndexInSegment"": 49, ""selectedText"": ""through this Site"", ""value"": ""Collect on website""}, ""Personal Information Type"": {""endIndexInSegment"": 25, ""startIndexInSegment"": 0, ""selectedText"": ""Any comments or materials"", ""value"": ""Unspecified""}, ""Choice Type"": {""endIndexInSegment"": -1, ""startIndexInSegment"": -1, ""value"": ""Unspecified""}, ""Identifiability"": {""endIndexInSegment"": -1, ""startIndexInSegment"": -1, ""value"": ""Unspecified""}, ""Does/Does Not"": {""endIndexInSegment"": 203, ""startIndexInSegment"": 155, ""selectedText"": ""shall become the sole property of Caribou Coffee"", ""value"": ""Does""}, ""User Type"": {""endIndexInSegment"": -1, ""startIndexInSegment"": -1, ""value"": ""Unspecified""}, ""Purpose"": {""endIndexInSegment"": 378, ""startIndexInSegment"": 295, ""selectedText"": ""for any and all purposes of its sole choosing, without payment of any compensation."", ""value"": ""Unspecified""}}",6/3/03,https://www.cariboucoffee.com/footer-folder/privacy
C1084,test_category_labeling_highlight_upitt,123,3705,29,Other,"{""Other Type"": {""endIndexInSegment"": 351, ""startIndexInSegment"": 35, ""selectedText"": ""The Site may include links to other sites on the Internet that are owned and operated by vendors and other third parties (the \""External Sites\""). Caribou Coffee is not responsible for the availability of, or the content, products, services, information or materials located on or available through, any External Site."", ""value"": ""Other""}}",6/3/03,https://www.cariboucoffee.com/footer-folder/privacy
C1085,test_category_labeling_highlight_upitt,123,3705,30,Other,"{""Other Type"": {""endIndexInSegment"": 242, ""startIndexInSegment"": 0, ""selectedText"": ""You should contact the site administrator or Webmaster for those External Sites if you have any concerns regarding any matter related to or available from such External Sites, including without limitation, the privacy practices of such sites."", ""value"": ""Privacy contact information""}}",6/3/03,https://www.cariboucoffee.com/footer-folder/privacy
C1086,test_category_labeling_highlight_upitt,123,3705,31,User Choice/Control,"{""Choice Type"": {""endIndexInSegment"": 316, ""startIndexInSegment"": 192, ""selectedText"": ""right to choose not to receive Caribou text messages by simply notifying us of their preference or responding STOP to 65017."", ""value"": ""Opt-out via contacting company""}, ""Choice Scope"": {""endIndexInSegment"": 80, ""startIndexInSegment"": 30, ""selectedText"": ""Caribou will only send our customers text messages"", ""value"": ""First party use""}, ""User Type"": {""endIndexInSegment"": -1, ""startIndexInSegment"": -1, ""value"": ""Unspecified""}, ""Purpose"": {""endIndexInSegment"": 123, ""startIndexInSegment"": 81, ""selectedText"": ""regarding promotional offers or other news"", ""value"": ""Advertising""}, ""Personal Information Type"": {""endIndexInSegment"": 80, ""startIndexInSegment"": 67, ""selectedText"": ""text messages"", ""value"": ""Contact""}}",6/3/03,https://www.cariboucoffee.com/footer-folder/privacy
C1087,test_category_labeling_highlight_upitt,95,3705,31,User Choice/Control,"{""Choice Type"": {""endIndexInSegment"": 171, ""startIndexInSegment"": 124, ""selectedText"": ""if a customer specifically grants us permission"", ""value"": ""Opt-in""}, ""Choice Scope"": {""endIndexInSegment"": 123, ""startIndexInSegment"": 48, ""selectedText"": ""send our customers text messages regarding promotional offers or other news"", ""value"": ""First party use""}, ""User Type"": {""endIndexInSegment"": -1, ""startIndexInSegment"": -1, ""value"": ""Unspecified""}, ""Purpose"": {""endIndexInSegment"": 123, ""startIndexInSegment"": 91, ""selectedText"": ""promotional offers or other news"", ""value"": ""Marketing""}, ""Personal Information Type"": {""endIndexInSegment"": 172, ""startIndexInSegment"": 9, ""selectedText"": ""Cell Phone </strong> Caribou will only send our customers text messages regarding promotional offers or other news if a customer specifically grants us permission."", ""value"": ""Contact""}}",6/3/03,https://www.cariboucoffee.com/footer-folder/privacy
7634,test_category_labeling_highlight_upitt,95,3705,31,User Choice/Control,"{""Choice Type"": {""endIndexInSegment"": 316, ""startIndexInSegment"": 248, ""selectedText"": ""simply notifying us of their preference or responding STOP to 65017."", ""value"": ""Opt-out via contacting company""}, ""Choice Scope"": {""endIndexInSegment"": 123, ""startIndexInSegment"": 48, ""selectedText"": ""send our customers text messages regarding promotional offers or other news"", ""value"": ""First party use""}, ""User Type"": {""endIndexInSegment"": -1, ""startIndexInSegment"": -1, ""value"": ""Unspecified""}, ""Purpose"": {""endIndexInSegment"": 123, ""startIndexInSegment"": 91, ""selectedText"": ""promotional offers or other news"", ""value"": ""Marketing""}, ""Personal Information Type"": {""endIndexInSegment"": 172, ""startIndexInSegment"": 9, ""selectedText"": ""Cell Phone </strong> Caribou will only send our customers text messages regarding promotional offers or other news if a customer specifically grants us permission."", ""value"": ""Contact""}}",6/3/03,https://www.cariboucoffee.com/footer-folder/privacy
C1088,test_category_labeling_highlight_upitt,123,3705,32,Other,"{""Other Type"": {""endIndexInSegment"": 285, ""startIndexInSegment"": 59, ""selectedText"": ""As the term suggests, \""customer identifiable information\"" is information which can be associated with a specific individual or entity, including, for example, a customer's name, address, or telephone number or any preferences."", ""value"": ""Introductory/Generic""}}",6/3/03,https://www.cariboucoffee.com/footer-folder/privacy
C1089,test_category_labeling_highlight_upitt,123,3705,32,Data Security,"{""Security Measure"": {""endIndexInSegment"": 58, ""startIndexInSegment"": 0, ""selectedText"": ""Caribou keeps your cell phone number private at all times."", ""value"": ""Unspecified""}}",6/3/03,https://www.cariboucoffee.com/footer-folder/privacy
8633,test_category_labeling_highlight_upitt,103,3705,32,Third Party Sharing/Collection,"{""Third Party Entity"": {""endIndexInSegment"": -1, ""startIndexInSegment"": -1, ""value"": ""Unspecified""}, ""Choice Scope"": {""endIndexInSegment"": -1, ""startIndexInSegment"": -1, ""value"": ""not-selected""}, ""Purpose"": {""endIndexInSegment"": -1, ""startIndexInSegment"": -1, ""value"": ""Unspecified""}, ""Personal Information Type"": {""endIndexInSegment"": 36, ""startIndexInSegment"": 14, ""selectedText"": ""your cell phone number"", ""value"": ""Contact""}, ""Choice Type"": {""endIndexInSegment"": -1, ""startIndexInSegment"": -1, ""value"": ""not-selected""}, ""Identifiability"": {""endIndexInSegment"": -1, ""startIndexInSegment"": -1, ""value"": ""not-selected""}, ""Does/Does Not"": {""endIndexInSegment"": -1, ""startIndexInSegment"": -1, ""value"": ""Does""}, ""User Type"": {""endIndexInSegment"": -1, ""startIndexInSegment"": -1, ""value"": ""not-selected""}, ""Action Third Party"": {""endIndexInSegment"": 58, ""startIndexInSegment"": 8, ""selectedText"": ""keeps your cell phone number private at all times."", ""value"": ""Receive/Shared with""}}",6/3/03,https://www.cariboucoffee.com/footer-folder/privacy
C1090,test_category_labeling_highlight_upitt,123,3705,33,International and Specific Audiences,"{""Audience Type"": {""endIndexInSegment"": 293, ""startIndexInSegment"": 0, ""selectedText"": ""Caribou does not knowingly, directly or passively, collect information cell phone information from children under the age of 13. If we create offers and products that make it appropriate to collect information from children under the age of 13, we will notify you of the change in this Policy."", ""value"": ""Children""}}",6/3/03,https://www.cariboucoffee.com/footer-folder/privacy
